Leaving...
Hard resetting via RTS pin...
Executing action: monitor
Running idf_monitor in directory /Users/formylife/Documents/airgradient_code/airgradient-firmware/products/go
Executing /Users/formylife/.espressif/python_env/idf5.5_py3.10_env/bin/python /Users/formylife/esp/v5.5.1/esp-idf/tools/idf_monitor.py -p /dev/cu.usbmodem1201 -b 115200 --toolchain-prefix riscv32-esp-elf- --target esp32c5 --revision 100 --decode-panic backtrace /Users/formylife/Documents/airgradient_code/airgradient-firmware/products/go/build/airgradient-go.elf /Users/formylife/Documents/airgradient_code/airgradient-firmware/products/go/build/bootloader/bootloader.elf /Users/formylife/Documents/airgradient_code/airgradient-firmware/products/go/build/esp-idf/main/ulp_wdt/ulp_wdt.elf -m /Users/formylife/.espressif/python_env/idf5.5_py3.10_env/bin/python /Users/formylife/esp/v5.5.1/esp-idf/tools/idf.py -C products/go -p /dev/cu.usbmodem1201...
--- esp-idf-monitor 1.9.0 on /dev/cu.usbmodem1201 115200
--- Quit: Ctrl+] | Menu: Ctrl+T | Help: Ctrl+T followed by Ctrl+H
ESP-ROM:esp32c5-eco2-20250121
Build:Jan 21 2025
rst:0x15 (USB_UART_HPSYS),boot:0x3b (SPI_FAST_FLASH_BOOT)
SPI mode:DIO, clock div:1
load:0x408556b0,len:0x1710
load:0x4084bba0,len:0xd9c
--- 0x4084bba0: esp_bootloader_get_description at /Users/formylife/esp/v5.5.1/esp-idf/components/esp_bootloader_format/esp_bootloader_desc.c:39
load:0x4084e5a0,len:0x3198
--- 0x4084e5a0: esp_flash_encryption_enabled at /Users/formylife/esp/v5.5.1/esp-idf/components/bootloader_support/src/flash_encrypt.c:89
entry 0x4084bbaa
--- 0x4084bbaa: call_start_cpu0 at /Users/formylife/esp/v5.5.1/esp-idf/components/bootloader/subproject/main/bootloader_start.c:25
I (21) boot: ESP-IDF v5.5.1-dirty 2nd stage bootloader
I (21) boot: compile time May 26 2026 07:53:02
I (22) boot: chip revision: v1.0
I (22) boot: efuse block revision: v0.3
I (25) boot.esp32c5: SPI Speed      : 80MHz
I (29) boot.esp32c5: SPI Mode       : DIO
I (33) boot.esp32c5: SPI Flash Size : 4MB
I (36) boot: Enabling RNG early entropy source...
I (41) boot: Partition Table:
I (43) boot: ## Label            Usage          Type ST Offset   Length
I (50) boot:  0 nvs              WiFi data        01 02 00009000 00006000
I (56) boot:  1 phy_init         RF data          01 01 0000f000 00001000
I (63) boot:  2 factory          factory app      00 00 00010000 00177000
I (70) boot: End of partition table
I (73) esp_image: segment 0: paddr=00010020 vaddr=420d0020 size=2b77ch (178044) map
I (108) esp_image: segment 1: paddr=0003b7a4 vaddr=40800000 size=04874h ( 18548) load
I (112) esp_image: segment 2: paddr=00040020 vaddr=42000020 size=c8348h (820040) map
I (239) esp_image: segment 3: paddr=00108370 vaddr=40804874 size=17b28h ( 97064) load
I (258) esp_image: segment 4: paddr=0011fea0 vaddr=4081c400 size=03434h ( 13364) load
I (261) esp_image: segment 5: paddr=001232dc vaddr=50001000 size=006b4h (  1716) load
I (268) boot: Loaded app from partition at offset 0x10000
I (269) boot: Disabling RNG early entropy source...
I (283) MSPI Timing: tuning success, best point is index 4
I (284) MSPI Timing: Flash timing tuning index: 4
I (284) cpu_start: Unicore app
I (296) cpu_start: Pro cpu start user code
I (296) cpu_start: cpu freq: 240000000 Hz
I (296) app_init: Application information:
I (297) app_init: Project name:     airgradient-go
I (301) app_init: App version:      7c13c55-dirty
I (305) app_init: Compile time:     May 26 2026 07:52:52
I (310) app_init: ELF file SHA256:  5903e1f2f...
I (315) app_init: ESP-IDF:          v5.5.1-dirty
I (319) efuse_init: Min chip rev:     v1.0
I (323) efuse_init: Max chip rev:     v1.99 
I (327) efuse_init: Chip rev:         v1.0
I (331) heap_init: Initializing. RAM available for dynamic allocation:
I (337) heap_init: At 40822180 len 0003A420 (233 KiB): RAM
I (342) heap_init: At 4085C5A0 len 00002F58 (11 KiB): RAM
I (347) heap_init: At 500016B4 len 00002934 (10 KiB): RTCRAM
I (353) spi_flash: detected chip: generic
I (356) spi_flash: flash io: dio
I (360) coexist: coex firmware version: b0bcc39
I (364) coexist: coexist rom version 78e5c6e42
I (368) main_task: Started on CPU0
I (368) main_task: Calling app_main()
I (468) app: reset_reason=11 wake_cause=0 rtc_state: mode=0 behavior=1 lock=0 gps=1 tracking=0 session=0 warm=0
I (468) app: Serial number: d0cf13e84800
I (578) board: I2C bus ready
I (678) board: SPI bus ready
I (678) BQ25629: BQ25628 found, Part Info: 0x12
I (678) BQ25629: BQ25629 initialized successfully
I (678) BQ25629: Watchdog timeout set to DISABLED
I (678) BQ25629: Disabling HIZ mode (required for OTG boost)
I (688) BQ25629: HIZ mode disabled
I (698) BQ25629: Enabling temperature sensor (TS) check
I (698) BQ25629: TS check enabled
I (708) BQ25629: Setting VOTG voltage to 5100 mV
I (708) BQ25629: VOTG code: 0x3F, reg_value: 0x0FC0
I (708) BQ25629: VOTG voltage set to 5100 mV
I (718) BQ25629: Disabling bypass OTG mode (direct battery→PMID)
I (718) BQ25629: Bypass OTG mode disabled
I (738) BQ25629Bms: post-init OTG: vbat=2885mV vsys=2893mV vpmid=4966mV vbus=4962mV ibat=16mA
I (738) BQ25629Bms: Initial PMID mode: PassThrough
I (738) BQ25629Bms: BQ25629Bms initialized
I (738) BQ27427: BQ27427 found at 0x55 (DEVICE_TYPE=0x0427)
I (758) board: BQ27427: current Design Capacity = 2000mAh
I (758) board: BQ27427: current FullChargeCapacity = 1925mAh
I (768) BQ27427: Cell config already correct (DC=2000 DE=7400 TermV=3000 SleepI=50) — no change
I (768) board: BQ27427 boot: soc=1% v=2884mV i=18mA t=27.6C
I (788) Lis2dh12: initialised at I²C 0x18 (WHO_AM_I=0x33)
I (788) board: LIS2DH12 sample: x=-33 mg, y=-26 mg, z=983 mg
I (788) Lis2dh12: motion INT1 enabled: threshold 250 mg (15 LSB)
I (798) Lis2dh12: motion-log task started on GPIO3
I (808) Settings: ** settings | meas_int=10 | gps_int=5 gps_mode=1 op_mode=0 | inactivity_to=5 auto_lock=0 | fahrenheit=false usaqi=false | led_brightness=0 back_led_brightness=0 touch_led=0 | admin=false blearn=false chg_cutoff=false chg_curr=500mA sound=tetris | device_name=airgradient-go **
I (818) DPS368: DPS368 found at address 0x77
I (828) DPS368: DPS368 Product ID: 0x10
I (878) DPS368: Calibration: c0=221 c1=-290
I (878) DPS368: Calibration: c00=80974 c10=-53596 c01=-3403
I (878) DPS368: Calibration: c11=1363 c20=-10245 c21=170 c30=-1462
I (878) DPS368: DPS368 initialized successfully
W (888) S12: Probe attempt 1/3 failed: ESP_ERR_NOT_FOUND
W (988) S12: Probe attempt 2/3 failed: ESP_ERR_NOT_FOUND
W (1088) S12: Probe attempt 3/3 failed: ESP_ERR_NOT_FOUND
E (1188) S12: S12 not found at address 0x68
W (1188) board: CO2 sensor: S12 not detected
I (1188) SCD4x: SCD4x found at address 0x62
E (1188) i2c.master: I2C transaction unexpected nack detected
E (1188) i2c.master: s_i2c_synchronous_transaction(945): I2C transaction failed
E (1198) i2c.master: i2c_master_multi_buffer_transmit(1214): I2C transaction failed
W (1208) sensirion_i2c_hal: i2c write failed addr=0x62: ESP_ERR_INVALID_STATE
I (2148) Lis2dh12: MOTION src=0x65  x=+13 mg  y=-3 mg  z=+1016 mg
I (2298) SCD4x: variant: SCD43 (raw=0x5441)
I (2298) SCD4x: serial: 0xB664072DDF3B
I (2298) SCD4x: SCD4x initialized, periodic measurement started
I (2298) board: CO2 sensor: SCD4x selected
I (2298) SHT40: SHT40 found at address 0x44
I (2338) SHT40: SHT40 serial number: 0x0A08DBFE
I (2338) SHT40: SHT40 reset successful
I (2348) SHT40: SHT40 initialized successfully
I (2348) SGP41: SGP41 found at address 0x59
I (2348) SGP41: SGP41 initialized successfully
I (2398) Lis2dh12: MOTION src=0x66  x=+311 mg  y=+19 mg  z=+824 mg
I (2468) SPS30: SPS30 initialized (skip_reset=0)
I (2468) Tca9536: initialised at I²C 0x41
I (2468) board: GPS wake line ready (TCA9536 P0 -> PRTRG)
I (2468) CAP1203: product=0x6D manufacturer=0x5D revision=0x01
I (2478) CAP1203: initialised at 0x28
I (2608) SpiNandStorage: mounted at /nand
I (2608) StorageService: init: NAND mounted at /nand
I (2658) app: Serial number: d0cf13e84800
I (2768) go_display: EPD driver init done
I (4348) Lis2dh12: MOTION src=0x65  x=-509 mg  y=+893 mg  z=-1058 mg
--- Error: read failed: [Errno 6] Device not configured
--- Waiting for the device to reconnect............
I (1170) SPS30: SPS30 initialized (skip_reset=0)
I (1170) Tca9536: initialised at I²C 0x41
I (1170) board: GPS wake line ready (TCA9536 P0 -> PRTRG)
I (1170) CAP1203: product=0x6D manufacturer=0x5D revision=0x01
I (1180) CAP1203: initialised at 0x28
I (1270) SpiNandStorage: mounted at /nand
I (1270) StorageService: init: NAND mounted at /nand
I (1310) app: Serial number: d0cf13e837ec
I (1420) go_display: EPD driver init done
I (3750) SensorProducer: warming up sensors before first measurement
I (3750) SensorManager: warmup: 10 iterations (1000 ms interval)
I (3750) SensorManager: warmup: iteration 1/10
I (3760) AGUART: Success initialize UART
E (3810) gpio: gpio_install_isr_service(530): GPIO isr service already installed
I (3810) AGUART: Success initialize UART
I (3810) Buzzer: init: pin=8 freq=2700Hz duty=50%
I (3810) Led: LP5036: initialised at I²C 0x33
I (3830) GpsDriver: module: sw=3.m6l.05b29ce8 hw=HD8120.9935bec0b
I (3860) Lis2dh12: MOTION src=0x65  x=-17 mg  y=-128 mg  z=+11 mg
I (3890) GpsDriver: cfg_navsat: requested=0x00004037 active=0x00004025
W (3890) GpsDriver: cfg_navsat: active mask differs from requested
I (3910) Lis2dh12: MOTION src=0x65  x=+21 mg  y=+37 mg  z=+776 mg
I (3930) GpsService: GNSS receiver started
I (3960) Lis2dh12: MOTION src=0x65  x=-27 mg  y=+21 mg  z=+57 mg
I (4010) Lis2dh12: MOTION src=0x65  x=-10 mg  y=+26 mg  z=+608 mg
I (4060) Lis2dh12: MOTION src=0x65  x=-23 mg  y=-62 mg  z=+82 mg
I (4110) Lis2dh12: MOTION src=0x65  x=+15 mg  y=+22 mg  z=+326 mg
I (4160) Lis2dh12: MOTION src=0x65  x=+0 mg  y=-21 mg  z=+585 mg
I (4260) Orchestrator: init: wake_cause=0 display_painted=1 measurement_done=0 lock=0
I (4260) PowerService: charge current -> 500 mA
I (4270) PowerService: sync_pmid_mode: PassThrough for power source UnknownAdapter
I (4270) PowerService: BMS  chg=FastCharge en=1 chg_dis=0 src=UnknownAdapter vbus=4.74V ibus=400mA ibat=+492mA vsys=3265mV vpmid=4748mV tdie=26°C
I (4280) PowerService: FG   SOC=13% V=3.231V I=+492mA P=+1590mW rem=282/2235mAh T=24.8°C [FC=0 CHG=1 DSG=0 OCV=1 ITPOR=0 CFGUP=0 BATDET=1] src=FG
I (4290) PowerService: FG-LRN QMAX_UP=1 RES_UP=0 VOK=1 | V=3231mV BELOW-FLAT(<3750:OCV2-zone)
I (4300) BLE_INIT: Using main XTAL as clock source
I (4300) BLE_INIT: ble controller commit:[5b8adfa]
I (4310) BLE_INIT: Bluetooth MAC: d0:cf:13:e8:37:ee
I (4310) phy_init: phy_version 108,cdfe9643,Dec  2 2025,11:38:11
I (4750) SensorManager: warmup: iteration 2/10
I (4880) phy: libbtbb version: 980c3ee, Dec  2 2025, 11:38:24
I (4890) BLE: initialized, advertising as 'AGo-d0cf13e837ec'
I (4890) Orchestrator: run: entering main event loop
I (5740) SensorManager: warmup: iteration 3/10
I (6730) SensorManager: warmup: iteration 4/10
I (7720) SensorManager: warmup: iteration 5/10
I (8710) SensorManager: warmup: iteration 6/10
I (9700) SensorManager: warmup: iteration 7/10
I (10690) SensorManager: warmup: iteration 8/10
I (11680) SensorManager: warmup: iteration 9/10
I (12670) SensorManager: warmup: iteration 10/10
I (13660) SensorProducer: warmup complete
I (13660) SensorManager: gas-index algorithm configured (10 s interval)
I (13660) SensorProducer: gas-index sampler enabled (10000 ms)
I (13690) Orchestrator: sensor_data: temp=25.3 hum=57.6 pm25=1.4 co2=215 tvoc_raw=-1 nox_raw=-1 pres=973.2
I (13700) Orchestrator: display update done
I (15520) PowerService: BMS  chg=FastCharge en=1 chg_dis=0 src=UnknownAdapter vbus=4.76V ibus=400mA ibat=+492mA vsys=3289mV vpmid=4736mV tdie=27°C
I (15520) PowerService: FG   SOC=13% V=3.255V I=+492mA P=+1601mW rem=283/2235mAh T=26.2°C [FC=0 CHG=1 DSG=0 OCV=1 ITPOR=0 CFGUP=0 BATDET=1] src=FG
I (15530) PowerService: FG-LRN QMAX_UP=1 RES_UP=0 VOK=1 | V=3255mV BELOW-FLAT(<3750:OCV2-zone)
I (15550) Orchestrator: sensor_data: temp=25.3 hum=57.6 pm25=1.3 co2=215 tvoc_raw=-1 nox_raw=-1 pres=973.2
I (15560) Orchestrator: display update done
I (16540) Orchestrator: sensor_data: temp=25.3 hum=57.5 pm25=1.2 co2=215 tvoc_raw=-1 nox_raw=-1 pres=973.2
I (16550) Orchestrator: display update done
I (17540) Orchestrator: sensor_data: temp=25.3 hum=57.5 pm25=1.2 co2=217 tvoc_raw=-1 nox_raw=-1 pres=973.2
I (17550) Orchestrator: display update done
I (18540) Orchestrator: sensor_data: temp=25.2 hum=57.4 pm25=1.1 co2=217 tvoc_raw=-1 nox_raw=-1 pres=973.2
I (18550) Orchestrator: display update done
I (19540) Orchestrator: sensor_data: temp=25.3 hum=57.4 pm25=1.0 co2=220 tvoc_raw=-1 nox_raw=-1 pres=973.2
I (19550) Orchestrator: display update done
I (20540) Orchestrator: sensor_data: temp=25.3 hum=57.4 pm25=0.9 co2=220 tvoc_raw=-1 nox_raw=-1 pres=973.2
I (20550) Orchestrator: display update done
I (21540) Orchestrator: sensor_data: temp=25.2 hum=57.4 pm25=0.9 co2=223 tvoc_raw=-1 nox_raw=-1 pres=973.2
I (21550) Orchestrator: display update done
I (22540) Orchestrator: sensor_data: temp=25.3 hum=57.4 pm25=0.9 co2=223 tvoc_raw=-1 nox_raw=-1 pres=-1.0
I (22550) Orchestrator: display update done
I (23540) Orchestrator: sensor_data: temp=25.3 hum=57.4 pm25=0.8 co2=223 tvoc_raw=-1 nox_raw=-1 pres=973.2
I (23550) Orchestrator: display update done
I (24540) Orchestrator: sensor_data: temp=25.3 hum=57.4 pm25=0.8 co2=223 tvoc_raw=27913 nox_raw=17878 pres=973.2
I (24550) Orchestrator: display update done
I (25550) PowerService: BMS  chg=FastCharge en=1 chg_dis=0 src=UnknownAdapter vbus=4.76V ibus=400mA ibat=+492mA vsys=3303mV vpmid=4740mV tdie=27°C
I (25550) PowerService: FG   SOC=13% V=3.270V I=+492mA P=+1609mW rem=285/2235mAh T=26.9°C [FC=0 CHG=1 DSG=0 OCV=1 ITPOR=0 CFGUP=0 BATDET=1] src=FG
I (25560) PowerService: FG-LRN QMAX_UP=1 RES_UP=0 VOK=1 | V=3270mV BELOW-FLAT(<3750:OCV2-zone)
I (25570) Orchestrator: sensor_data: temp=25.2 hum=57.4 pm25=0.8 co2=223 tvoc_raw=27913 nox_raw=17878 pres=973.2
I (25590) Orchestrator: display update done
I (26540) Orchestrator: sensor_data: temp=25.2 hum=57.4 pm25=0.7 co2=223 tvoc_raw=27913 nox_raw=17878 pres=973.2
I (26550) Orchestrator: display update done
I (27540) Orchestrator: sensor_data: temp=25.3 hum=57.5 pm25=0.7 co2=222 tvoc_raw=27913 nox_raw=17878 pres=973.2
I (27550) Orchestrator: display update done
I (28540) Orchestrator: sensor_data: temp=25.3 hum=57.5 pm25=0.7 co2=222 tvoc_raw=27913 nox_raw=17878 pres=973.2
I (28550) Orchestrator: display update done
I (29540) Orchestrator: sensor_data: temp=25.3 hum=57.4 pm25=0.6 co2=223 tvoc_raw=27913 nox_raw=17878 pres=973.2
I (29550) Orchestrator: display update done
I (30540) Orchestrator: sensor_data: temp=25.3 hum=57.4 pm25=0.6 co2=223 tvoc_raw=27913 nox_raw=17878 pres=973.2
I (30550) Orchestrator: display update done
I (31540) Orchestrator: sensor_data: temp=25.3 hum=57.3 pm25=0.6 co2=224 tvoc_raw=27913 nox_raw=17878 pres=973.2
I (31550) Orchestrator: display update done
I (32540) Orchestrator: sensor_data: temp=25.3 hum=57.3 pm25=0.5 co2=224 tvoc_raw=27913 nox_raw=17878 pres=973.2
I (32550) Orchestrator: display update done
I (33540) Orchestrator: sensor_data: temp=25.3 hum=57.3 pm25=0.5 co2=224 tvoc_raw=27913 nox_raw=17878 pres=973.2
I (33550) Orchestrator: display update done
I (34540) Orchestrator: sensor_data: temp=25.2 hum=57.2 pm25=0.5 co2=224 tvoc_raw=28546 nox_raw=17258 pres=973.2
I (34550) Orchestrator: display update done
I (36890) PowerService: BMS  chg=FastCharge en=1 chg_dis=0 src=UnknownAdapter vbus=4.76V ibus=402mA ibat=+492mA vsys=3315mV vpmid=4740mV tdie=28°C
I (36890) PowerService: FG   SOC=13% V=3.283V I=+492mA P=+1615mW rem=286/2236mAh T=27.2°C [FC=0 CHG=1 DSG=0 OCV=1 ITPOR=0 CFGUP=0 BATDET=1] src=FG
I (36910) PowerService: FG-LRN QMAX_UP=1 RES_UP=0 VOK=1 | V=3283mV BELOW-FLAT(<3750:OCV2-zone)
I (36920) Orchestrator: sensor_data: temp=25.2 hum=57.1 pm25=0.5 co2=224 tvoc_raw=28546 nox_raw=17258 pres=973.2
I (36930) Orchestrator: display update done
I (37910) Orchestrator: sensor_data: temp=25.2 hum=57.1 pm25=0.4 co2=225 tvoc_raw=28546 nox_raw=17258 pres=973.2
I (37920) Orchestrator: display update done
I (38910) Orchestrator: sensor_data: temp=25.2 hum=57.1 pm25=0.4 co2=225 tvoc_raw=28546 nox_raw=17258 pres=-1.0
I (38920) Orchestrator: display update done
I (39910) Orchestrator: sensor_data: temp=25.2 hum=57.1 pm25=0.4 co2=225 tvoc_raw=28546 nox_raw=17258 pres=973.2
I (39920) Orchestrator: display update done
I (40910) Orchestrator: sensor_data: temp=25.2 hum=57.2 pm25=0.4 co2=225 tvoc_raw=28546 nox_raw=17258 pres=973.2
I (40920) Orchestrator: display update done
I (41910) Orchestrator: sensor_data: temp=25.2 hum=57.3 pm25=0.4 co2=225 tvoc_raw=28546 nox_raw=17258 pres=973.2
I (41920) Orchestrator: display update done
I (42910) Orchestrator: sensor_data: temp=25.2 hum=57.4 pm25=0.4 co2=225 tvoc_raw=28546 nox_raw=17258 pres=973.2
I (42920) Orchestrator: display update done
I (43910) Orchestrator: sensor_data: temp=25.2 hum=57.5 pm25=0.3 co2=225 tvoc_raw=28950 nox_raw=16971 pres=973.2
I (43920) Orchestrator: display update done
I (44910) Orchestrator: sensor_data: temp=25.2 hum=57.7 pm25=0.3 co2=225 tvoc_raw=28950 nox_raw=16971 pres=973.2
I (44920) Orchestrator: display update done
I (45910) Orchestrator: sensor_data: temp=25.2 hum=57.8 pm25=0.3 co2=225 tvoc_raw=28950 nox_raw=16971 pres=973.2
I (45920) Orchestrator: display update done
I (46910) Orchestrator: sensor_data: temp=25.2 hum=58.1 pm25=0.3 co2=225 tvoc_raw=28950 nox_raw=16971 pres=973.2
I (46920) Orchestrator: display update done
I (46930) PowerService: BMS  chg=FastCharge en=1 chg_dis=0 src=UnknownAdapter vbus=4.78V ibus=404mA ibat=+492mA vsys=3325mV vpmid=4744mV tdie=28°C
I (46930) PowerService: FG   SOC=13% V=3.293V I=+492mA P=+1620mW rem=288/2236mAh T=27.8°C [FC=0 CHG=1 DSG=0 OCV=1 ITPOR=0 CFGUP=0 BATDET=1] src=FG
I (47550) PowerService: FG-LRN QMAX_UP=1 RES_UP=0 VOK=1 | V=3293mV BELOW-FLAT(<3750:OCV2-zone)
I (47910) Orchestrator: sensor_data: temp=25.3 hum=58.2 pm25=0.3 co2=225 tvoc_raw=28950 nox_raw=16971 pres=973.2
I (47920) Orchestrator: display update done
I (48910) Orchestrator: sensor_data: temp=25.3 hum=58.4 pm25=0.3 co2=225 tvoc_raw=28950 nox_raw=16971 pres=973.2
I (48920) Orchestrator: display update done
I (49910) Orchestrator: sensor_data: temp=25.3 hum=58.5 pm25=0.3 co2=225 tvoc_raw=28950 nox_raw=16971 pres=973.2
I (49920) Orchestrator: display update done
I (50910) Orchestrator: sensor_data: temp=25.3 hum=58.4 pm25=0.2 co2=225 tvoc_raw=28950 nox_raw=16971 pres=973.2
I (50920) Orchestrator: display update done
I (51910) Orchestrator: sensor_data: temp=25.3 hum=58.2 pm25=0.2 co2=225 tvoc_raw=28950 nox_raw=16971 pres=973.2
I (51920) Orchestrator: display update done
I (52910) Orchestrator: sensor_data: temp=25.3 hum=57.9 pm25=0.2 co2=225 tvoc_raw=28950 nox_raw=16971 pres=973.2
I (52920) Orchestrator: display update done
I (53910) Orchestrator: sensor_data: temp=25.3 hum=57.8 pm25=0.2 co2=225 tvoc_raw=29246 nox_raw=16788 pres=973.2
I (53920) Orchestrator: display update done
I (54910) Orchestrator: sensor_data: temp=25.3 hum=57.6 pm25=0.2 co2=225 tvoc_raw=29246 nox_raw=16788 pres=973.2
I (54920) Orchestrator: display update done
I (55910) Orchestrator: sensor_data: temp=25.3 hum=57.6 pm25=0.2 co2=226 tvoc_raw=29246 nox_raw=16788 pres=973.2
I (55920) Orchestrator: display update done
I (56910) Orchestrator: sensor_data: temp=25.2 hum=57.5 pm25=0.2 co2=226 tvoc_raw=29246 nox_raw=16788 pres=973.2
I (56920) Orchestrator: display update done
I (59260) PowerService: BMS  chg=FastCharge en=1 chg_dis=0 src=UnknownAdapter vbus=4.76V ibus=404mA ibat=+492mA vsys=3339mV vpmid=4740mV tdie=28°C
I (59260) PowerService: FG   SOC=13% V=3.305V I=+492mA P=+1626mW rem=289/2236mAh T=28.2°C [FC=0 CHG=1 DSG=0 OCV=1 ITPOR=0 CFGUP=0 BATDET=1] src=FG
I (59280) PowerService: FG-LRN QMAX_UP=1 RES_UP=0 VOK=1 | V=3305mV BELOW-FLAT(<3750:OCV2-zone)
I (59290) Orchestrator: sensor_data: temp=25.2 hum=57.0 pm25=0.2 co2=226 tvoc_raw=29246 nox_raw=16788 pres=973.2
I (59300) Orchestrator: display update done
I (60280) Orchestrator: sensor_data: temp=25.2 hum=57.0 pm25=0.2 co2=226 tvoc_raw=29246 nox_raw=16788 pres=973.2
I (60290) Orchestrator: display update done
I (61280) Orchestrator: sensor_data: temp=25.2 hum=57.0 pm25=0.2 co2=226 tvoc_raw=29246 nox_raw=16788 pres=973.2
I (61290) Orchestrator: display update done
I (62280) Orchestrator: sensor_data: temp=25.2 hum=57.0 pm25=0.2 co2=227 tvoc_raw=29246 nox_raw=16788 pres=973.2
I (62290) Orchestrator: display update done
I (63280) Orchestrator: sensor_data: temp=25.2 hum=57.0 pm25=0.2 co2=227 tvoc_raw=29246 nox_raw=16788 pres=973.2
I (63290) Orchestrator: display update done
I (64280) Orchestrator: sensor_data: temp=25.1 hum=57.0 pm25=0.2 co2=227 tvoc_raw=29472 nox_raw=16597 pres=973.2
I (64290) Orchestrator: display update done
I (65320) Orchestrator: sensor_data: temp=25.2 hum=57.0 pm25=0.2 co2=227 tvoc_raw=29472 nox_raw=16597 pres=973.2
I (65330) Orchestrator: display update done
I (66320) Orchestrator: sensor_data: temp=25.2 hum=57.1 pm25=0.2 co2=227 tvoc_raw=29472 nox_raw=16597 pres=973.2
I (66330) Orchestrator: display update done
I (67320) Orchestrator: sensor_data: temp=25.2 hum=57.1 pm25=0.1 co2=227 tvoc_raw=29472 nox_raw=16597 pres=973.2
I (67330) Orchestrator: display update done
I (68320) Orchestrator: sensor_data: temp=25.2 hum=57.1 pm25=0.1 co2=228 tvoc_raw=29472 nox_raw=16597 pres=973.2
I (68330) Orchestrator: display update done
I (69290) PowerService: BMS  chg=FastCharge en=1 chg_dis=0 src=UnknownAdapter vbus=4.77V ibus=404mA ibat=+492mA vsys=3343mV vpmid=4740mV tdie=28°C
I (69290) PowerService: FG   SOC=14% V=3.313V I=+492mA P=+1630mW rem=291/2236mAh T=28.5°C [FC=0 CHG=1 DSG=0 OCV=1 ITPOR=0 CFGUP=0 BATDET=1] src=FG
I (69310) PowerService: FG-LRN QMAX_UP=1 RES_UP=0 VOK=1 | V=3313mV BELOW-FLAT(<3750:OCV2-zone)
I (70350) Orchestrator: sensor_data: temp=25.2 hum=57.2 pm25=0.1 co2=228 tvoc_raw=29472 nox_raw=16597 pres=973.2
I (70360) Orchestrator: display update done
I (72200) Orchestrator: sensor_data: temp=25.2 hum=57.2 pm25=0.1 co2=228 tvoc_raw=29472 nox_raw=16597 pres=973.2
I (72210) Orchestrator: display update done
I (73200) Orchestrator: sensor_data: temp=25.2 hum=57.1 pm25=0.1 co2=228 tvoc_raw=29472 nox_raw=16597 pres=973.2
I (73210) Orchestrator: display update done
I (74200) Orchestrator: sensor_data: temp=25.3 hum=57.1 pm25=0.1 co2=229 tvoc_raw=29663 nox_raw=16489 pres=973.2
I (74210) Orchestrator: display update done
I (75200) Orchestrator: sensor_data: temp=25.3 hum=57.1 pm25=0.1 co2=229 tvoc_raw=29663 nox_raw=16489 pres=973.2
I (75210) Orchestrator: display update done
I (76200) Orchestrator: sensor_data: temp=25.3 hum=57.1 pm25=0.1 co2=229 tvoc_raw=29663 nox_raw=16489 pres=973.2
I (76210) Orchestrator: display update done
I (77200) Orchestrator: sensor_data: temp=25.3 hum=57.1 pm25=0.1 co2=229 tvoc_raw=29663 nox_raw=16489 pres=973.2
I (77210) Orchestrator: display update done
I (78200) Orchestrator: sensor_data: temp=25.3 hum=57.2 pm25=0.1 co2=230 tvoc_raw=29663 nox_raw=16489 pres=973.2
I (78210) Orchestrator: display update done
I (79200) Orchestrator: sensor_data: temp=25.3 hum=57.2 pm25=0.1 co2=230 tvoc_raw=29663 nox_raw=16489 pres=973.2
I (79210) Orchestrator: display update done
I (79840) PowerService: BMS  chg=FastCharge en=1 chg_dis=0 src=UnknownAdapter vbus=4.77V ibus=406mA ibat=+496mA vsys=3355mV vpmid=4736mV tdie=29°C
I (79850) PowerService: FG   SOC=14% V=3.321V I=+492mA P=+1634mW rem=292/2236mAh T=28.7°C [FC=0 CHG=1 DSG=0 OCV=1 ITPOR=0 CFGUP=0 BATDET=1] src=FG
I (79860) PowerService: FG-LRN QMAX_UP=1 RES_UP=0 VOK=1 | V=3321mV BELOW-FLAT(<3750:OCV2-zone)
I (80200) Orchestrator: sensor_data: temp=25.3 hum=57.3 pm25=0.4 co2=230 tvoc_raw=29663 nox_raw=16489 pres=973.2
I (80210) Orchestrator: display update done
I (81200) Orchestrator: sensor_data: temp=25.3 hum=57.3 pm25=1.0 co2=230 tvoc_raw=29663 nox_raw=16489 pres=973.2
I (81210) Orchestrator: display update done
I (83570) Orchestrator: sensor_data: temp=25.3 hum=57.1 pm25=1.4 co2=231 tvoc_raw=29663 nox_raw=16489 pres=973.2
I (83580) Orchestrator: display update done
I (84570) Orchestrator: sensor_data: temp=25.4 hum=57.2 pm25=1.3 co2=231 tvoc_raw=29815 nox_raw=16411 pres=973.2
I (84580) Orchestrator: display update done
I (85570) Orchestrator: sensor_data: temp=25.4 hum=57.3 pm25=1.3 co2=230 tvoc_raw=29815 nox_raw=16411 pres=973.2
I (85580) Orchestrator: display update done
I (86570) Orchestrator: sensor_data: temp=25.4 hum=57.4 pm25=1.2 co2=230 tvoc_raw=29815 nox_raw=16411 pres=973.2
I (86580) Orchestrator: display update done
I (87570) Orchestrator: sensor_data: temp=25.5 hum=57.5 pm25=1.2 co2=231 tvoc_raw=29815 nox_raw=16411 pres=973.2
I (87580) Orchestrator: display update done
I (88570) Orchestrator: sensor_data: temp=25.5 hum=57.6 pm25=1.1 co2=231 tvoc_raw=29815 nox_raw=16411 pres=973.2
I (88580) Orchestrator: display update done
I (89570) Orchestrator: sensor_data: temp=25.5 hum=57.6 pm25=1.1 co2=231 tvoc_raw=29815 nox_raw=16411 pres=973.2
I (89580) Orchestrator: display update done
I (90210) PowerService: BMS  chg=FastCharge en=1 chg_dis=0 src=UnknownAdapter vbus=4.76V ibus=410mA ibat=+496mA vsys=3363mV vpmid=4740mV tdie=29°C
I (90220) PowerService: FG   SOC=14% V=3.329V I=+492mA P=+1638mW rem=294/2237mAh T=28.9°C [FC=0 CHG=1 DSG=0 OCV=1 ITPOR=0 CFGUP=0 BATDET=1] src=FG
I (90230) PowerService: FG-LRN QMAX_UP=1 RES_UP=0 VOK=1 | V=3329mV BELOW-FLAT(<3750:OCV2-zone)
I (90570) Orchestrator: sensor_data: temp=25.5 hum=57.5 pm25=1.0 co2=231 tvoc_raw=29815 nox_raw=16411 pres=973.2
I (90580) Orchestrator: display update done
I (91570) Orchestrator: sensor_data: temp=25.5 hum=57.5 pm25=1.0 co2=231 tvoc_raw=29815 nox_raw=16411 pres=973.2
I (91580) Orchestrator: display update done
I (92570) Orchestrator: sensor_data: temp=25.5 hum=57.4 pm25=1.0 co2=230 tvoc_raw=29815 nox_raw=16411 pres=973.2
I (92580) Orchestrator: display update done
I (93570) Orchestrator: sensor_data: temp=25.5 hum=57.3 pm25=0.9 co2=230 tvoc_raw=29815 nox_raw=16411 pres=973.2
I (93580) Orchestrator: display update done
I (94570) Orchestrator: sensor_data: temp=25.5 hum=57.3 pm25=0.9 co2=230 tvoc_raw=29916 nox_raw=16367 pres=973.2
I (94580) Orchestrator: display update done
I (95570) Orchestrator: sensor_data: temp=25.5 hum=57.1 pm25=0.8 co2=230 tvoc_raw=29916 nox_raw=16367 pres=973.2
I (95580) Orchestrator: display update done
I (96570) Orchestrator: sensor_data: temp=25.5 hum=56.8 pm25=0.8 co2=231 tvoc_raw=29916 nox_raw=16367 pres=973.2
I (96580) Orchestrator: display update done
I (97570) Orchestrator: sensor_data: temp=25.5 hum=56.6 pm25=0.8 co2=231 tvoc_raw=29916 nox_raw=16367 pres=973.2
I (97580) Orchestrator: display update done
I (98570) Orchestrator: sensor_data: temp=25.4 hum=56.5 pm25=0.7 co2=231 tvoc_raw=29916 nox_raw=16367 pres=973.2
I (98580) Orchestrator: display update done
I (99570) Orchestrator: sensor_data: temp=25.5 hum=56.4 pm25=0.7 co2=231 tvoc_raw=29916 nox_raw=16367 pres=973.2
I (99580) Orchestrator: display update done
I (100250) PowerService: BMS  chg=FastCharge en=1 chg_dis=0 src=UnknownAdapter vbus=4.77V ibus=406mA ibat=+496mA vsys=3367mV vpmid=4736mV tdie=29°C
I (100250) PowerService: FG   SOC=14% V=3.336V I=+492mA P=+1641mW rem=295/2237mAh T=29.1°C [FC=0 CHG=1 DSG=0 OCV=1 ITPOR=0 CFGUP=0 BATDET=1] src=FG
I (100260) PowerService: FG-LRN QMAX_UP=1 RES_UP=0 VOK=1 | V=3336mV BELOW-FLAT(<3750:OCV2-zone)
I (100570) Orchestrator: sensor_data: temp=25.5 hum=56.4 pm25=0.7 co2=231 tvoc_raw=29916 nox_raw=16367 pres=973.2
I (100580) Orchestrator: display update done
I (101570) Orchestrator: sensor_data: temp=25.5 hum=56.3 pm25=0.6 co2=231 tvoc_raw=29916 nox_raw=16367 pres=973.2
I (101580) Orchestrator: display update done
I (102570) Orchestrator: sensor_data: temp=25.5 hum=56.2 pm25=0.6 co2=231 tvoc_raw=29916 nox_raw=16367 pres=973.2
I (102580) Orchestrator: display update done
I (103570) Orchestrator: sensor_data: temp=25.5 hum=56.1 pm25=0.6 co2=231 tvoc_raw=29916 nox_raw=16367 pres=973.2
I (103580) Orchestrator: display update done
I (105940) Orchestrator: sensor_data: temp=25.4 hum=56.3 pm25=0.5 co2=232 tvoc_raw=30042 nox_raw=16273 pres=973.2
I (105950) Orchestrator: display update done
I (106940) Orchestrator: sensor_data: temp=25.5 hum=56.4 pm25=0.5 co2=232 tvoc_raw=30042 nox_raw=16273 pres=973.2
I (106950) Orchestrator: display update done
I (107940) Orchestrator: sensor_data: temp=25.5 hum=56.4 pm25=0.5 co2=232 tvoc_raw=30042 nox_raw=16273 pres=973.2
I (107950) Orchestrator: display update done
I (108940) Orchestrator: sensor_data: temp=25.5 hum=56.4 pm25=0.5 co2=232 tvoc_raw=30042 nox_raw=16273 pres=973.2
I (108950) Orchestrator: display update done
I (109940) Orchestrator: sensor_data: temp=25.5 hum=56.4 pm25=0.4 co2=232 tvoc_raw=30042 nox_raw=16273 pres=973.2
I (109950) Orchestrator: display update done
I (110580) PowerService: BMS  chg=FastCharge en=1 chg_dis=0 src=UnknownAdapter vbus=4.77V ibus=412mA ibat=+492mA vsys=3375mV vpmid=4740mV tdie=29°C
I (110590) PowerService: FG   SOC=14% V=3.343V I=+492mA P=+1645mW rem=296/2237mAh T=29.2°C [FC=0 CHG=1 DSG=0 OCV=1 ITPOR=0 CFGUP=0 BATDET=1] src=FG
I (110600) PowerService: FG-LRN QMAX_UP=1 RES_UP=0 VOK=1 | V=3343mV BELOW-FLAT(<3750:OCV2-zone)
I (110940) Orchestrator: sensor_data: temp=25.5 hum=56.3 pm25=0.4 co2=232 tvoc_raw=30042 nox_raw=16273 pres=973.2
I (110950) Orchestrator: display update done
I (111940) Orchestrator: sensor_data: temp=25.5 hum=56.2 pm25=0.4 co2=232 tvoc_raw=30042 nox_raw=16273 pres=973.2
I (111950) Orchestrator: display update done
I (112940) Orchestrator: sensor_data: temp=25.5 hum=56.2 pm25=0.4 co2=232 tvoc_raw=30042 nox_raw=16273 pres=973.2
I (112950) Orchestrator: display update done
I (113940) Orchestrator: sensor_data: temp=25.5 hum=56.2 pm25=0.4 co2=232 tvoc_raw=30136 nox_raw=16246 pres=973.2
I (113950) Orchestrator: display update done
I (114940) Orchestrator: sensor_data: temp=25.5 hum=56.2 pm25=0.4 co2=232 tvoc_raw=30136 nox_raw=16246 pres=973.2
I (114950) Orchestrator: display update done
I (115940) Orchestrator: sensor_data: temp=25.5 hum=56.2 pm25=0.4 co2=232 tvoc_raw=30136 nox_raw=16246 pres=973.2
I (115950) Orchestrator: display update done
I (116940) Orchestrator: sensor_data: temp=25.5 hum=56.3 pm25=0.4 co2=232 tvoc_raw=30136 nox_raw=16246 pres=973.2
I (116950) Orchestrator: display update done
I (117940) Orchestrator: sensor_data: temp=25.5 hum=56.3 pm25=0.4 co2=233 tvoc_raw=30136 nox_raw=16246 pres=973.2
I (117950) Orchestrator: display update done
I (118940) Orchestrator: sensor_data: temp=25.5 hum=56.4 pm25=0.4 co2=233 tvoc_raw=30136 nox_raw=16246 pres=973.2
I (118950) Orchestrator: display update done
I (119940) Orchestrator: sensor_data: temp=25.5 hum=56.5 pm25=0.3 co2=232 tvoc_raw=30136 nox_raw=16246 pres=973.2
I (119950) Orchestrator: display update done
I (120620) PowerService: BMS  chg=FastCharge en=1 chg_dis=0 src=UnknownAdapter vbus=4.76V ibus=412mA ibat=+496mA vsys=3381mV vpmid=4740mV tdie=30°C
I (120620) PowerService: FG   SOC=14% V=3.350V I=+492mA P=+1648mW rem=298/2237mAh T=29.2°C [FC=0 CHG=1 DSG=0 OCV=1 ITPOR=0 CFGUP=0 BATDET=1] src=FG
I (120630) PowerService: FG-LRN QMAX_UP=1 RES_UP=0 VOK=1 | V=3350mV BELOW-FLAT(<3750:OCV2-zone)
I (120940) Orchestrator: sensor_data: temp=25.5 hum=56.5 pm25=0.3 co2=232 tvoc_raw=30136 nox_raw=16246 pres=973.2
I (120950) Orchestrator: display update done
I (121940) Orchestrator: sensor_data: temp=25.5 hum=56.6 pm25=0.3 co2=232 tvoc_raw=30136 nox_raw=16246 pres=973.2
I (121950) Orchestrator: display update done
I (122940) Orchestrator: sensor_data: temp=25.6 hum=56.7 pm25=0.3 co2=232 tvoc_raw=30136 nox_raw=16246 pres=973.2
I (122950) Orchestrator: display update done
I (123940) Orchestrator: sensor_data: temp=25.6 hum=56.7 pm25=0.3 co2=232 tvoc_raw=30204 nox_raw=16230 pres=-1.0
I (123950) Orchestrator: display update done
I (124940) Orchestrator: sensor_data: temp=25.6 hum=56.8 pm25=0.3 co2=232 tvoc_raw=30204 nox_raw=16230 pres=973.2
I (124950) Orchestrator: display update done
I (125940) Orchestrator: sensor_data: temp=25.6 hum=56.8 pm25=0.3 co2=232 tvoc_raw=30204 nox_raw=16230 pres=973.2
I (125950) Orchestrator: display update done
I (128310) Orchestrator: sensor_data: temp=25.7 hum=56.8 pm25=0.2 co2=232 tvoc_raw=30204 nox_raw=16230 pres=973.2
I (128320) Orchestrator: display update done
I (129310) Orchestrator: sensor_data: temp=25.7 hum=56.6 pm25=0.2 co2=232 tvoc_raw=30204 nox_raw=16230 pres=973.2
I (129320) Orchestrator: display update done
I (130310) Orchestrator: sensor_data: temp=25.7 hum=56.4 pm25=0.2 co2=233 tvoc_raw=30204 nox_raw=16230 pres=973.2
I (130320) Orchestrator: display update done
I (130950) PowerService: BMS  chg=FastCharge en=1 chg_dis=0 src=UnknownAdapter vbus=4.76V ibus=412mA ibat=+496mA vsys=3388mV vpmid=4736mV tdie=30°C
I (130960) PowerService: FG   SOC=14% V=3.356V I=+492mA P=+1651mW rem=299/2237mAh T=29.4°C [FC=0 CHG=1 DSG=0 OCV=1 ITPOR=0 CFGUP=0 BATDET=1] src=FG
I (130970) PowerService: FG-LRN QMAX_UP=1 RES_UP=0 VOK=1 | V=3356mV BELOW-FLAT(<3750:OCV2-zone)
I (131310) Orchestrator: sensor_data: temp=25.7 hum=56.2 pm25=0.2 co2=233 tvoc_raw=30204 nox_raw=16230 pres=973.2
I (131320) Orchestrator: display update done
I (132310) Orchestrator: sensor_data: temp=25.6 hum=56.0 pm25=0.2 co2=233 tvoc_raw=30204 nox_raw=16230 pres=973.2
I (132320) Orchestrator: display update done
I (133310) Orchestrator: sensor_data: temp=25.6 hum=55.9 pm25=0.2 co2=233 tvoc_raw=30204 nox_raw=16230 pres=973.2
I (133320) Orchestrator: display update done
I (134310) Orchestrator: sensor_data: temp=25.6 hum=55.8 pm25=0.2 co2=233 tvoc_raw=30269 nox_raw=16172 pres=973.2
I (134320) Orchestrator: display update done
I (135310) Orchestrator: sensor_data: temp=25.6 hum=55.8 pm25=0.2 co2=233 tvoc_raw=30269 nox_raw=16172 pres=973.2
I (135320) Orchestrator: display update done
I (136310) Orchestrator: sensor_data: temp=25.6 hum=55.8 pm25=0.2 co2=233 tvoc_raw=30269 nox_raw=16172 pres=973.2
I (136320) Orchestrator: display update done
I (137310) Orchestrator: sensor_data: temp=25.6 hum=55.9 pm25=0.2 co2=233 tvoc_raw=30269 nox_raw=16172 pres=973.2
I (137320) Orchestrator: display update done
I (138310) Orchestrator: sensor_data: temp=25.6 hum=56.1 pm25=0.2 co2=233 tvoc_raw=30269 nox_raw=16172 pres=973.2
I (138320) Orchestrator: display update done
I (139310) Orchestrator: sensor_data: temp=25.7 hum=56.1 pm25=0.2 co2=233 tvoc_raw=30269 nox_raw=16172 pres=-1.0
I (139320) Orchestrator: display update done
I (140310) Orchestrator: sensor_data: temp=25.6 hum=56.0 pm25=0.2 co2=233 tvoc_raw=30269 nox_raw=16172 pres=973.2
I (140320) Orchestrator: display update done
I (140990) PowerService: BMS  chg=FastCharge en=1 chg_dis=0 src=UnknownAdapter vbus=4.76V ibus=412mA ibat=+496mA vsys=3394mV vpmid=4736mV tdie=30°C
I (140990) PowerService: FG   SOC=14% V=3.362V I=+492mA P=+1654mW rem=301/2237mAh T=29.5°C [FC=0 CHG=1 DSG=0 OCV=1 ITPOR=0 CFGUP=0 BATDET=1] src=FG
I (141000) PowerService: FG-LRN QMAX_UP=1 RES_UP=0 VOK=1 | V=3362mV BELOW-FLAT(<3750:OCV2-zone)
I (141310) Orchestrator: sensor_data: temp=25.6 hum=55.8 pm25=0.2 co2=233 tvoc_raw=30269 nox_raw=16172 pres=973.2
I (141320) Orchestrator: display update done
I (142310) Orchestrator: sensor_data: temp=25.6 hum=55.8 pm25=0.2 co2=234 tvoc_raw=30269 nox_raw=16172 pres=973.2
I (142320) Orchestrator: display update done
I (143310) Orchestrator: sensor_data: temp=25.6 hum=55.7 pm25=0.2 co2=234 tvoc_raw=30269 nox_raw=16172 pres=973.2
I (143320) Orchestrator: display update done
I (144310) Orchestrator: sensor_data: temp=25.6 hum=55.7 pm25=0.2 co2=234 tvoc_raw=30325 nox_raw=16133 pres=973.2
I (144320) Orchestrator: display update done
I (145310) Orchestrator: sensor_data: temp=25.6 hum=55.7 pm25=0.2 co2=234 tvoc_raw=30325 nox_raw=16133 pres=973.2
I (145320) Orchestrator: display update done
I (146310) Orchestrator: sensor_data: temp=25.6 hum=55.8 pm25=0.2 co2=235 tvoc_raw=30325 nox_raw=16133 pres=973.2
I (146320) Orchestrator: display update done
E (147020) i2c.master: I2C transaction timeout detected
E (147020) BQ25629: Failed to read register 0x1D: ESP_ERR_INVALID_STATE
E (147020) BQ25629Bms: read_status failed: ESP_ERR_INVALID_STATE
W (147020) PowerService: poll_status: read_status() failed
W (147280) i2c.common: GPIO 7 is not usable, maybe conflict with others
W (147280) i2c.common: GPIO 6 is not usable, maybe conflict with others
I (147310) Orchestrator: sensor_data: temp=25.6 hum=55.7 pm25=0.2 co2=235 tvoc_raw=30325 nox_raw=16133 pres=973.2
I (147320) Orchestrator: display update done
I (148310) Orchestrator: sensor_data: temp=25.6 hum=55.5 pm25=0.2 co2=236 tvoc_raw=30325 nox_raw=16133 pres=973.2
I (148320) Orchestrator: display update done
I (150680) Orchestrator: sensor_data: temp=25.6 hum=55.3 pm25=0.2 co2=237 tvoc_raw=30325 nox_raw=16133 pres=973.2
I (150690) Orchestrator: display update done
I (151320) PowerService: BMS  chg=FastCharge en=1 chg_dis=0 src=UnknownAdapter vbus=4.77V ibus=414mA ibat=+496mA vsys=3398mV vpmid=4740mV tdie=30°C
I (151330) PowerService: FG   SOC=14% V=3.368V I=+492mA P=+1657mW rem=302/2238mAh T=29.4°C [FC=0 CHG=1 DSG=0 OCV=1 ITPOR=0 CFGUP=0 BATDET=1] src=FG
I (151340) PowerService: FG-LRN QMAX_UP=1 RES_UP=0 VOK=1 | V=3368mV BELOW-FLAT(<3750:OCV2-zone)
I (151680) Orchestrator: sensor_data: temp=25.6 hum=55.1 pm25=0.2 co2=237 tvoc_raw=30325 nox_raw=16133 pres=973.2
I (151690) Orchestrator: display update done
I (152680) Orchestrator: sensor_data: temp=25.6 hum=55.1 pm25=0.2 co2=238 tvoc_raw=30325 nox_raw=16133 pres=973.2
I (152690) Orchestrator: display update done
I (153680) Orchestrator: sensor_data: temp=25.6 hum=55.0 pm25=0.2 co2=238 tvoc_raw=30325 nox_raw=16133 pres=973.2
I (153690) Orchestrator: display update done
I (154680) Orchestrator: sensor_data: temp=25.5 hum=55.0 pm25=0.2 co2=239 tvoc_raw=30388 nox_raw=16092 pres=-1.0
I (154690) Orchestrator: display update done
I (155680) Orchestrator: sensor_data: temp=25.5 hum=55.0 pm25=0.2 co2=239 tvoc_raw=30388 nox_raw=16092 pres=973.2
I (155690) Orchestrator: display update done
I (156680) Orchestrator: sensor_data: temp=25.5 hum=55.2 pm25=0.2 co2=239 tvoc_raw=30388 nox_raw=16092 pres=973.2
I (156690) Orchestrator: display update done
I (157680) Orchestrator: sensor_data: temp=25.5 hum=55.3 pm25=0.2 co2=239 tvoc_raw=30388 nox_raw=16092 pres=973.2
I (157690) Orchestrator: display update done
I (158680) Orchestrator: sensor_data: temp=25.5 hum=55.4 pm25=0.2 co2=240 tvoc_raw=30388 nox_raw=16092 pres=973.2
I (158690) Orchestrator: display update done
I (159680) Orchestrator: sensor_data: temp=25.5 hum=55.4 pm25=0.2 co2=240 tvoc_raw=30388 nox_raw=16092 pres=973.2
I (159690) Orchestrator: display update done
I (160680) Orchestrator: sensor_data: temp=25.5 hum=55.5 pm25=0.3 co2=241 tvoc_raw=30388 nox_raw=16092 pres=973.2
I (160690) Orchestrator: display update done
I (161350) PowerService: BMS  chg=FastCharge en=1 chg_dis=0 src=UnknownAdapter vbus=4.76V ibus=414mA ibat=+496mA vsys=3406mV vpmid=4736mV tdie=30°C
I (161360) PowerService: FG   SOC=14% V=3.374V I=+492mA P=+1660mW rem=303/2238mAh T=29.6°C [FC=0 CHG=1 DSG=0 OCV=1 ITPOR=0 CFGUP=0 BATDET=1] src=FG
I (161370) PowerService: FG-LRN QMAX_UP=1 RES_UP=0 VOK=1 | V=3374mV BELOW-FLAT(<3750:OCV2-zone)
I (161680) Orchestrator: sensor_data: temp=25.5 hum=55.5 pm25=0.3 co2=241 tvoc_raw=30388 nox_raw=16092 pres=973.2
I (161690) Orchestrator: display update done
I (162680) Orchestrator: sensor_data: temp=25.5 hum=55.5 pm25=0.3 co2=241 tvoc_raw=30388 nox_raw=16092 pres=973.2
I (162690) Orchestrator: display update done
I (163680) Orchestrator: sensor_data: temp=25.6 hum=55.5 pm25=0.3 co2=241 tvoc_raw=30388 nox_raw=16092 pres=973.2
I (163690) Orchestrator: display update done
I (164680) Orchestrator: sensor_data: temp=25.6 hum=55.5 pm25=0.3 co2=242 tvoc_raw=30415 nox_raw=16099 pres=973.2
I (164690) Orchestrator: display update done
I (165680) Orchestrator: sensor_data: temp=25.7 hum=55.5 pm25=0.3 co2=242 tvoc_raw=30415 nox_raw=16099 pres=973.2
I (165690) Orchestrator: display update done
I (166680) Orchestrator: sensor_data: temp=25.7 hum=55.6 pm25=0.3 co2=242 tvoc_raw=30415 nox_raw=16099 pres=973.2
I (166690) Orchestrator: display update done
I (167680) Orchestrator: sensor_data: temp=25.7 hum=55.7 pm25=0.3 co2=242 tvoc_raw=30415 nox_raw=16099 pres=973.2
I (167690) Orchestrator: display update done
I (168680) Orchestrator: sensor_data: temp=25.7 hum=55.6 pm25=0.3 co2=242 tvoc_raw=30415 nox_raw=16099 pres=973.2
I (168690) Orchestrator: display update done
I (169680) Orchestrator: sensor_data: temp=25.7 hum=55.5 pm25=0.3 co2=242 tvoc_raw=30415 nox_raw=16099 pres=973.2
I (169690) Orchestrator: display update done
I (170680) Orchestrator: sensor_data: temp=25.7 hum=55.3 pm25=0.3 co2=243 tvoc_raw=30415 nox_raw=16099 pres=973.2
I (170690) Orchestrator: display update done
I (173030) PowerService: BMS  chg=FastCharge en=1 chg_dis=0 src=UnknownAdapter vbus=4.76V ibus=416mA ibat=+496mA vsys=3410mV vpmid=4736mV tdie=30°C
I (173030) PowerService: FG   SOC=14% V=3.381V I=+493mA P=+1667mW rem=305/2238mAh T=29.7°C [FC=0 CHG=1 DSG=0 OCV=1 ITPOR=0 CFGUP=0 BATDET=1] src=FG
I (173050) PowerService: FG-LRN QMAX_UP=1 RES_UP=0 VOK=1 | V=3381mV BELOW-FLAT(<3750:OCV2-zone)
I (173060) Orchestrator: sensor_data: temp=25.7 hum=55.0 pm25=0.3 co2=243 tvoc_raw=30415 nox_raw=16099 pres=973.2
I (173070) Orchestrator: display update done
I (174050) Orchestrator: sensor_data: temp=25.7 hum=54.9 pm25=0.3 co2=243 tvoc_raw=30456 nox_raw=16075 pres=973.2
I (174060) Orchestrator: display update done
I (175050) Orchestrator: sensor_data: temp=25.7 hum=54.8 pm25=0.3 co2=244 tvoc_raw=30456 nox_raw=16075 pres=973.2
I (175060) Orchestrator: display update done
I (176050) Orchestrator: sensor_data: temp=25.6 hum=54.8 pm25=0.3 co2=244 tvoc_raw=30456 nox_raw=16075 pres=973.2
I (176060) Orchestrator: display update done
I (177050) Orchestrator: sensor_data: temp=25.6 hum=54.7 pm25=0.3 co2=244 tvoc_raw=30456 nox_raw=16075 pres=973.2
I (177060) Orchestrator: display update done
I (178050) Orchestrator: sensor_data: temp=25.6 hum=54.7 pm25=0.3 co2=244 tvoc_raw=30456 nox_raw=16075 pres=973.2
I (178060) Orchestrator: display update done
I (179050) Orchestrator: sensor_data: temp=25.6 hum=54.8 pm25=0.3 co2=244 tvoc_raw=30456 nox_raw=16075 pres=973.2
I (179060) Orchestrator: display update done
I (180050) Orchestrator: sensor_data: temp=25.6 hum=55.0 pm25=0.3 co2=244 tvoc_raw=30456 nox_raw=16075 pres=973.2
I (180060) Orchestrator: display update done
I (181050) Orchestrator: sensor_data: temp=25.6 hum=55.1 pm25=0.3 co2=244 tvoc_raw=30456 nox_raw=16075 pres=973.2
I (181060) Orchestrator: display update done
I (182050) Orchestrator: sensor_data: temp=25.6 hum=55.2 pm25=0.3 co2=244 tvoc_raw=30456 nox_raw=16075 pres=973.2
I (182060) Orchestrator: display update done
I (183050) Orchestrator: sensor_data: temp=25.6 hum=55.3 pm25=0.3 co2=245 tvoc_raw=30456 nox_raw=16075 pres=973.2
I (183060) Orchestrator: display update done
I (183070) PowerService: BMS  chg=FastCharge en=1 chg_dis=0 src=UnknownAdapter vbus=4.76V ibus=416mA ibat=+496mA vsys=3418mV vpmid=4744mV tdie=30°C
I (183070) PowerService: FG   SOC=14% V=3.386V I=+493mA P=+1669mW rem=306/2238mAh T=29.8°C [FC=0 CHG=1 DSG=0 OCV=1 ITPOR=0 CFGUP=0 BATDET=1] src=FG
I (183690) PowerService: FG-LRN QMAX_UP=1 RES_UP=0 VOK=1 | V=3386mV BELOW-FLAT(<3750:OCV2-zone)
I (184050) Orchestrator: sensor_data: temp=25.6 hum=55.4 pm25=0.3 co2=245 tvoc_raw=30482 nox_raw=16065 pres=973.2
I (184060) Orchestrator: display update done
I (185050) Orchestrator: sensor_data: temp=25.6 hum=55.3 pm25=0.3 co2=245 tvoc_raw=30482 nox_raw=16065 pres=973.2
I (185060) Orchestrator: display update done
I (186050) Orchestrator: sensor_data: temp=25.6 hum=55.2 pm25=0.2 co2=245 tvoc_raw=30482 nox_raw=16065 pres=973.2
I (186060) Orchestrator: display update done
I (187050) Orchestrator: sensor_data: temp=25.6 hum=55.0 pm25=0.2 co2=246 tvoc_raw=30482 nox_raw=16065 pres=973.2
I (187060) Orchestrator: display update done
I (188050) Orchestrator: sensor_data: temp=25.6 hum=54.8 pm25=0.2 co2=246 tvoc_raw=30482 nox_raw=16065 pres=973.2
I (188060) Orchestrator: display update done
I (189050) Orchestrator: sensor_data: temp=25.6 hum=54.6 pm25=0.2 co2=247 tvoc_raw=30482 nox_raw=16065 pres=973.2
I (189060) Orchestrator: display update done
I (190050) Orchestrator: sensor_data: temp=25.6 hum=54.4 pm25=0.2 co2=247 tvoc_raw=30482 nox_raw=16065 pres=973.2
I (190060) Orchestrator: display update done
I (191050) Orchestrator: sensor_data: temp=25.6 hum=54.4 pm25=0.2 co2=247 tvoc_raw=30482 nox_raw=16065 pres=973.2
I (191060) Orchestrator: display update done
I (192050) Orchestrator: sensor_data: temp=25.6 hum=54.4 pm25=0.2 co2=247 tvoc_raw=30482 nox_raw=16065 pres=973.2
I (192060) Orchestrator: display update done
I (193050) Orchestrator: sensor_data: temp=25.6 hum=54.3 pm25=0.2 co2=247 tvoc_raw=30482 nox_raw=16065 pres=973.2
I (193060) Orchestrator: display update done
I (195400) PowerService: BMS  chg=FastCharge en=1 chg_dis=0 src=UnknownAdapter vbus=4.76V ibus=416mA ibat=+496mA vsys=3424mV vpmid=4740mV tdie=30°C
I (195400) PowerService: FG   SOC=14% V=3.392V I=+493mA P=+1672mW rem=308/2238mAh T=29.8°C [FC=0 CHG=1 DSG=0 OCV=1 ITPOR=0 CFGUP=0 BATDET=1] src=FG
I (195420) PowerService: FG-LRN QMAX_UP=1 RES_UP=0 VOK=1 | V=3392mV BELOW-FLAT(<3750:OCV2-zone)
I (195430) Orchestrator: sensor_data: temp=25.6 hum=54.3 pm25=0.1 co2=247 tvoc_raw=30541 nox_raw=16008 pres=973.2
I (195440) Orchestrator: display update done
I (196420) Orchestrator: sensor_data: temp=25.6 hum=54.3 pm25=0.1 co2=247 tvoc_raw=30541 nox_raw=16008 pres=973.2
I (196430) Orchestrator: display update done
I (197420) Orchestrator: sensor_data: temp=25.5 hum=54.4 pm25=0.1 co2=247 tvoc_raw=30541 nox_raw=16008 pres=973.2
I (197430) Orchestrator: display update done
I (198420) Orchestrator: sensor_data: temp=25.6 hum=54.5 pm25=0.1 co2=247 tvoc_raw=30541 nox_raw=16008 pres=973.2
I (198430) Orchestrator: display update done
I (199420) Orchestrator: sensor_data: temp=25.6 hum=54.6 pm25=0.1 co2=247 tvoc_raw=30541 nox_raw=16008 pres=973.2
I (199430) Orchestrator: display update done
I (200420) Orchestrator: sensor_data: temp=25.6 hum=54.7 pm25=0.1 co2=246 tvoc_raw=30541 nox_raw=16008 pres=973.2
I (200430) Orchestrator: display update done
I (201420) Orchestrator: sensor_data: temp=25.6 hum=54.6 pm25=0.1 co2=246 tvoc_raw=30541 nox_raw=16008 pres=973.2
I (201430) Orchestrator: display update done
I (202420) Orchestrator: sensor_data: temp=25.6 hum=54.7 pm25=0.1 co2=246 tvoc_raw=30541 nox_raw=16008 pres=973.2
I (202430) Orchestrator: display update done
I (203420) Orchestrator: sensor_data: temp=25.6 hum=54.8 pm25=0.1 co2=246 tvoc_raw=30541 nox_raw=16008 pres=973.2
I (203430) Orchestrator: display update done
I (204420) Orchestrator: sensor_data: temp=25.7 hum=54.9 pm25=0.2 co2=246 tvoc_raw=30563 nox_raw=16025 pres=973.2
I (204430) Orchestrator: display update done
I (205420) Orchestrator: sensor_data: temp=25.7 hum=55.0 pm25=0.2 co2=246 tvoc_raw=30563 nox_raw=16025 pres=973.2
I (205430) Orchestrator: display update done
I (205440) PowerService: BMS  chg=FastCharge en=1 chg_dis=0 src=UnknownAdapter vbus=4.76V ibus=416mA ibat=+496mA vsys=3428mV vpmid=4744mV tdie=30°C
I (205440) PowerService: FG   SOC=14% V=3.397V I=+493mA P=+1675mW rem=309/2239mAh T=29.8°C [FC=0 CHG=1 DSG=0 OCV=1 ITPOR=0 CFGUP=0 BATDET=1] src=FG
I (206060) PowerService: FG-LRN QMAX_UP=1 RES_UP=0 VOK=1 | V=3397mV BELOW-FLAT(<3750:OCV2-zone)
I (206420) Orchestrator: sensor_data: temp=25.7 hum=55.1 pm25=0.2 co2=246 tvoc_raw=30563 nox_raw=16025 pres=973.2
I (206430) Orchestrator: display update done
I (207420) Orchestrator: sensor_data: temp=25.7 hum=54.9 pm25=0.2 co2=246 tvoc_raw=30563 nox_raw=16025 pres=973.2
I (207430) Orchestrator: display update done
I (208420) Orchestrator: sensor_data: temp=25.7 hum=54.8 pm25=0.2 co2=246 tvoc_raw=30563 nox_raw=16025 pres=973.2
I (208430) Orchestrator: display update done
I (209420) Orchestrator: sensor_data: temp=25.7 hum=54.5 pm25=0.2 co2=245 tvoc_raw=30563 nox_raw=16025 pres=973.2
I (209430) Orchestrator: display update done
I (210420) Orchestrator: sensor_data: temp=25.6 hum=54.4 pm25=0.2 co2=245 tvoc_raw=30563 nox_raw=16025 pres=973.2
I (210430) Orchestrator: display update done
I (211420) Orchestrator: sensor_data: temp=25.6 hum=54.3 pm25=0.2 co2=245 tvoc_raw=30563 nox_raw=16025 pres=973.2
I (211430) Orchestrator: display update done
I (212420) Orchestrator: sensor_data: temp=25.6 hum=54.0 pm25=0.2 co2=245 tvoc_raw=30563 nox_raw=16025 pres=973.2
I (212430) Orchestrator: display update done
I (213420) Orchestrator: sensor_data: temp=25.6 hum=53.9 pm25=0.3 co2=244 tvoc_raw=30563 nox_raw=16025 pres=973.2
I (213430) Orchestrator: display update done
I (214420) Orchestrator: sensor_data: temp=25.6 hum=53.9 pm25=0.3 co2=244 tvoc_raw=30587 nox_raw=15979 pres=973.2
I (214430) Orchestrator: display update done
I (215420) Orchestrator: sensor_data: temp=25.5 hum=53.8 pm25=0.3 co2=244 tvoc_raw=30587 nox_raw=15979 pres=973.2
I (215430) Orchestrator: display update done
I (217770) PowerService: BMS  chg=FastCharge en=1 chg_dis=0 src=UnknownAdapter vbus=4.76V ibus=418mA ibat=+496mA vsys=3434mV vpmid=4740mV tdie=30°C
I (217770) PowerService: FG   SOC=14% V=3.404V I=+493mA P=+1678mW rem=311/2239mAh T=29.9°C [FC=0 CHG=1 DSG=0 OCV=1 ITPOR=0 CFGUP=0 BATDET=1] src=FG
I (217790) PowerService: FG-LRN QMAX_UP=1 RES_UP=0 VOK=1 | V=3404mV BELOW-FLAT(<3750:OCV2-zone)
I (217800) Orchestrator: sensor_data: temp=25.6 hum=54.1 pm25=0.3 co2=244 tvoc_raw=30587 nox_raw=15979 pres=973.2
I (217810) Orchestrator: display update done
I (218790) Orchestrator: sensor_data: temp=25.6 hum=54.0 pm25=0.3 co2=243 tvoc_raw=30587 nox_raw=15979 pres=973.2
I (218800) Orchestrator: display update done
I (219790) Orchestrator: sensor_data: temp=25.5 hum=54.0 pm25=0.3 co2=243 tvoc_raw=30587 nox_raw=15979 pres=973.2
I (219800) Orchestrator: display update done
I (220790) Orchestrator: sensor_data: temp=25.5 hum=53.9 pm25=0.3 co2=242 tvoc_raw=30587 nox_raw=15979 pres=973.2
I (220800) Orchestrator: display update done
I (221790) Orchestrator: sensor_data: temp=25.6 hum=53.9 pm25=0.3 co2=242 tvoc_raw=30587 nox_raw=15979 pres=973.2
I (221800) Orchestrator: display update done
I (222790) Orchestrator: sensor_data: temp=25.5 hum=53.9 pm25=0.3 co2=242 tvoc_raw=30587 nox_raw=15979 pres=973.2
I (222800) Orchestrator: display update done
I (223790) Orchestrator: sensor_data: temp=25.5 hum=54.0 pm25=0.3 co2=242 tvoc_raw=30611 nox_raw=15967 pres=973.2
I (223800) Orchestrator: display update done
I (224790) Orchestrator: sensor_data: temp=25.5 hum=54.1 pm25=0.3 co2=242 tvoc_raw=30611 nox_raw=15967 pres=973.2
I (224800) Orchestrator: display update done
I (225790) Orchestrator: sensor_data: temp=25.5 hum=54.1 pm25=0.3 co2=242 tvoc_raw=30611 nox_raw=15967 pres=973.2
I (225800) Orchestrator: display update done
I (226790) Orchestrator: sensor_data: temp=25.5 hum=54.0 pm25=0.4 co2=242 tvoc_raw=30611 nox_raw=15967 pres=973.2
I (226800) Orchestrator: display update done
I (227790) Orchestrator: sensor_data: temp=25.4 hum=54.0 pm25=0.4 co2=242 tvoc_raw=30611 nox_raw=15967 pres=973.2
I (227800) Orchestrator: display update done
I (227810) PowerService: BMS  chg=FastCharge en=1 chg_dis=0 src=UnknownAdapter vbus=4.77V ibus=418mA ibat=+496mA vsys=3440mV vpmid=4740mV tdie=30°C
I (227810) PowerService: FG   SOC=14% V=3.409V I=+493mA P=+1681mW rem=313/2239mAh T=29.9°C [FC=0 CHG=1 DSG=0 OCV=1 ITPOR=0 CFGUP=0 BATDET=1] src=FG
I (228430) PowerService: FG-LRN QMAX_UP=1 RES_UP=0 VOK=1 | V=3409mV BELOW-FLAT(<3750:OCV2-zone)
I (228790) Orchestrator: sensor_data: temp=25.4 hum=54.0 pm25=0.4 co2=241 tvoc_raw=30611 nox_raw=15967 pres=973.2
I (228800) Orchestrator: display update done
I (229790) Orchestrator: sensor_data: temp=25.4 hum=53.9 pm25=0.4 co2=241 tvoc_raw=30611 nox_raw=15967 pres=973.2
I (229800) Orchestrator: display update done
I (230790) Orchestrator: sensor_data: temp=25.4 hum=54.1 pm25=0.4 co2=241 tvoc_raw=30611 nox_raw=15967 pres=973.2
I (230800) Orchestrator: display update done
I (231790) Orchestrator: sensor_data: temp=25.3 hum=54.2 pm25=0.4 co2=241 tvoc_raw=30611 nox_raw=15967 pres=973.2
I (231800) Orchestrator: display update done
I (232790) Orchestrator: sensor_data: temp=25.3 hum=54.3 pm25=0.4 co2=241 tvoc_raw=30611 nox_raw=15967 pres=973.2
I (232800) Orchestrator: display update done
I (233790) Orchestrator: sensor_data: temp=25.3 hum=54.3 pm25=0.3 co2=241 tvoc_raw=30652 nox_raw=15938 pres=973.2
I (233800) Orchestrator: display update done
I (234790) Orchestrator: sensor_data: temp=25.3 hum=54.3 pm25=0.3 co2=241 tvoc_raw=30652 nox_raw=15938 pres=973.2
I (234800) Orchestrator: display update done
I (235790) Orchestrator: sensor_data: temp=25.3 hum=54.3 pm25=0.3 co2=241 tvoc_raw=30652 nox_raw=15938 pres=973.2
I (235800) Orchestrator: display update done
I (236790) Orchestrator: sensor_data: temp=25.3 hum=54.2 pm25=0.3 co2=240 tvoc_raw=30652 nox_raw=15938 pres=973.2
I (236800) Orchestrator: display update done
I (237790) Orchestrator: sensor_data: temp=25.3 hum=54.2 pm25=0.3 co2=240 tvoc_raw=30652 nox_raw=15938 pres=973.2
I (237800) Orchestrator: display update done
I (240140) PowerService: BMS  chg=FastCharge en=1 chg_dis=0 src=UnknownAdapter vbus=4.76V ibus=418mA ibat=+496mA vsys=3450mV vpmid=4736mV tdie=30°C
I (240140) PowerService: FG   SOC=15% V=3.415V I=+492mA P=+1680mW rem=314/2239mAh T=29.8°C [FC=0 CHG=1 DSG=0 OCV=1 ITPOR=0 CFGUP=0 BATDET=1] src=FG
I (240160) PowerService: FG-LRN QMAX_UP=1 RES_UP=0 VOK=1 | V=3415mV BELOW-FLAT(<3750:OCV2-zone)
I (240170) Orchestrator: sensor_data: temp=25.3 hum=54.3 pm25=0.3 co2=240 tvoc_raw=30652 nox_raw=15938 pres=973.2
I (240180) Orchestrator: display update done
I (242020) Orchestrator: sensor_data: temp=25.3 hum=54.5 pm25=0.3 co2=240 tvoc_raw=30652 nox_raw=15938 pres=973.2
I (242030) Orchestrator: display update done
I (243020) Orchestrator: sensor_data: temp=25.3 hum=54.7 pm25=0.3 co2=240 tvoc_raw=30652 nox_raw=15938 pres=973.2
I (243030) Orchestrator: display update done
I (244020) Orchestrator: sensor_data: temp=25.4 hum=54.8 pm25=0.3 co2=240 tvoc_raw=30660 nox_raw=15942 pres=973.2
I (244030) Orchestrator: display update done
I (245020) Orchestrator: sensor_data: temp=25.4 hum=54.9 pm25=0.3 co2=239 tvoc_raw=30660 nox_raw=15942 pres=973.2
I (245030) Orchestrator: display update done
I (250170) PowerService: BMS  chg=FastCharge en=1 chg_dis=0 src=UnknownAdapter vbus=4.76V ibus=418mA ibat=+496mA vsys=3452mV vpmid=4740mV tdie=30°C
I (250180) PowerService: FG   SOC=15% V=3.419V I=+493mA P=+1686mW rem=316/2239mAh T=29.8°C [FC=0 CHG=1 DSG=0 OCV=1 ITPOR=0 CFGUP=0 BATDET=1] src=FG
I (250190) PowerService: FG-LRN QMAX_UP=1 RES_UP=0 VOK=1 | V=3419mV BELOW-FLAT(<3750:OCV2-zone)
I (250200) Orchestrator: sensor_data: temp=25.4 hum=54.0 pm25=0.2 co2=238 tvoc_raw=30660 nox_raw=15942 pres=973.2
I (250210) Orchestrator: display update done
I (251200) Orchestrator: sensor_data: temp=25.3 hum=53.9 pm25=0.3 co2=237 tvoc_raw=30660 nox_raw=15942 pres=973.2
I (251210) Orchestrator: display update done
I (252200) Orchestrator: sensor_data: temp=25.4 hum=53.9 pm25=0.3 co2=237 tvoc_raw=30660 nox_raw=15942 pres=973.2
I (252210) Orchestrator: display update done
I (253200) Orchestrator: sensor_data: temp=25.4 hum=53.9 pm25=0.4 co2=236 tvoc_raw=30660 nox_raw=15942 pres=973.2
I (253210) Orchestrator: display update done
I (254200) Orchestrator: sensor_data: temp=25.3 hum=53.8 pm25=0.4 co2=236 tvoc_raw=30683 nox_raw=15921 pres=973.2
I (254210) Orchestrator: display update done
I (255200) Orchestrator: sensor_data: temp=25.3 hum=53.8 pm25=0.4 co2=235 tvoc_raw=30683 nox_raw=15921 pres=973.2
I (255210) Orchestrator: display update done
I (256200) Orchestrator: sensor_data: temp=25.3 hum=54.0 pm25=0.4 co2=235 tvoc_raw=30683 nox_raw=15921 pres=973.2
I (256210) Orchestrator: display update done
I (257200) Orchestrator: sensor_data: temp=25.3 hum=54.1 pm25=0.4 co2=235 tvoc_raw=30683 nox_raw=15921 pres=973.2
I (257210) Orchestrator: display update done
I (258200) Orchestrator: sensor_data: temp=25.3 hum=54.1 pm25=0.4 co2=235 tvoc_raw=30683 nox_raw=15921 pres=973.2
I (258210) Orchestrator: display update done
I (259200) Orchestrator: sensor_data: temp=25.3 hum=54.2 pm25=0.4 co2=235 tvoc_raw=30683 nox_raw=15921 pres=973.2
I (259210) Orchestrator: display update done
I (260210) PowerService: BMS  chg=FastCharge en=1 chg_dis=0 src=UnknownAdapter vbus=4.77V ibus=418mA ibat=+496mA vsys=3456mV vpmid=4740mV tdie=30°C
I (260210) PowerService: FG   SOC=15% V=3.424V I=+492mA P=+1685mW rem=317/2240mAh T=29.9°C [FC=0 CHG=1 DSG=0 OCV=1 ITPOR=0 CFGUP=0 BATDET=1] src=FG
I (260220) PowerService: FG-LRN QMAX_UP=1 RES_UP=0 VOK=1 | V=3424mV BELOW-FLAT(<3750:OCV2-zone)
I (260230) Orchestrator: sensor_data: temp=25.3 hum=54.2 pm25=0.4 co2=235 tvoc_raw=30683 nox_raw=15921 pres=-1.0
I (260250) Orchestrator: display update done
I (261200) Orchestrator: sensor_data: temp=25.3 hum=54.2 pm25=0.4 co2=235 tvoc_raw=30683 nox_raw=15921 pres=973.2
I (261210) Orchestrator: display update done
I (262200) Orchestrator: sensor_data: temp=25.3 hum=54.2 pm25=0.4 co2=235 tvoc_raw=30683 nox_raw=15921 pres=973.2
I (262210) Orchestrator: display update done
I (263200) Orchestrator: sensor_data: temp=25.2 hum=54.2 pm25=0.4 co2=235 tvoc_raw=30683 nox_raw=15921 pres=973.2
I (263210) Orchestrator: display update done
I (264200) Orchestrator: sensor_data: temp=25.2 hum=54.1 pm25=0.3 co2=235 tvoc_raw=30703 nox_raw=15912 pres=973.2
I (264210) Orchestrator: display update done
I (265200) Orchestrator: sensor_data: temp=25.2 hum=54.0 pm25=0.3 co2=235 tvoc_raw=30703 nox_raw=15912 pres=973.2
I (265210) Orchestrator: display update done
I (267570) Orchestrator: sensor_data: temp=25.2 hum=53.7 pm25=0.3 co2=235 tvoc_raw=30703 nox_raw=15912 pres=973.2
I (267580) Orchestrator: display update done
I (268570) Orchestrator: sensor_data: temp=25.1 hum=53.7 pm25=0.3 co2=235 tvoc_raw=30703 nox_raw=15912 pres=973.2
I (268580) Orchestrator: display update done
I (269570) Orchestrator: sensor_data: temp=25.1 hum=53.8 pm25=0.3 co2=235 tvoc_raw=30703 nox_raw=15912 pres=973.2
I (269580) Orchestrator: display update done
I (270240) PowerService: BMS  chg=FastCharge en=1 chg_dis=0 src=UnknownAdapter vbus=4.76V ibus=420mA ibat=+496mA vsys=3460mV vpmid=4736mV tdie=30°C
I (270240) PowerService: FG   SOC=15% V=3.428V I=+493mA P=+1690mW rem=318/2240mAh T=29.7°C [FC=0 CHG=1 DSG=0 OCV=1 ITPOR=0 CFGUP=0 BATDET=1] src=FG
I (270260) PowerService: FG-LRN QMAX_UP=1 RES_UP=0 VOK=1 | V=3428mV BELOW-FLAT(<3750:OCV2-zone)
I (270570) Orchestrator: sensor_data: temp=25.1 hum=54.0 pm25=0.3 co2=235 tvoc_raw=30703 nox_raw=15912 pres=973.2
I (270580) Orchestrator: display update done
I (271570) Orchestrator: sensor_data: temp=25.1 hum=54.0 pm25=0.3 co2=235 tvoc_raw=30703 nox_raw=15912 pres=973.2
I (271580) Orchestrator: display update done
I (272570) Orchestrator: sensor_data: temp=25.1 hum=53.9 pm25=0.4 co2=235 tvoc_raw=30703 nox_raw=15912 pres=973.2
I (272580) Orchestrator: display update done
I (273570) Orchestrator: sensor_data: temp=25.2 hum=54.0 pm25=0.4 co2=235 tvoc_raw=30703 nox_raw=15912 pres=973.2
I (273580) Orchestrator: display update done
I (274570) Orchestrator: sensor_data: temp=25.2 hum=54.0 pm25=0.4 co2=235 tvoc_raw=30731 nox_raw=15894 pres=973.2
I (274580) Orchestrator: display update done
I (275570) Orchestrator: sensor_data: temp=25.2 hum=54.1 pm25=0.4 co2=235 tvoc_raw=30731 nox_raw=15894 pres=-1.0
I (275580) Orchestrator: display update done
I (276570) Orchestrator: sensor_data: temp=25.2 hum=54.1 pm25=0.4 co2=235 tvoc_raw=30731 nox_raw=15894 pres=973.2
I (276580) Orchestrator: display update done
I (277570) Orchestrator: sensor_data: temp=25.2 hum=54.2 pm25=0.4 co2=235 tvoc_raw=30731 nox_raw=15894 pres=973.2
I (277580) Orchestrator: display update done
I (278570) Orchestrator: sensor_data: temp=25.2 hum=54.2 pm25=0.4 co2=235 tvoc_raw=30731 nox_raw=15894 pres=973.2
I (278580) Orchestrator: display update done
I (279570) Orchestrator: sensor_data: temp=25.2 hum=54.4 pm25=0.4 co2=235 tvoc_raw=30731 nox_raw=15894 pres=973.2
I (279580) Orchestrator: display update done
I (280270) PowerService: BMS  chg=FastCharge en=1 chg_dis=0 src=UnknownAdapter vbus=4.76V ibus=420mA ibat=+496mA vsys=3464mV vpmid=4736mV tdie=30°C
I (280270) PowerService: FG   SOC=15% V=3.433V I=+493mA P=+1692mW rem=320/2240mAh T=29.8°C [FC=0 CHG=1 DSG=0 OCV=1 ITPOR=0 CFGUP=0 BATDET=1] src=FG
I (280290) PowerService: FG-LRN QMAX_UP=1 RES_UP=0 VOK=1 | V=3433mV BELOW-FLAT(<3750:OCV2-zone)
I (280570) Orchestrator: sensor_data: temp=25.2 hum=54.5 pm25=0.4 co2=235 tvoc_raw=30731 nox_raw=15894 pres=973.2
I (280580) Orchestrator: display update done
I (281570) Orchestrator: sensor_data: temp=25.3 hum=54.8 pm25=0.4 co2=235 tvoc_raw=30731 nox_raw=15894 pres=973.2
I (281580) Orchestrator: display update done
I (282570) Orchestrator: sensor_data: temp=25.3 hum=54.9 pm25=0.4 co2=235 tvoc_raw=30731 nox_raw=15894 pres=973.2
I (282580) Orchestrator: display update done
I (283570) Orchestrator: sensor_data: temp=25.4 hum=54.9 pm25=0.3 co2=234 tvoc_raw=30731 nox_raw=15894 pres=973.2
I (283580) Orchestrator: display update done
I (284570) Orchestrator: sensor_data: temp=25.4 hum=54.9 pm25=0.3 co2=234 tvoc_raw=30744 nox_raw=15942 pres=973.2
I (284580) Orchestrator: display update done
I (285570) Orchestrator: sensor_data: temp=25.4 hum=54.8 pm25=0.3 co2=234 tvoc_raw=30744 nox_raw=15942 pres=973.2
I (285580) Orchestrator: display update done
I (286210) Lis2dh12: MOTION src=0x65  x=+6 mg  y=+26 mg  z=+1039 mg
I (286570) Orchestrator: sensor_data: temp=25.5 hum=54.9 pm25=0.3 co2=234 tvoc_raw=30744 nox_raw=15942 pres=973.2
I (286580) Orchestrator: display update done
I (287570) Orchestrator: sensor_data: temp=25.4 hum=54.6 pm25=0.3 co2=234 tvoc_raw=30744 nox_raw=15942 pres=973.2
I (287580) Orchestrator: display update done
I (289940) Orchestrator: sensor_data: temp=25.4 hum=54.2 pm25=0.2 co2=234 tvoc_raw=30744 nox_raw=15942 pres=973.2
I (289950) Orchestrator: display update done
I (290580) PowerService: BMS  chg=FastCharge en=1 chg_dis=0 src=UnknownAdapter vbus=4.76V ibus=420mA ibat=+496mA vsys=3468mV vpmid=4736mV tdie=30°C
I (290590) PowerService: FG   SOC=15% V=3.437V I=+493mA P=+1694mW rem=321/2240mAh T=29.8°C [FC=0 CHG=1 DSG=0 OCV=1 ITPOR=0 CFGUP=0 BATDET=1] src=FG
I (290600) PowerService: FG-LRN QMAX_UP=1 RES_UP=0 VOK=1 | V=3437mV BELOW-FLAT(<3750:OCV2-zone)
I (290940) Orchestrator: sensor_data: temp=25.4 hum=54.1 pm25=0.2 co2=234 tvoc_raw=30744 nox_raw=15942 pres=973.2
I (290950) Orchestrator: display update done
I (291940) Orchestrator: sensor_data: temp=25.4 hum=54.0 pm25=0.2 co2=234 tvoc_raw=30744 nox_raw=15942 pres=-1.0
I (291950) Orchestrator: display update done
I (292940) Orchestrator: sensor_data: temp=25.4 hum=54.2 pm25=0.2 co2=234 tvoc_raw=30744 nox_raw=15942 pres=973.2
I (292950) Orchestrator: display update done
I (293940) Orchestrator: sensor_data: temp=25.4 hum=54.1 pm25=0.2 co2=234 tvoc_raw=30756 nox_raw=15926 pres=973.2
I (293950) Orchestrator: display update done
I (294940) Orchestrator: sensor_data: temp=25.5 hum=54.0 pm25=0.2 co2=234 tvoc_raw=30756 nox_raw=15926 pres=973.2
I (294950) Orchestrator: display update done
I (295940) Orchestrator: sensor_data: temp=25.5 hum=53.9 pm25=0.2 co2=234 tvoc_raw=30756 nox_raw=15926 pres=973.2
I (295950) Orchestrator: display update done
I (296940) Orchestrator: sensor_data: temp=25.5 hum=53.8 pm25=0.1 co2=234 tvoc_raw=30756 nox_raw=15926 pres=973.2
I (296950) Orchestrator: display update done
I (297940) Orchestrator: sensor_data: temp=25.5 hum=53.9 pm25=0.1 co2=234 tvoc_raw=30756 nox_raw=15926 pres=973.2
I (297950) Orchestrator: display update done
I (298940) Orchestrator: sensor_data: temp=25.5 hum=53.8 pm25=0.1 co2=234 tvoc_raw=30756 nox_raw=15926 pres=973.2
I (298950) Orchestrator: display update done
I (299940) Orchestrator: sensor_data: temp=25.5 hum=53.8 pm25=0.1 co2=234 tvoc_raw=30756 nox_raw=15926 pres=973.2
I (299950) Orchestrator: display update done
I (300620) PowerService: BMS  chg=FastCharge en=1 chg_dis=0 src=UnknownAdapter vbus=4.76V ibus=420mA ibat=+496mA vsys=3470mV vpmid=4740mV tdie=30°C
I (300620) PowerService: FG   SOC=15% V=3.441V I=+493mA P=+1696mW rem=323/2240mAh T=29.9°C [FC=0 CHG=1 DSG=0 OCV=1 ITPOR=0 CFGUP=0 BATDET=1] src=FG
I (300630) PowerService: FG-LRN QMAX_UP=1 RES_UP=0 VOK=1 | V=3441mV BELOW-FLAT(<3750:OCV2-zone)
I (300940) Orchestrator: sensor_data: temp=25.5 hum=53.8 pm25=0.1 co2=234 tvoc_raw=30756 nox_raw=15926 pres=973.2
I (300950) Orchestrator: display update done
I (301940) Orchestrator: sensor_data: temp=25.5 hum=53.6 pm25=0.1 co2=233 tvoc_raw=30756 nox_raw=15926 pres=973.2
I (301950) Orchestrator: display update done
I (302940) Orchestrator: sensor_data: temp=25.5 hum=53.4 pm25=0.1 co2=233 tvoc_raw=30756 nox_raw=15926 pres=973.2
I (302950) Orchestrator: display update done
I (303940) Orchestrator: sensor_data: temp=25.5 hum=53.1 pm25=0.1 co2=234 tvoc_raw=30771 nox_raw=15904 pres=973.2
I (303950) Orchestrator: display update done
I (304940) Orchestrator: sensor_data: temp=25.5 hum=52.9 pm25=0.1 co2=234 tvoc_raw=30771 nox_raw=15904 pres=973.2
I (304950) Orchestrator: display update done
I (305940) Orchestrator: sensor_data: temp=25.5 hum=52.8 pm25=0.1 co2=234 tvoc_raw=30771 nox_raw=15904 pres=973.2
I (305950) Orchestrator: display update done
I (306940) Orchestrator: sensor_data: temp=25.4 hum=52.6 pm25=0.1 co2=234 tvoc_raw=30771 nox_raw=15904 pres=973.2
I (306950) Orchestrator: display update done
I (307940) Orchestrator: sensor_data: temp=25.5 hum=52.6 pm25=0.1 co2=234 tvoc_raw=30771 nox_raw=15904 pres=973.2
I (307950) Orchestrator: display update done
I (308940) Orchestrator: sensor_data: temp=25.5 hum=52.5 pm25=0.1 co2=234 tvoc_raw=30771 nox_raw=15904 pres=973.2
I (308950) Orchestrator: display update done
I (309940) Orchestrator: sensor_data: temp=25.5 hum=52.5 pm25=0.1 co2=234 tvoc_raw=30771 nox_raw=15904 pres=973.2
I (309950) Orchestrator: display update done
I (312290) PowerService: BMS  chg=FastCharge en=1 chg_dis=0 src=UnknownAdapter vbus=4.76V ibus=420mA ibat=+496mA vsys=3478mV vpmid=4736mV tdie=30°C
I (312290) PowerService: FG   SOC=15% V=3.446V I=+492mA P=+1695mW rem=324/2241mAh T=29.7°C [FC=0 CHG=1 DSG=0 OCV=1 ITPOR=0 CFGUP=0 BATDET=1] src=FG
I (312310) PowerService: FG-LRN QMAX_UP=1 RES_UP=0 VOK=1 | V=3446mV BELOW-FLAT(<3750:OCV2-zone)
I (312320) Orchestrator: sensor_data: temp=25.5 hum=52.9 pm25=0.1 co2=234 tvoc_raw=30771 nox_raw=15904 pres=973.2
I (312330) Orchestrator: display update done
I (313310) Orchestrator: sensor_data: temp=25.5 hum=52.9 pm25=0.1 co2=235 tvoc_raw=30771 nox_raw=15904 pres=973.2
I (313320) Orchestrator: display update done
I (314310) Orchestrator: sensor_data: temp=25.5 hum=52.9 pm25=0.1 co2=235 tvoc_raw=30774 nox_raw=15887 pres=973.2
I (314320) Orchestrator: display update done
I (315310) Orchestrator: sensor_data: temp=25.4 hum=52.9 pm25=0.5 co2=235 tvoc_raw=30774 nox_raw=15887 pres=973.2
I (315320) Orchestrator: display update done
I (316310) Orchestrator: sensor_data: temp=25.4 hum=53.0 pm25=0.6 co2=235 tvoc_raw=30774 nox_raw=15887 pres=973.2
I (316320) Orchestrator: display update done
I (317310) Orchestrator: sensor_data: temp=25.4 hum=53.0 pm25=0.8 co2=235 tvoc_raw=30774 nox_raw=15887 pres=973.2
I (317320) Orchestrator: display update done
I (318310) Orchestrator: sensor_data: temp=25.4 hum=52.9 pm25=0.9 co2=235 tvoc_raw=30774 nox_raw=15887 pres=973.2
I (318320) Orchestrator: display update done
I (319310) Orchestrator: sensor_data: temp=25.4 hum=53.0 pm25=1.0 co2=235 tvoc_raw=30774 nox_raw=15887 pres=973.2
I (319320) Orchestrator: display update done
I (320310) Orchestrator: sensor_data: temp=25.4 hum=53.3 pm25=1.0 co2=235 tvoc_raw=30774 nox_raw=15887 pres=973.2
I (320320) Orchestrator: display update done
I (321310) Orchestrator: sensor_data: temp=25.4 hum=53.6 pm25=1.0 co2=236 tvoc_raw=30774 nox_raw=15887 pres=973.2
I (321320) Orchestrator: display update done
I (322310) Orchestrator: sensor_data: temp=25.4 hum=53.6 pm25=1.0 co2=236 tvoc_raw=30774 nox_raw=15887 pres=973.2
I (322320) Orchestrator: display update done
I (322330) PowerService: BMS  chg=FastCharge en=1 chg_dis=0 src=UnknownAdapter vbus=4.77V ibus=420mA ibat=+496mA vsys=3482mV vpmid=4740mV tdie=30°C
I (322330) PowerService: FG   SOC=15% V=3.450V I=+493mA P=+1701mW rem=325/2241mAh T=29.9°C [FC=0 CHG=1 DSG=0 OCV=1 ITPOR=0 CFGUP=0 BATDET=1] src=FG
I (322950) PowerService: FG-LRN QMAX_UP=1 RES_UP=0 VOK=1 | V=3450mV BELOW-FLAT(<3750:OCV2-zone)
I (323310) Orchestrator: sensor_data: temp=25.5 hum=54.2 pm25=0.9 co2=236 tvoc_raw=30774 nox_raw=15887 pres=973.2
I (323320) Orchestrator: display update done
I (324310) Orchestrator: sensor_data: temp=25.5 hum=55.4 pm25=0.9 co2=236 tvoc_raw=30705 nox_raw=15928 pres=973.2
I (324320) Orchestrator: display update done
I (325310) Orchestrator: sensor_data: temp=25.5 hum=56.0 pm25=0.9 co2=253 tvoc_raw=30705 nox_raw=15928 pres=973.2
I (325320) Orchestrator: display update done
I (326310) Orchestrator: sensor_data: temp=25.5 hum=55.5 pm25=0.8 co2=253 tvoc_raw=30705 nox_raw=15928 pres=973.2
I (326320) Orchestrator: display update done
I (327310) Orchestrator: sensor_data: temp=25.5 hum=54.9 pm25=0.8 co2=296 tvoc_raw=30705 nox_raw=15928 pres=973.2
I (327320) Orchestrator: display update done
I (328310) Orchestrator: sensor_data: temp=25.5 hum=54.4 pm25=0.8 co2=296 tvoc_raw=30705 nox_raw=15928 pres=973.2
I (328320) Orchestrator: display update done
I (329310) Orchestrator: sensor_data: temp=25.5 hum=54.0 pm25=0.7 co2=325 tvoc_raw=30705 nox_raw=15928 pres=973.2
I (329320) Orchestrator: display update done
I (330310) Orchestrator: sensor_data: temp=25.4 hum=53.6 pm25=0.7 co2=325 tvoc_raw=30705 nox_raw=15928 pres=973.2
I (330320) Orchestrator: display update done
I (331310) Orchestrator: sensor_data: temp=25.5 hum=53.4 pm25=0.7 co2=342 tvoc_raw=30705 nox_raw=15928 pres=973.2
I (331320) Orchestrator: display update done
I (332310) Orchestrator: sensor_data: temp=25.5 hum=53.3 pm25=0.6 co2=342 tvoc_raw=30705 nox_raw=15928 pres=973.2
I (332320) Orchestrator: display update done
I (334660) PowerService: BMS  chg=FastCharge en=1 chg_dis=0 src=UnknownAdapter vbus=4.76V ibus=420mA ibat=+496mA vsys=3486mV vpmid=4740mV tdie=30°C
I (334660) PowerService: FG   SOC=15% V=3.455V I=+493mA P=+1703mW rem=327/2241mAh T=30.0°C [FC=0 CHG=1 DSG=0 OCV=1 ITPOR=0 CFGUP=0 BATDET=1] src=FG
I (334680) PowerService: FG-LRN QMAX_UP=1 RES_UP=0 VOK=1 | V=3455mV BELOW-FLAT(<3750:OCV2-zone)
I (334690) Orchestrator: sensor_data: temp=25.4 hum=53.0 pm25=0.6 co2=348 tvoc_raw=30762 nox_raw=15889 pres=973.2
I (334700) Orchestrator: display update done
I (335680) Orchestrator: sensor_data: temp=25.4 hum=52.9 pm25=0.6 co2=354 tvoc_raw=30762 nox_raw=15889 pres=973.2
I (335690) Orchestrator: display update done
I (336680) Orchestrator: sensor_data: temp=25.4 hum=52.9 pm25=0.5 co2=354 tvoc_raw=30762 nox_raw=15889 pres=973.2
I (336690) Orchestrator: display update done
I (337680) Orchestrator: sensor_data: temp=25.4 hum=52.9 pm25=0.5 co2=350 tvoc_raw=30762 nox_raw=15889 pres=973.2
I (337690) Orchestrator: display update done
I (338680) Orchestrator: sensor_data: temp=25.4 hum=52.9 pm25=0.5 co2=350 tvoc_raw=30762 nox_raw=15889 pres=973.2
I (338690) Orchestrator: display update done
I (339680) Orchestrator: sensor_data: temp=25.5 hum=52.8 pm25=0.5 co2=351 tvoc_raw=30762 nox_raw=15889 pres=973.2
I (339690) Orchestrator: display update done
I (340680) Orchestrator: sensor_data: temp=25.5 hum=52.8 pm25=0.4 co2=351 tvoc_raw=30762 nox_raw=15889 pres=973.2
I (340690) Orchestrator: display update done
I (341680) Orchestrator: sensor_data: temp=25.5 hum=52.8 pm25=0.4 co2=348 tvoc_raw=30762 nox_raw=15889 pres=973.2
I (341690) Orchestrator: display update done
I (342680) Orchestrator: sensor_data: temp=25.5 hum=52.9 pm25=0.4 co2=348 tvoc_raw=30762 nox_raw=15889 pres=973.2
I (342690) Orchestrator: display update done
I (343680) Orchestrator: sensor_data: temp=25.5 hum=52.9 pm25=0.4 co2=344 tvoc_raw=30762 nox_raw=15889 pres=973.2
I (343690) Orchestrator: display update done
I (344680) Orchestrator: sensor_data: temp=25.5 hum=52.8 pm25=0.4 co2=344 tvoc_raw=30805 nox_raw=15875 pres=973.2
I (344690) Orchestrator: display update done
I (344700) PowerService: BMS  chg=FastCharge en=1 chg_dis=0 src=UnknownAdapter vbus=4.77V ibus=420mA ibat=+496mA vsys=3492mV vpmid=4740mV tdie=30°C
I (344700) PowerService: FG   SOC=15% V=3.459V I=+492mA P=+1702mW rem=329/2241mAh T=29.9°C [FC=0 CHG=1 DSG=0 OCV=1 ITPOR=0 CFGUP=0 BATDET=1] src=FG
I (345320) PowerService: FG-LRN QMAX_UP=1 RES_UP=0 VOK=1 | V=3459mV BELOW-FLAT(<3750:OCV2-zone)
I (345680) Orchestrator: sensor_data: temp=25.5 hum=52.8 pm25=0.4 co2=339 tvoc_raw=30805 nox_raw=15875 pres=973.2
I (345690) Orchestrator: display update done
I (346680) Orchestrator: sensor_data: temp=25.5 hum=52.6 pm25=0.3 co2=339 tvoc_raw=30805 nox_raw=15875 pres=973.2
I (346690) Orchestrator: display update done
I (347680) Orchestrator: sensor_data: temp=25.4 hum=52.7 pm25=0.3 co2=334 tvoc_raw=30805 nox_raw=15875 pres=973.2
I (347690) Orchestrator: display update done
I (348680) Orchestrator: sensor_data: temp=25.4 hum=52.7 pm25=0.3 co2=334 tvoc_raw=30805 nox_raw=15875 pres=973.2
I (348690) Orchestrator: display update done
I (349680) Orchestrator: sensor_data: temp=25.4 hum=52.7 pm25=0.3 co2=328 tvoc_raw=30805 nox_raw=15875 pres=973.2
I (349690) Orchestrator: display update done
I (350680) Orchestrator: sensor_data: temp=25.4 hum=52.7 pm25=0.3 co2=328 tvoc_raw=30805 nox_raw=15875 pres=973.2
I (350690) Orchestrator: display update done
I (351680) Orchestrator: sensor_data: temp=25.4 hum=52.8 pm25=0.3 co2=324 tvoc_raw=30805 nox_raw=15875 pres=973.2
I (351690) Orchestrator: display update done
I (352680) Orchestrator: sensor_data: temp=25.4 hum=52.8 pm25=0.3 co2=324 tvoc_raw=30805 nox_raw=15875 pres=973.2
I (352690) Orchestrator: display update done
I (353680) Orchestrator: sensor_data: temp=25.3 hum=52.7 pm25=0.3 co2=319 tvoc_raw=30805 nox_raw=15875 pres=973.2
I (353690) Orchestrator: display update done
I (354680) Orchestrator: sensor_data: temp=25.3 hum=52.6 pm25=0.3 co2=319 tvoc_raw=30809 nox_raw=15851 pres=973.2
I (354690) Orchestrator: display update done
I (357030) PowerService: BMS  chg=FastCharge en=1 chg_dis=0 src=UnknownAdapter vbus=4.76V ibus=422mA ibat=+496mA vsys=3494mV vpmid=4736mV tdie=30°C
I (357030) PowerService: FG   SOC=15% V=3.464V I=+492mA P=+1704mW rem=330/2241mAh T=29.9°C [FC=0 CHG=1 DSG=0 OCV=1 ITPOR=0 CFGUP=0 BATDET=1] src=FG
I (357050) PowerService: FG-LRN QMAX_UP=1 RES_UP=0 VOK=1 | V=3464mV BELOW-FLAT(<3750:OCV2-zone)
I (357060) Orchestrator: sensor_data: temp=25.3 hum=52.4 pm25=0.2 co2=308 tvoc_raw=30809 nox_raw=15851 pres=973.2
I (357070) Orchestrator: display update done
I (358050) Orchestrator: sensor_data: temp=25.2 hum=52.3 pm25=0.2 co2=299 tvoc_raw=30809 nox_raw=15851 pres=973.2
I (358060) Orchestrator: display update done
I (359050) Orchestrator: sensor_data: temp=25.3 hum=52.3 pm25=0.2 co2=299 tvoc_raw=30809 nox_raw=15851 pres=973.2
I (359060) Orchestrator: display update done
I (360050) Orchestrator: sensor_data: temp=25.3 hum=52.6 pm25=0.2 co2=291 tvoc_raw=30809 nox_raw=15851 pres=973.2
I (360060) Orchestrator: display update done
I (361050) Orchestrator: sensor_data: temp=25.3 hum=53.0 pm25=0.2 co2=291 tvoc_raw=30809 nox_raw=15851 pres=973.2
I (361060) Orchestrator: display update done
I (362050) Orchestrator: sensor_data: temp=25.3 hum=53.3 pm25=0.2 co2=287 tvoc_raw=30809 nox_raw=15851 pres=973.2
I (362060) Orchestrator: display update done
I (363050) Orchestrator: sensor_data: temp=25.4 hum=53.4 pm25=0.1 co2=287 tvoc_raw=30809 nox_raw=15851 pres=973.2
I (363060) Orchestrator: display update done
I (364050) Orchestrator: sensor_data: temp=25.4 hum=53.2 pm25=0.1 co2=283 tvoc_raw=30828 nox_raw=15883 pres=973.2
I (364060) Orchestrator: display update done
I (365050) Orchestrator: sensor_data: temp=25.4 hum=52.9 pm25=0.1 co2=283 tvoc_raw=30828 nox_raw=15883 pres=973.2
I (365060) Orchestrator: display update done
I (366050) Orchestrator: sensor_data: temp=25.4 hum=52.8 pm25=0.1 co2=279 tvoc_raw=30828 nox_raw=15883 pres=973.2
I (366060) Orchestrator: display update done
I (367060) PowerService: BMS  chg=FastCharge en=1 chg_dis=0 src=UnknownAdapter vbus=4.76V ibus=422mA ibat=+496mA vsys=3500mV vpmid=4740mV tdie=30°C
I (367070) PowerService: FG   SOC=15% V=3.468V I=+493mA P=+1710mW rem=332/2242mAh T=29.9°C [FC=0 CHG=1 DSG=0 OCV=1 ITPOR=0 CFGUP=0 BATDET=1] src=FG
I (367080) PowerService: FG-LRN QMAX_UP=1 RES_UP=0 VOK=1 | V=3468mV BELOW-FLAT(<3750:OCV2-zone)
I (367090) Orchestrator: sensor_data: temp=25.3 hum=52.6 pm25=0.1 co2=279 tvoc_raw=30828 nox_raw=15883 pres=973.2
I (367100) Orchestrator: display update done
I (368090) Orchestrator: sensor_data: temp=25.3 hum=52.6 pm25=0.1 co2=275 tvoc_raw=30828 nox_raw=15883 pres=973.2
I (368100) Orchestrator: display update done
I (369090) Orchestrator: sensor_data: temp=25.3 hum=52.6 pm25=0.1 co2=275 tvoc_raw=30828 nox_raw=15883 pres=973.2
I (369100) Orchestrator: display update done
I (370090) Orchestrator: sensor_data: temp=25.2 hum=52.5 pm25=0.1 co2=272 tvoc_raw=30828 nox_raw=15883 pres=973.2
I (370100) Orchestrator: display update done
I (371090) Orchestrator: sensor_data: temp=25.2 hum=52.7 pm25=0.1 co2=272 tvoc_raw=30828 nox_raw=15883 pres=973.2
I (371100) Orchestrator: display update done
I (372090) Orchestrator: sensor_data: temp=25.2 hum=52.7 pm25=0.1 co2=266 tvoc_raw=30828 nox_raw=15883 pres=973.2
I (372100) Orchestrator: display update done
I (373090) Orchestrator: sensor_data: temp=25.2 hum=52.7 pm25=0.1 co2=266 tvoc_raw=30828 nox_raw=15883 pres=973.2
I (373100) Orchestrator: display update done
I (374090) Orchestrator: sensor_data: temp=25.2 hum=52.7 pm25=0.1 co2=262 tvoc_raw=30847 nox_raw=15838 pres=973.2
I (374100) Orchestrator: display update done
I (375090) Orchestrator: sensor_data: temp=25.2 hum=52.7 pm25=0.1 co2=262 tvoc_raw=30847 nox_raw=15838 pres=973.2
I (375100) Orchestrator: display update done
I (376090) Orchestrator: sensor_data: temp=25.3 hum=52.7 pm25=0.1 co2=261 tvoc_raw=30847 nox_raw=15838 pres=973.2
I (376100) Orchestrator: display update done
I (377100) PowerService: BMS  chg=FastCharge en=1 chg_dis=0 src=UnknownAdapter vbus=4.77V ibus=422mA ibat=+496mA vsys=3504mV vpmid=4740mV tdie=30°C
I (377100) PowerService: FG   SOC=15% V=3.471V I=+493mA P=+1711mW rem=333/2242mAh T=30.0°C [FC=0 CHG=1 DSG=0 OCV=1 ITPOR=0 CFGUP=0 BATDET=1] src=FG
I (377110) PowerService: FG-LRN QMAX_UP=1 RES_UP=0 VOK=1 | V=3471mV BELOW-FLAT(<3750:OCV2-zone)
I (377120) Orchestrator: sensor_data: temp=25.3 hum=52.7 pm25=0.1 co2=261 tvoc_raw=30847 nox_raw=15838 pres=973.2
I (377140) Orchestrator: display update done
I (379500) Orchestrator: sensor_data: temp=25.3 hum=52.7 pm25=0.1 co2=257 tvoc_raw=30847 nox_raw=15838 pres=973.2
I (379510) Orchestrator: display update done
I (380500) Orchestrator: sensor_data: temp=25.3 hum=52.8 pm25=0.1 co2=257 tvoc_raw=30847 nox_raw=15838 pres=973.2
I (380510) Orchestrator: display update done
I (381500) Orchestrator: sensor_data: temp=25.4 hum=52.7 pm25=0.1 co2=257 tvoc_raw=30847 nox_raw=15838 pres=973.2
I (381510) Orchestrator: display update done
I (382500) Orchestrator: sensor_data: temp=25.4 hum=52.6 pm25=0.1 co2=257 tvoc_raw=30847 nox_raw=15838 pres=973.2
I (382510) Orchestrator: display update done
I (383500) Orchestrator: sensor_data: temp=25.4 hum=52.5 pm25=0.1 co2=257 tvoc_raw=30847 nox_raw=15838 pres=973.2
I (383510) Orchestrator: display update done
I (384500) Orchestrator: sensor_data: temp=25.3 hum=52.4 pm25=0.1 co2=257 tvoc_raw=30838 nox_raw=15844 pres=973.2
I (384510) Orchestrator: display update done
I (385500) Orchestrator: sensor_data: temp=25.3 hum=52.3 pm25=0.1 co2=257 tvoc_raw=30838 nox_raw=15844 pres=973.2
I (385510) Orchestrator: display update done
I (386500) Orchestrator: sensor_data: temp=25.2 hum=52.2 pm25=0.1 co2=256 tvoc_raw=30838 nox_raw=15844 pres=973.2
I (386510) Orchestrator: display update done
I (387140) PowerService: BMS  chg=FastCharge en=1 chg_dis=0 src=UnknownAdapter vbus=4.76V ibus=424mA ibat=+496mA vsys=3508mV vpmid=4736mV tdie=30°C
I (387150) PowerService: FG   SOC=15% V=3.474V I=+493mA P=+1713mW rem=334/2242mAh T=29.8°C [FC=0 CHG=1 DSG=0 OCV=1 ITPOR=0 CFGUP=0 BATDET=1] src=FG
I (387160) PowerService: FG-LRN QMAX_UP=1 RES_UP=0 VOK=1 | V=3474mV BELOW-FLAT(<3750:OCV2-zone)
I (387500) Orchestrator: sensor_data: temp=25.3 hum=52.2 pm25=0.1 co2=256 tvoc_raw=30838 nox_raw=15844 pres=973.3
I (387510) Orchestrator: display update done
I (388500) Orchestrator: sensor_data: temp=25.3 hum=52.1 pm25=0.1 co2=255 tvoc_raw=30838 nox_raw=15844 pres=973.2
I (388510) Orchestrator: display update done
I (389500) Orchestrator: sensor_data: temp=25.3 hum=52.2 pm25=0.1 co2=255 tvoc_raw=30838 nox_raw=15844 pres=973.2
I (389510) Orchestrator: display update done
I (390500) Orchestrator: sensor_data: temp=25.3 hum=52.3 pm25=0.1 co2=254 tvoc_raw=30838 nox_raw=15844 pres=973.2
I (390510) Orchestrator: display update done
I (391500) Orchestrator: sensor_data: temp=25.3 hum=52.4 pm25=0.1 co2=254 tvoc_raw=30838 nox_raw=15844 pres=973.2
I (391510) Orchestrator: display update done
I (392500) Orchestrator: sensor_data: temp=25.3 hum=52.4 pm25=0.1 co2=253 tvoc_raw=30838 nox_raw=15844 pres=973.2
I (392510) Orchestrator: display update done
I (393500) Orchestrator: sensor_data: temp=25.3 hum=52.3 pm25=0.1 co2=253 tvoc_raw=30838 nox_raw=15844 pres=973.2
I (393510) Orchestrator: display update done
I (394500) Orchestrator: sensor_data: temp=25.3 hum=52.3 pm25=0.1 co2=252 tvoc_raw=30865 nox_raw=15838 pres=973.2
I (394510) Orchestrator: display update done
I (395500) Orchestrator: sensor_data: temp=25.3 hum=52.2 pm25=0.1 co2=252 tvoc_raw=30865 nox_raw=15838 pres=973.2
I (395510) Orchestrator: display update done
I (396500) Orchestrator: sensor_data: temp=25.3 hum=52.2 pm25=0.1 co2=253 tvoc_raw=30865 nox_raw=15838 pres=973.2
I (396510) Orchestrator: display update done
I (397180) PowerService: BMS  chg=FastCharge en=1 chg_dis=0 src=UnknownAdapter vbus=4.76V ibus=424mA ibat=+496mA vsys=3510mV vpmid=4736mV tdie=30°C
I (397180) PowerService: FG   SOC=15% V=3.478V I=+492mA P=+1711mW rem=336/2242mAh T=29.9°C [FC=0 CHG=1 DSG=0 OCV=1 ITPOR=0 CFGUP=0 BATDET=1] src=FG
I (397190) PowerService: FG-LRN QMAX_UP=1 RES_UP=0 VOK=1 | V=3478mV BELOW-FLAT(<3750:OCV2-zone)
I (397500) Orchestrator: sensor_data: temp=25.3 hum=52.3 pm25=0.1 co2=253 tvoc_raw=30865 nox_raw=15838 pres=973.2
I (397510) Orchestrator: display update done
I (398500) Orchestrator: sensor_data: temp=25.4 hum=52.4 pm25=0.1 co2=253 tvoc_raw=30865 nox_raw=15838 pres=-1.0
I (398510) Orchestrator: display update done
I (399500) Orchestrator: sensor_data: temp=25.3 hum=52.5 pm25=0.1 co2=253 tvoc_raw=30865 nox_raw=15838 pres=973.2
I (399510) Orchestrator: display update done
I (401870) Orchestrator: sensor_data: temp=25.5 hum=52.7 pm25=0.1 co2=253 tvoc_raw=30865 nox_raw=15838 pres=973.3
I (401880) Orchestrator: display update done
I (402870) Orchestrator: sensor_data: temp=25.4 hum=52.6 pm25=0.1 co2=253 tvoc_raw=30865 nox_raw=15838 pres=973.3
I (402880) Orchestrator: display update done
I (403870) Orchestrator: sensor_data: temp=25.5 hum=52.5 pm25=0.1 co2=253 tvoc_raw=30858 nox_raw=15855 pres=973.3
I (403880) Orchestrator: display update done
I (404870) Orchestrator: sensor_data: temp=25.5 hum=52.4 pm25=0.1 co2=253 tvoc_raw=30858 nox_raw=15855 pres=973.2
I (404880) Orchestrator: display update done
I (405870) Orchestrator: sensor_data: temp=25.4 hum=52.3 pm25=0.1 co2=253 tvoc_raw=30858 nox_raw=15855 pres=973.2
I (405880) Orchestrator: display update done
I (406870) Orchestrator: sensor_data: temp=25.5 hum=52.3 pm25=0.1 co2=253 tvoc_raw=30858 nox_raw=15855 pres=973.3
I (406880) Orchestrator: display update done
I (407510) PowerService: BMS  chg=FastCharge en=1 chg_dis=0 src=UnknownAdapter vbus=4.76V ibus=424mA ibat=+496mA vsys=3514mV vpmid=4736mV tdie=30°C
I (407520) PowerService: FG   SOC=16% V=3.482V I=+492mA P=+1713mW rem=337/2242mAh T=30.0°C [FC=0 CHG=1 DSG=0 OCV=1 ITPOR=0 CFGUP=0 BATDET=1] src=FG
I (407530) PowerService: FG-LRN QMAX_UP=1 RES_UP=0 VOK=1 | V=3482mV BELOW-FLAT(<3750:OCV2-zone)
I (407870) Orchestrator: sensor_data: temp=25.4 hum=52.3 pm25=0.4 co2=253 tvoc_raw=30858 nox_raw=15855 pres=973.2
I (407880) Orchestrator: display update done
I (409720) Orchestrator: sensor_data: temp=25.4 hum=52.3 pm25=0.5 co2=253 tvoc_raw=30858 nox_raw=15855 pres=973.3
I (409730) Orchestrator: display update done
I (410720) Orchestrator: sensor_data: temp=25.4 hum=52.3 pm25=0.5 co2=253 tvoc_raw=30858 nox_raw=15855 pres=973.3
I (410730) Orchestrator: display update done
I (411720) Orchestrator: sensor_data: temp=25.4 hum=52.2 pm25=0.5 co2=253 tvoc_raw=30858 nox_raw=15855 pres=973.3
I (411730) Orchestrator: display update done
I (412720) Orchestrator: sensor_data: temp=25.4 hum=52.2 pm25=0.5 co2=253 tvoc_raw=30858 nox_raw=15855 pres=973.2
I (412730) Orchestrator: display update done
I (413770) Orchestrator: sensor_data: temp=25.4 hum=52.3 pm25=0.5 co2=253 tvoc_raw=30864 nox_raw=15825 pres=973.3
I (413780) Orchestrator: display update done
I (414720) Orchestrator: sensor_data: temp=25.4 hum=52.2 pm25=0.5 co2=252 tvoc_raw=30864 nox_raw=15825 pres=973.3
I (414730) Orchestrator: display update done
I (415720) Orchestrator: sensor_data: temp=25.4 hum=52.3 pm25=0.5 co2=252 tvoc_raw=30864 nox_raw=15825 pres=973.3
I (415730) Orchestrator: display update done
I (416720) Orchestrator: sensor_data: temp=25.4 hum=52.4 pm25=0.5 co2=252 tvoc_raw=30864 nox_raw=15825 pres=973.3
I (416730) Orchestrator: display update done
I (417550) PowerService: BMS  chg=FastCharge en=1 chg_dis=0 src=UnknownAdapter vbus=4.76V ibus=426mA ibat=+496mA vsys=3518mV vpmid=4740mV tdie=30°C
I (417550) PowerService: FG   SOC=16% V=3.486V I=+493mA P=+1719mW rem=339/2242mAh T=30.0°C [FC=0 CHG=1 DSG=0 OCV=1 ITPOR=0 CFGUP=0 BATDET=1] src=FG
I (417560) PowerService: FG-LRN QMAX_UP=1 RES_UP=0 VOK=1 | V=3486mV BELOW-FLAT(<3750:OCV2-zone)
I (417720) Orchestrator: sensor_data: temp=25.3 hum=52.5 pm25=0.5 co2=252 tvoc_raw=30864 nox_raw=15825 pres=973.3
I (417730) Orchestrator: display update done
I (418720) Orchestrator: sensor_data: temp=25.4 hum=52.4 pm25=0.4 co2=252 tvoc_raw=30864 nox_raw=15825 pres=973.3
I (418730) Orchestrator: display update done
I (419720) Orchestrator: sensor_data: temp=25.3 hum=52.2 pm25=0.4 co2=252 tvoc_raw=30864 nox_raw=15825 pres=973.3
I (419730) Orchestrator: display update done
I (420720) Orchestrator: sensor_data: temp=25.3 hum=52.3 pm25=0.4 co2=253 tvoc_raw=30864 nox_raw=15825 pres=973.3
I (420730) Orchestrator: display update done
I (421720) Orchestrator: sensor_data: temp=25.3 hum=52.2 pm25=0.4 co2=253 tvoc_raw=30864 nox_raw=15825 pres=973.3
I (421730) Orchestrator: display update done
I (422720) Orchestrator: sensor_data: temp=25.3 hum=52.2 pm25=0.4 co2=253 tvoc_raw=30864 nox_raw=15825 pres=973.3
I (422730) Orchestrator: display update done
I (425090) Orchestrator: sensor_data: temp=25.4 hum=51.9 pm25=0.4 co2=252 tvoc_raw=30870 nox_raw=15821 pres=973.3
I (425100) Orchestrator: display update done
I (426090) Orchestrator: sensor_data: temp=25.4 hum=51.8 pm25=0.4 co2=252 tvoc_raw=30870 nox_raw=15821 pres=973.3
I (426100) Orchestrator: display update done
I (427580) PowerService: BMS  chg=FastCharge en=1 chg_dis=0 src=UnknownAdapter vbus=4.77V ibus=426mA ibat=+496mA vsys=3522mV vpmid=4736mV tdie=30°C
I (427580) PowerService: FG   SOC=16% V=3.489V I=+493mA P=+1720mW rem=340/2243mAh T=29.8°C [FC=0 CHG=1 DSG=0 OCV=1 ITPOR=0 CFGUP=0 BATDET=1] src=FG
I (427590) PowerService: FG-LRN QMAX_UP=1 RES_UP=0 VOK=1 | V=3489mV BELOW-FLAT(<3750:OCV2-zone)
I (427600) Orchestrator: sensor_data: temp=25.4 hum=51.6 pm25=0.3 co2=252 tvoc_raw=30870 nox_raw=15821 pres=973.2
I (427620) Orchestrator: display update done
I (428700) Orchestrator: sensor_data: temp=25.5 hum=51.4 pm25=0.3 co2=251 tvoc_raw=30870 nox_raw=15821 pres=973.3
I (428710) Orchestrator: display update done
I (429700) Orchestrator: sensor_data: temp=25.4 hum=51.4 pm25=0.3 co2=251 tvoc_raw=30870 nox_raw=15821 pres=973.3
I (429710) Orchestrator: display update done
I (430600) Orchestrator: sensor_data: temp=25.5 hum=51.4 pm25=0.3 co2=251 tvoc_raw=30870 nox_raw=15821 pres=973.3
I (430610) Orchestrator: display update done
I (431600) Orchestrator: sensor_data: temp=25.5 hum=51.4 pm25=0.3 co2=251 tvoc_raw=30870 nox_raw=15821 pres=973.3
I (431610) Orchestrator: display update done
I (432600) Orchestrator: sensor_data: temp=25.4 hum=51.5 pm25=0.3 co2=251 tvoc_raw=30870 nox_raw=15821 pres=973.3
I (432610) Orchestrator: display update done
I (433600) Orchestrator: sensor_data: temp=25.4 hum=51.5 pm25=0.3 co2=251 tvoc_raw=30870 nox_raw=15821 pres=973.3
I (433610) Orchestrator: display update done
I (434600) Orchestrator: sensor_data: temp=25.3 hum=51.7 pm25=0.3 co2=251 tvoc_raw=30883 nox_raw=15801 pres=973.3
I (434610) Orchestrator: display update done
I (435600) Orchestrator: sensor_data: temp=25.3 hum=51.8 pm25=0.3 co2=251 tvoc_raw=30883 nox_raw=15801 pres=973.3
I (435610) Orchestrator: display update done
I (436600) Orchestrator: sensor_data: temp=25.3 hum=51.9 pm25=0.3 co2=251 tvoc_raw=30883 nox_raw=15801 pres=973.3
I (436610) Orchestrator: display update done
I (437600) Orchestrator: sensor_data: temp=25.3 hum=52.0 pm25=0.3 co2=251 tvoc_raw=30883 nox_raw=15801 pres=973.3
I (437610) Orchestrator: display update done
I (437620) PowerService: BMS  chg=FastCharge en=1 chg_dis=0 src=UnknownAdapter vbus=4.77V ibus=426mA ibat=+496mA vsys=3524mV vpmid=4736mV tdie=30°C
I (437620) PowerService: FG   SOC=16% V=3.492V I=+492mA P=+1718mW rem=341/2243mAh T=29.8°C [FC=0 CHG=1 DSG=0 OCV=1 ITPOR=0 CFGUP=0 BATDET=1] src=FG
I (438240) PowerService: FG-LRN QMAX_UP=1 RES_UP=0 VOK=1 | V=3492mV BELOW-FLAT(<3750:OCV2-zone)
I (438600) Orchestrator: sensor_data: temp=25.4 hum=52.2 pm25=0.3 co2=251 tvoc_raw=30883 nox_raw=15801 pres=973.3
I (438610) Orchestrator: display update done
I (439600) Orchestrator: sensor_data: temp=25.4 hum=52.6 pm25=0.3 co2=251 tvoc_raw=30883 nox_raw=15801 pres=973.3
I (439610) Orchestrator: display update done
I (440600) Orchestrator: sensor_data: temp=25.5 hum=52.9 pm25=0.3 co2=251 tvoc_raw=30883 nox_raw=15801 pres=973.3
I (440610) Orchestrator: display update done
I (441600) Orchestrator: sensor_data: temp=25.5 hum=53.0 pm25=0.3 co2=251 tvoc_raw=30883 nox_raw=15801 pres=973.3
I (441610) Orchestrator: display update done
I (442600) Orchestrator: sensor_data: temp=25.6 hum=53.1 pm25=0.3 co2=251 tvoc_raw=30883 nox_raw=15801 pres=973.3
I (442610) Orchestrator: display update done
I (443600) Orchestrator: sensor_data: temp=25.5 hum=53.1 pm25=0.3 co2=251 tvoc_raw=30883 nox_raw=15801 pres=973.3
I (443610) Orchestrator: display update done
I (444600) Orchestrator: sensor_data: temp=25.5 hum=52.8 pm25=0.3 co2=251 tvoc_raw=30890 nox_raw=15880 pres=-1.0
I (444610) Orchestrator: display update done
I (445600) Orchestrator: sensor_data: temp=25.5 hum=52.5 pm25=0.3 co2=251 tvoc_raw=30890 nox_raw=15880 pres=973.3
I (445610) Orchestrator: display update done
I (447970) Orchestrator: sensor_data: temp=25.5 hum=53.0 pm25=0.2 co2=251 tvoc_raw=30890 nox_raw=15880 pres=973.3
I (447980) Orchestrator: display update done
I (448610) PowerService: BMS  chg=FastCharge en=1 chg_dis=0 src=UnknownAdapter vbus=4.76V ibus=426mA ibat=+496mA vsys=3530mV vpmid=4736mV tdie=30°C
I (448620) PowerService: FG   SOC=16% V=3.496V I=+493mA P=+1724mW rem=343/2243mAh T=29.8°C [FC=0 CHG=1 DSG=0 OCV=1 ITPOR=0 CFGUP=0 BATDET=1] src=FG
I (448630) PowerService: FG-LRN QMAX_UP=1 RES_UP=0 VOK=1 | V=3496mV BELOW-FLAT(<3750:OCV2-zone)
I (448970) Orchestrator: sensor_data: temp=25.5 hum=52.9 pm25=0.2 co2=254 tvoc_raw=30890 nox_raw=15880 pres=973.3
I (448980) Orchestrator: display update done
I (449970) Orchestrator: sensor_data: temp=25.5 hum=52.4 pm25=0.2 co2=254 tvoc_raw=30890 nox_raw=15880 pres=973.3
I (449980) Orchestrator: display update done
I (450970) Orchestrator: sensor_data: temp=25.5 hum=52.0 pm25=0.2 co2=257 tvoc_raw=30890 nox_raw=15880 pres=973.3
I (450980) Orchestrator: display update done
I (451970) Orchestrator: sensor_data: temp=25.5 hum=51.8 pm25=0.2 co2=257 tvoc_raw=30890 nox_raw=15880 pres=973.3
I (451980) Orchestrator: display update done
I (452970) Orchestrator: sensor_data: temp=25.5 hum=51.6 pm25=0.2 co2=260 tvoc_raw=30890 nox_raw=15880 pres=973.3
I (452980) Orchestrator: display update done
I (453970) Orchestrator: sensor_data: temp=25.5 hum=51.5 pm25=0.2 co2=260 tvoc_raw=30873 nox_raw=15813 pres=973.3
I (453980) Orchestrator: display update done
I (454970) Orchestrator: sensor_data: temp=25.5 hum=51.5 pm25=0.2 co2=264 tvoc_raw=30873 nox_raw=15813 pres=973.3
I (454980) Orchestrator: display update done
I (455970) Orchestrator: sensor_data: temp=25.4 hum=51.5 pm25=0.1 co2=264 tvoc_raw=30873 nox_raw=15813 pres=973.3
I (455980) Orchestrator: display update done
I (456970) Orchestrator: sensor_data: temp=25.4 hum=51.6 pm25=0.3 co2=268 tvoc_raw=30873 nox_raw=15813 pres=973.3
I (456980) Orchestrator: display update done
I (457970) Orchestrator: sensor_data: temp=25.4 hum=51.7 pm25=0.3 co2=268 tvoc_raw=30873 nox_raw=15813 pres=973.3
I (457980) Orchestrator: display update done
I (458650) PowerService: BMS  chg=FastCharge en=1 chg_dis=0 src=UnknownAdapter vbus=4.76V ibus=426mA ibat=+496mA vsys=3534mV vpmid=4736mV tdie=30°C
I (458650) PowerService: FG   SOC=16% V=3.499V I=+493mA P=+1725mW rem=344/2243mAh T=29.8°C [FC=0 CHG=1 DSG=0 OCV=1 ITPOR=0 CFGUP=0 BATDET=1] src=FG
I (458660) PowerService: FG-LRN QMAX_UP=1 RES_UP=0 VOK=1 | V=3499mV BELOW-FLAT(<3750:OCV2-zone)
I (458970) Orchestrator: sensor_data: temp=25.4 hum=51.7 pm25=0.3 co2=270 tvoc_raw=30873 nox_raw=15813 pres=973.3
I (458980) Orchestrator: display update done
I (459970) Orchestrator: sensor_data: temp=25.4 hum=51.7 pm25=0.4 co2=270 tvoc_raw=30873 nox_raw=15813 pres=-1.0
I (459980) Orchestrator: display update done
I (460970) Orchestrator: sensor_data: temp=25.3 hum=51.6 pm25=0.4 co2=274 tvoc_raw=30873 nox_raw=15813 pres=973.3
I (460980) Orchestrator: display update done
I (461970) Orchestrator: sensor_data: temp=25.3 hum=51.6 pm25=0.4 co2=274 tvoc_raw=30873 nox_raw=15813 pres=973.3
I (461980) Orchestrator: display update done
I (462970) Orchestrator: sensor_data: temp=25.3 hum=51.7 pm25=0.4 co2=275 tvoc_raw=30873 nox_raw=15813 pres=973.3
I (462980) Orchestrator: display update done
I (463970) Orchestrator: sensor_data: temp=25.3 hum=51.7 pm25=0.3 co2=275 tvoc_raw=30896 nox_raw=15795 pres=973.3
I (463980) Orchestrator: display update done
I (464970) Orchestrator: sensor_data: temp=25.3 hum=51.8 pm25=0.3 co2=276 tvoc_raw=30896 nox_raw=15795 pres=973.3
I (464980) Orchestrator: display update done
I (465970) Orchestrator: sensor_data: temp=25.3 hum=51.8 pm25=0.3 co2=276 tvoc_raw=30896 nox_raw=15795 pres=973.3
I (465980) Orchestrator: display update done
I (466970) Orchestrator: sensor_data: temp=25.3 hum=51.8 pm25=0.3 co2=278 tvoc_raw=30896 nox_raw=15795 pres=973.3
I (466980) Orchestrator: display update done
I (467970) Orchestrator: sensor_data: temp=25.3 hum=51.7 pm25=0.6 co2=278 tvoc_raw=30896 nox_raw=15795 pres=973.3
I (467980) Orchestrator: display update done
I (470320) PowerService: BMS  chg=FastCharge en=1 chg_dis=0 src=UnknownAdapter vbus=4.76V ibus=426mA ibat=+496mA vsys=3536mV vpmid=4736mV tdie=30°C
I (470320) PowerService: FG   SOC=16% V=3.503V I=+493mA P=+1727mW rem=346/2243mAh T=29.7°C [FC=0 CHG=1 DSG=0 OCV=1 ITPOR=0 CFGUP=0 BATDET=1] src=FG
I (470340) PowerService: FG-LRN QMAX_UP=1 RES_UP=0 VOK=1 | V=3503mV BELOW-FLAT(<3750:OCV2-zone)
I (470350) Orchestrator: sensor_data: temp=25.3 hum=51.6 pm25=0.8 co2=279 tvoc_raw=30896 nox_raw=15795 pres=973.3
I (470360) Orchestrator: display update done
I (471340) Orchestrator: sensor_data: temp=25.3 hum=51.6 pm25=0.8 co2=279 tvoc_raw=30896 nox_raw=15795 pres=973.3
I (471350) Orchestrator: display update done
I (472340) Orchestrator: sensor_data: temp=25.3 hum=51.5 pm25=0.8 co2=278 tvoc_raw=30896 nox_raw=15795 pres=973.3
I (472350) Orchestrator: display update done
I (473340) Orchestrator: sensor_data: temp=25.3 hum=51.5 pm25=0.8 co2=278 tvoc_raw=30896 nox_raw=15795 pres=973.3
I (473350) Orchestrator: display update done
I (474340) Orchestrator: sensor_data: temp=25.3 hum=51.6 pm25=0.8 co2=278 tvoc_raw=30909 nox_raw=15785 pres=973.3
I (474350) Orchestrator: display update done
I (475340) Orchestrator: sensor_data: temp=25.3 hum=51.6 pm25=0.8 co2=278 tvoc_raw=30909 nox_raw=15785 pres=973.3
I (475350) Orchestrator: display update done
I (476340) Orchestrator: sensor_data: temp=25.3 hum=51.5 pm25=0.8 co2=278 tvoc_raw=30909 nox_raw=15785 pres=-1.0
I (476350) Orchestrator: display update done
I (477340) Orchestrator: sensor_data: temp=25.4 hum=51.5 pm25=0.8 co2=278 tvoc_raw=30909 nox_raw=15785 pres=973.3
I (477350) Orchestrator: display update done
I (478340) Orchestrator: sensor_data: temp=25.4 hum=51.6 pm25=0.8 co2=278 tvoc_raw=30909 nox_raw=15785 pres=973.3
I (478350) Orchestrator: display update done
I (479340) Orchestrator: sensor_data: temp=25.4 hum=51.8 pm25=0.8 co2=278 tvoc_raw=30909 nox_raw=15785 pres=973.3
I (479350) Orchestrator: display update done
I (480340) Orchestrator: sensor_data: temp=25.4 hum=51.8 pm25=0.7 co2=278 tvoc_raw=30909 nox_raw=15785 pres=973.3
I (480350) Orchestrator: display update done
I (480360) PowerService: BMS  chg=FastCharge en=1 chg_dis=0 src=UnknownAdapter vbus=4.76V ibus=426mA ibat=+496mA vsys=3538mV vpmid=4740mV tdie=30°C
I (480360) PowerService: FG   SOC=16% V=3.507V I=+493mA P=+1729mW rem=347/2244mAh T=29.8°C [FC=0 CHG=1 DSG=0 OCV=1 ITPOR=0 CFGUP=0 BATDET=1] src=FG
I (480980) PowerService: FG-LRN QMAX_UP=1 RES_UP=0 VOK=1 | V=3507mV BELOW-FLAT(<3750:OCV2-zone)
I (481340) Orchestrator: sensor_data: temp=25.4 hum=51.8 pm25=0.7 co2=278 tvoc_raw=30909 nox_raw=15785 pres=973.3
I (481350) Orchestrator: display update done
I (482340) Orchestrator: sensor_data: temp=25.4 hum=51.6 pm25=0.7 co2=278 tvoc_raw=30909 nox_raw=15785 pres=973.3
I (482350) Orchestrator: display update done
I (483340) Orchestrator: sensor_data: temp=25.4 hum=51.6 pm25=0.7 co2=277 tvoc_raw=30909 nox_raw=15785 pres=973.3
I (483350) Orchestrator: display update done
I (484340) Orchestrator: sensor_data: temp=25.3 hum=51.6 pm25=0.6 co2=277 tvoc_raw=30914 nox_raw=15795 pres=973.3
I (484350) Orchestrator: display update done
I (485340) Orchestrator: sensor_data: temp=25.3 hum=51.6 pm25=0.6 co2=277 tvoc_raw=30914 nox_raw=15795 pres=973.3
I (485350) Orchestrator: display update done
I (486340) Orchestrator: sensor_data: temp=25.4 hum=51.5 pm25=0.6 co2=277 tvoc_raw=30914 nox_raw=15795 pres=973.3
I (486350) Orchestrator: display update done
I (488010) Orchestrator: sensor_data: temp=25.4 hum=51.5 pm25=0.5 co2=277 tvoc_raw=30914 nox_raw=15795 pres=973.3
I (488020) Orchestrator: display update done
I (489010) Orchestrator: sensor_data: temp=25.3 hum=51.3 pm25=0.5 co2=276 tvoc_raw=30914 nox_raw=15795 pres=973.3
I (489020) Orchestrator: display update done
I (490010) Orchestrator: sensor_data: temp=25.4 hum=51.3 pm25=0.5 co2=276 tvoc_raw=30914 nox_raw=15795 pres=973.3
I (490020) Orchestrator: display update done
I (490990) PowerService: BMS  chg=FastCharge en=1 chg_dis=0 src=UnknownAdapter vbus=4.77V ibus=426mA ibat=+496mA vsys=3542mV vpmid=4740mV tdie=30°C
I (490990) PowerService: FG   SOC=16% V=3.509V I=+492mA P=+1726mW rem=349/2244mAh T=29.8°C [FC=0 CHG=1 DSG=0 OCV=1 ITPOR=0 CFGUP=0 BATDET=1] src=FG
I (491000) PowerService: FG-LRN QMAX_UP=1 RES_UP=0 VOK=1 | V=3509mV BELOW-FLAT(<3750:OCV2-zone)
I (491010) Orchestrator: sensor_data: temp=25.3 hum=51.3 pm25=0.4 co2=276 tvoc_raw=30914 nox_raw=15795 pres=973.3
I (491030) Orchestrator: display update done
I (493390) Orchestrator: sensor_data: temp=25.4 hum=51.5 pm25=0.4 co2=275 tvoc_raw=30914 nox_raw=15795 pres=973.3
I (493400) Orchestrator: display update done
I (494390) Orchestrator: sensor_data: temp=25.4 hum=51.6 pm25=0.4 co2=275 tvoc_raw=30924 nox_raw=15802 pres=973.3
I (494400) Orchestrator: display update done
I (495390) Orchestrator: sensor_data: temp=25.4 hum=51.5 pm25=0.4 co2=274 tvoc_raw=30924 nox_raw=15802 pres=973.3
I (495400) Orchestrator: display update done
I (496390) Orchestrator: sensor_data: temp=25.4 hum=51.6 pm25=0.3 co2=274 tvoc_raw=30924 nox_raw=15802 pres=973.3
I (496400) Orchestrator: display update done
I (497390) Orchestrator: sensor_data: temp=25.5 hum=51.5 pm25=0.3 co2=273 tvoc_raw=30924 nox_raw=15802 pres=973.3
I (497400) Orchestrator: display update done
I (498390) Orchestrator: sensor_data: temp=25.4 hum=51.4 pm25=0.3 co2=273 tvoc_raw=30924 nox_raw=15802 pres=973.3
I (498400) Orchestrator: display update done
I (499390) Orchestrator: sensor_data: temp=25.4 hum=51.4 pm25=0.3 co2=272 tvoc_raw=30924 nox_raw=15802 pres=973.3
I (499400) Orchestrator: display update done
I (500390) Orchestrator: sensor_data: temp=25.4 hum=51.3 pm25=0.3 co2=272 tvoc_raw=30924 nox_raw=15802 pres=973.3
I (500400) Orchestrator: display update done
I (501030) PowerService: BMS  chg=FastCharge en=1 chg_dis=0 src=UnknownAdapter vbus=4.76V ibus=428mA ibat=+496mA vsys=3546mV vpmid=4736mV tdie=30°C
I (501040) PowerService: FG   SOC=16% V=3.513V I=+493mA P=+1732mW rem=350/2244mAh T=29.8°C [FC=0 CHG=1 DSG=0 OCV=1 ITPOR=0 CFGUP=0 BATDET=1] src=FG
I (501050) PowerService: FG-LRN QMAX_UP=1 RES_UP=0 VOK=1 | V=3513mV BELOW-FLAT(<3750:OCV2-zone)
I (501390) Orchestrator: sensor_data: temp=25.4 hum=51.2 pm25=0.3 co2=271 tvoc_raw=30924 nox_raw=15802 pres=973.3
I (501400) Orchestrator: display update done
I (502390) Orchestrator: sensor_data: temp=25.4 hum=51.1 pm25=0.3 co2=271 tvoc_raw=30924 nox_raw=15802 pres=973.3
I (502400) Orchestrator: display update done
I (503390) Orchestrator: sensor_data: temp=25.4 hum=51.0 pm25=0.3 co2=270 tvoc_raw=30924 nox_raw=15802 pres=973.3
I (503400) Orchestrator: display update done
I (504390) Orchestrator: sensor_data: temp=25.4 hum=50.8 pm25=0.3 co2=270 tvoc_raw=30933 nox_raw=15780 pres=973.3
I (504400) Orchestrator: display update done
I (505390) Orchestrator: sensor_data: temp=25.3 hum=50.6 pm25=0.3 co2=269 tvoc_raw=30933 nox_raw=15780 pres=973.3
I (505400) Orchestrator: display update done
I (506390) Orchestrator: sensor_data: temp=25.3 hum=50.7 pm25=0.3 co2=269 tvoc_raw=30933 nox_raw=15780 pres=973.3
I (506400) Orchestrator: display update done
I (507390) Orchestrator: sensor_data: temp=25.3 hum=50.8 pm25=0.3 co2=268 tvoc_raw=30933 nox_raw=15780 pres=973.3
I (507400) Orchestrator: display update done
I (508390) Orchestrator: sensor_data: temp=25.3 hum=50.9 pm25=0.3 co2=268 tvoc_raw=30933 nox_raw=15780 pres=973.3
I (508400) Orchestrator: display update done
I (509390) Orchestrator: sensor_data: temp=25.4 hum=51.0 pm25=0.3 co2=267 tvoc_raw=30933 nox_raw=15780 pres=973.3
I (509400) Orchestrator: display update done
I (510390) Orchestrator: sensor_data: temp=25.3 hum=50.9 pm25=0.3 co2=267 tvoc_raw=30933 nox_raw=15780 pres=973.2
I (510400) Orchestrator: display update done
I (511070) PowerService: BMS  chg=FastCharge en=1 chg_dis=0 src=UnknownAdapter vbus=4.76V ibus=428mA ibat=+496mA vsys=3548mV vpmid=4736mV tdie=30°C
I (511070) PowerService: FG   SOC=16% V=3.516V I=+492mA P=+1730mW rem=351/2244mAh T=29.8°C [FC=0 CHG=1 DSG=0 OCV=1 ITPOR=0 CFGUP=0 BATDET=1] src=FG
I (511080) PowerService: FG-LRN QMAX_UP=1 RES_UP=0 VOK=1 | V=3516mV BELOW-FLAT(<3750:OCV2-zone)
I (511390) Orchestrator: sensor_data: temp=25.3 hum=50.8 pm25=0.3 co2=267 tvoc_raw=30933 nox_raw=15780 pres=973.3
I (511400) Orchestrator: display update done
I (512390) Orchestrator: sensor_data: temp=25.3 hum=50.8 pm25=0.3 co2=267 tvoc_raw=30933 nox_raw=15780 pres=973.3
I (512400) Orchestrator: display update done
I (513390) Orchestrator: sensor_data: temp=25.3 hum=51.0 pm25=0.3 co2=266 tvoc_raw=30933 nox_raw=15780 pres=973.3
I (513400) Orchestrator: display update done
I (515760) Orchestrator: sensor_data: temp=25.3 hum=51.1 pm25=0.3 co2=266 tvoc_raw=30938 nox_raw=15775 pres=973.3
I (515770) Orchestrator: display update done
I (516760) Orchestrator: sensor_data: temp=25.3 hum=51.4 pm25=0.3 co2=265 tvoc_raw=30938 nox_raw=15775 pres=973.3
I (516770) Orchestrator: display update done
I (517760) Orchestrator: sensor_data: temp=25.4 hum=51.5 pm25=0.3 co2=265 tvoc_raw=30938 nox_raw=15775 pres=973.3
I (517770) Orchestrator: display update done
I (518760) Orchestrator: sensor_data: temp=25.4 hum=51.7 pm25=0.2 co2=264 tvoc_raw=30938 nox_raw=15775 pres=973.3
I (518770) Orchestrator: display update done
I (519760) Orchestrator: sensor_data: temp=25.4 hum=51.8 pm25=0.2 co2=264 tvoc_raw=30938 nox_raw=15775 pres=973.3
I (519770) Orchestrator: display update done
I (520760) Orchestrator: sensor_data: temp=25.4 hum=51.8 pm25=0.2 co2=263 tvoc_raw=30938 nox_raw=15775 pres=973.3
I (520770) Orchestrator: display update done
I (521400) PowerService: BMS  chg=FastCharge en=1 chg_dis=0 src=UnknownAdapter vbus=4.76V ibus=428mA ibat=+496mA vsys=3550mV vpmid=4736mV tdie=30°C
I (521410) PowerService: FG   SOC=16% V=3.519V I=+493mA P=+1735mW rem=353/2244mAh T=29.9°C [FC=0 CHG=1 DSG=0 OCV=1 ITPOR=0 CFGUP=0 BATDET=1] src=FG
I (521420) PowerService: FG-LRN QMAX_UP=1 RES_UP=0 VOK=1 | V=3519mV BELOW-FLAT(<3750:OCV2-zone)
I (521760) Orchestrator: sensor_data: temp=25.4 hum=51.6 pm25=0.2 co2=263 tvoc_raw=30938 nox_raw=15775 pres=973.3
I (521770) Orchestrator: display update done
I (522760) Orchestrator: sensor_data: temp=25.5 hum=51.5 pm25=0.2 co2=263 tvoc_raw=30938 nox_raw=15775 pres=973.3
I (522770) Orchestrator: display update done
I (523770) Orchestrator: sensor_data: temp=25.4 hum=51.2 pm25=0.2 co2=263 tvoc_raw=30931 nox_raw=15805 pres=973.3
I (523780) Orchestrator: display update done
I (524760) Orchestrator: sensor_data: temp=25.3 hum=51.0 pm25=0.2 co2=263 tvoc_raw=30931 nox_raw=15805 pres=973.3
I (524770) Orchestrator: display update done
I (525760) Orchestrator: sensor_data: temp=25.3 hum=50.9 pm25=0.2 co2=263 tvoc_raw=30931 nox_raw=15805 pres=973.3
I (525770) Orchestrator: display update done
I (526760) Orchestrator: sensor_data: temp=25.3 hum=50.9 pm25=0.2 co2=263 tvoc_raw=30931 nox_raw=15805 pres=973.3
I (526770) Orchestrator: display update done
I (527760) Orchestrator: sensor_data: temp=25.3 hum=51.0 pm25=0.2 co2=263 tvoc_raw=30931 nox_raw=15805 pres=973.3
I (527770) Orchestrator: display update done
I (528760) Orchestrator: sensor_data: temp=25.3 hum=51.1 pm25=0.2 co2=262 tvoc_raw=30931 nox_raw=15805 pres=973.3
I (528770) Orchestrator: display update done
I (529760) Orchestrator: sensor_data: temp=25.4 hum=51.1 pm25=0.2 co2=262 tvoc_raw=30931 nox_raw=15805 pres=973.3
I (529770) Orchestrator: display update done
I (530760) Orchestrator: sensor_data: temp=25.4 hum=51.2 pm25=0.1 co2=262 tvoc_raw=30931 nox_raw=15805 pres=973.3
I (530770) Orchestrator: display update done
I (531440) PowerService: BMS  chg=FastCharge en=1 chg_dis=0 src=UnknownAdapter vbus=4.76V ibus=428mA ibat=+496mA vsys=3554mV vpmid=4736mV tdie=30°C
I (531440) PowerService: FG   SOC=16% V=3.522V I=+493mA P=+1736mW rem=354/2245mAh T=29.9°C [FC=0 CHG=1 DSG=0 OCV=1 ITPOR=0 CFGUP=0 BATDET=1] src=FG
I (531450) PowerService: FG-LRN QMAX_UP=1 RES_UP=0 VOK=1 | V=3522mV BELOW-FLAT(<3750:OCV2-zone)
I (531760) Orchestrator: sensor_data: temp=25.4 hum=51.2 pm25=0.1 co2=262 tvoc_raw=30931 nox_raw=15805 pres=973.3
I (531770) Orchestrator: display update done
I (532760) Orchestrator: sensor_data: temp=25.4 hum=51.0 pm25=0.1 co2=262 tvoc_raw=30931 nox_raw=15805 pres=973.3
I (532770) Orchestrator: display update done
I (533770) Orchestrator: sensor_data: temp=25.3 hum=50.8 pm25=0.1 co2=262 tvoc_raw=30937 nox_raw=15776 pres=973.3
I (533780) Orchestrator: display update done
I (534760) Orchestrator: sensor_data: temp=25.3 hum=50.7 pm25=0.1 co2=262 tvoc_raw=30937 nox_raw=15776 pres=-1.0
I (534770) Orchestrator: display update done
I (535760) Orchestrator: sensor_data: temp=25.4 hum=50.7 pm25=0.1 co2=262 tvoc_raw=30937 nox_raw=15776 pres=973.3
I (535770) Orchestrator: display update done
I (538130) Orchestrator: sensor_data: temp=25.3 hum=50.6 pm25=0.1 co2=261 tvoc_raw=30937 nox_raw=15776 pres=973.3
I (538140) Orchestrator: display update done
I (539130) Orchestrator: sensor_data: temp=25.3 hum=50.6 pm25=0.1 co2=261 tvoc_raw=30937 nox_raw=15776 pres=973.3
I (539140) Orchestrator: display update done
I (540130) Orchestrator: sensor_data: temp=25.4 hum=50.6 pm25=0.1 co2=261 tvoc_raw=30937 nox_raw=15776 pres=973.3
I (540140) Orchestrator: display update done
I (541130) Orchestrator: sensor_data: temp=25.3 hum=50.5 pm25=0.1 co2=261 tvoc_raw=30937 nox_raw=15776 pres=973.3
I (541140) Orchestrator: display update done
I (541770) PowerService: BMS  chg=FastCharge en=1 chg_dis=0 src=UnknownAdapter vbus=4.76V ibus=428mA ibat=+496mA vsys=3556mV vpmid=4736mV tdie=30°C
I (541780) PowerService: FG   SOC=16% V=3.524V I=+492mA P=+1734mW rem=356/2245mAh T=29.7°C [FC=0 CHG=1 DSG=0 OCV=1 ITPOR=0 CFGUP=0 BATDET=1] src=FG
I (541790) PowerService: FG-LRN QMAX_UP=1 RES_UP=0 VOK=1 | V=3524mV BELOW-FLAT(<3750:OCV2-zone)
I (542130) Orchestrator: sensor_data: temp=25.3 hum=50.5 pm25=0.1 co2=261 tvoc_raw=30937 nox_raw=15776 pres=973.3
I (542140) Orchestrator: display update done
I (543130) Orchestrator: sensor_data: temp=25.3 hum=50.4 pm25=0.1 co2=261 tvoc_raw=30937 nox_raw=15776 pres=973.3
I (543140) Orchestrator: display update done
I (544130) Orchestrator: sensor_data: temp=25.3 hum=50.5 pm25=0.1 co2=261 tvoc_raw=30945 nox_raw=15747 pres=973.3
I (544140) Orchestrator: display update done
I (545130) Orchestrator: sensor_data: temp=25.3 hum=50.6 pm25=0.1 co2=260 tvoc_raw=30945 nox_raw=15747 pres=973.3
I (545140) Orchestrator: display update done
I (546130) Orchestrator: sensor_data: temp=25.2 hum=50.5 pm25=0.1 co2=260 tvoc_raw=30945 nox_raw=15747 pres=973.3
I (546140) Orchestrator: display update done
I (547130) Orchestrator: sensor_data: temp=25.2 hum=50.6 pm25=0.1 co2=260 tvoc_raw=30945 nox_raw=15747 pres=973.3
I (547140) Orchestrator: display update done
I (548130) Orchestrator: sensor_data: temp=25.2 hum=50.6 pm25=0.0 co2=260 tvoc_raw=30945 nox_raw=15747 pres=973.3
I (548140) Orchestrator: display update done
I (549130) Orchestrator: sensor_data: temp=25.2 hum=50.7 pm25=0.1 co2=260 tvoc_raw=30945 nox_raw=15747 pres=973.3
I (549140) Orchestrator: display update done
I (550130) Orchestrator: sensor_data: temp=25.2 hum=50.8 pm25=0.1 co2=260 tvoc_raw=30945 nox_raw=15747 pres=973.3
I (550140) Orchestrator: display update done
I (551130) Orchestrator: sensor_data: temp=25.2 hum=50.9 pm25=0.1 co2=259 tvoc_raw=30945 nox_raw=15747 pres=-1.0
I (551140) Orchestrator: display update done
I (551810) PowerService: BMS  chg=FastCharge en=1 chg_dis=0 src=UnknownAdapter vbus=4.76V ibus=428mA ibat=+496mA vsys=3558mV vpmid=4736mV tdie=30°C
I (551810) PowerService: FG   SOC=16% V=3.527V I=+493mA P=+1739mW rem=357/2245mAh T=29.8°C [FC=0 CHG=1 DSG=0 OCV=1 ITPOR=0 CFGUP=0 BATDET=1] src=FG
I (551820) PowerService: FG-LRN QMAX_UP=1 RES_UP=0 VOK=1 | V=3527mV BELOW-FLAT(<3750:OCV2-zone)
I (552130) Orchestrator: sensor_data: temp=25.2 hum=51.0 pm25=0.1 co2=259 tvoc_raw=30945 nox_raw=15747 pres=973.3
I (552140) Orchestrator: display update done
I (553130) Orchestrator: sensor_data: temp=25.2 hum=51.0 pm25=0.1 co2=259 tvoc_raw=30945 nox_raw=15747 pres=973.3
I (553140) Orchestrator: display update done
I (554130) Orchestrator: sensor_data: temp=25.2 hum=51.0 pm25=0.2 co2=259 tvoc_raw=30945 nox_raw=15765 pres=973.3
I (554140) Orchestrator: display update done
I (555130) Orchestrator: sensor_data: temp=25.3 hum=51.0 pm25=0.3 co2=258 tvoc_raw=30945 nox_raw=15765 pres=973.3
I (555140) Orchestrator: display update done
I (556130) Orchestrator: sensor_data: temp=25.3 hum=51.0 pm25=0.3 co2=258 tvoc_raw=30945 nox_raw=15765 pres=973.3
I (556140) Orchestrator: display update done
I (557130) Orchestrator: sensor_data: temp=25.4 hum=51.1 pm25=0.3 co2=258 tvoc_raw=30945 nox_raw=15765 pres=973.3
I (557140) Orchestrator: display update done
I (558130) Orchestrator: sensor_data: temp=25.4 hum=51.1 pm25=0.3 co2=258 tvoc_raw=30945 nox_raw=15765 pres=973.3
I (558140) Orchestrator: display update done
I (560500) Orchestrator: sensor_data: temp=25.3 hum=51.0 pm25=0.3 co2=258 tvoc_raw=30945 nox_raw=15765 pres=973.3
I (560510) Orchestrator: display update done
I (561500) Orchestrator: sensor_data: temp=25.3 hum=50.9 pm25=0.3 co2=258 tvoc_raw=30945 nox_raw=15765 pres=973.3
I (561510) Orchestrator: display update done
I (562140) PowerService: BMS  chg=FastCharge en=1 chg_dis=0 src=UnknownAdapter vbus=4.75V ibus=428mA ibat=+496mA vsys=3562mV vpmid=4736mV tdie=30°C
I (562150) PowerService: FG   SOC=16% V=3.530V I=+493mA P=+1740mW rem=358/2245mAh T=29.9°C [FC=0 CHG=1 DSG=0 OCV=1 ITPOR=0 CFGUP=0 BATDET=1] src=FG
I (562160) PowerService: FG-LRN QMAX_UP=1 RES_UP=0 VOK=1 | V=3530mV BELOW-FLAT(<3750:OCV2-zone)
I (562500) Orchestrator: sensor_data: temp=25.3 hum=50.8 pm25=0.3 co2=258 tvoc_raw=30945 nox_raw=15765 pres=973.3
I (562510) Orchestrator: display update done
I (563500) Orchestrator: sensor_data: temp=25.3 hum=50.6 pm25=0.3 co2=258 tvoc_raw=30945 nox_raw=15765 pres=973.3
I (563510) Orchestrator: display update done
I (564500) Orchestrator: sensor_data: temp=25.3 hum=50.6 pm25=0.3 co2=258 tvoc_raw=30949 nox_raw=15760 pres=973.3
I (564510) Orchestrator: display update done
I (565500) Orchestrator: sensor_data: temp=25.2 hum=50.6 pm25=0.4 co2=258 tvoc_raw=30949 nox_raw=15760 pres=973.3
I (565510) Orchestrator: display update done
I (566500) Orchestrator: sensor_data: temp=25.3 hum=50.6 pm25=0.4 co2=258 tvoc_raw=30949 nox_raw=15760 pres=-1.0
I (566510) Orchestrator: display update done
I (567500) Orchestrator: sensor_data: temp=25.3 hum=50.6 pm25=0.4 co2=258 tvoc_raw=30949 nox_raw=15760 pres=973.3
I (567510) Orchestrator: display update done
I (568500) Orchestrator: sensor_data: temp=25.3 hum=50.6 pm25=0.4 co2=258 tvoc_raw=30949 nox_raw=15760 pres=973.3
I (568510) Orchestrator: display update done
I (569500) Orchestrator: sensor_data: temp=25.2 hum=50.4 pm25=0.4 co2=258 tvoc_raw=30949 nox_raw=15760 pres=973.3
I (569510) Orchestrator: display update done
I (570500) Orchestrator: sensor_data: temp=25.3 hum=50.4 pm25=0.4 co2=258 tvoc_raw=30949 nox_raw=15760 pres=973.3
I (570510) Orchestrator: display update done
I (571500) Orchestrator: sensor_data: temp=25.3 hum=50.4 pm25=0.4 co2=258 tvoc_raw=30949 nox_raw=15760 pres=973.3
I (571510) Orchestrator: display update done
I (572180) PowerService: BMS  chg=FastCharge en=1 chg_dis=0 src=UnknownAdapter vbus=4.76V ibus=428mA ibat=+496mA vsys=3564mV vpmid=4736mV tdie=30°C
I (572180) PowerService: FG   SOC=17% V=3.533V I=+493mA P=+1742mW rem=360/2245mAh T=29.9°C [FC=0 CHG=1 DSG=0 OCV=1 ITPOR=0 CFGUP=0 BATDET=1] src=FG
I (572190) PowerService: FG-LRN QMAX_UP=1 RES_UP=0 VOK=1 | V=3533mV BELOW-FLAT(<3750:OCV2-zone)
I (572500) Orchestrator: sensor_data: temp=25.2 hum=50.5 pm25=0.4 co2=258 tvoc_raw=30949 nox_raw=15760 pres=973.3
I (572510) Orchestrator: display update done
I (574350) Orchestrator: sensor_data: temp=25.3 hum=50.8 pm25=0.4 co2=258 tvoc_raw=30955 nox_raw=15744 pres=973.3
I (574360) Orchestrator: display update done
I (575350) Orchestrator: sensor_data: temp=25.3 hum=50.8 pm25=0.4 co2=258 tvoc_raw=30955 nox_raw=15744 pres=973.3
I (575360) Orchestrator: display update done
I (576350) Orchestrator: sensor_data: temp=25.3 hum=50.8 pm25=0.5 co2=258 tvoc_raw=30955 nox_raw=15744 pres=973.3
I (576360) Orchestrator: display update done
I (577350) Orchestrator: sensor_data: temp=25.3 hum=50.8 pm25=0.5 co2=258 tvoc_raw=30955 nox_raw=15744 pres=973.3
I (577360) Orchestrator: display update done
I (578350) Orchestrator: sensor_data: temp=25.3 hum=50.8 pm25=0.5 co2=258 tvoc_raw=30955 nox_raw=15744 pres=973.3
I (578360) Orchestrator: display update done
I (579350) Orchestrator: sensor_data: temp=25.3 hum=50.9 pm25=0.5 co2=258 tvoc_raw=30955 nox_raw=15744 pres=973.3
I (579360) Orchestrator: display update done
I (580350) Orchestrator: sensor_data: temp=25.3 hum=50.9 pm25=0.5 co2=258 tvoc_raw=30955 nox_raw=15744 pres=973.3
I (580360) Orchestrator: display update done
I (581350) Orchestrator: sensor_data: temp=25.2 hum=50.9 pm25=0.4 co2=258 tvoc_raw=30955 nox_raw=15744 pres=973.3
I (581360) Orchestrator: display update done
I (583700) PowerService: BMS  chg=FastCharge en=1 chg_dis=0 src=UnknownAdapter vbus=4.76V ibus=430mA ibat=+496mA vsys=3570mV vpmid=4736mV tdie=30°C
I (583700) PowerService: FG   SOC=17% V=3.536V I=+493mA P=+1743mW rem=361/2245mAh T=29.9°C [FC=0 CHG=1 DSG=0 OCV=1 ITPOR=0 CFGUP=0 BATDET=1] src=FG
I (583720) PowerService: FG-LRN QMAX_UP=1 RES_UP=0 VOK=1 | V=3536mV BELOW-FLAT(<3750:OCV2-zone)
I (583770) Orchestrator: sensor_data: temp=25.3 hum=50.7 pm25=0.4 co2=257 tvoc_raw=30955 nox_raw=15761 pres=973.3
I (583780) Orchestrator: display update done
I (584720) Orchestrator: sensor_data: temp=25.2 hum=50.8 pm25=0.4 co2=257 tvoc_raw=30955 nox_raw=15761 pres=973.3
I (584730) Orchestrator: display update done
I (585720) Orchestrator: sensor_data: temp=25.3 hum=50.8 pm25=0.4 co2=257 tvoc_raw=30955 nox_raw=15761 pres=973.3
I (585730) Orchestrator: display update done
I (586720) Orchestrator: sensor_data: temp=25.3 hum=50.8 pm25=0.4 co2=257 tvoc_raw=30955 nox_raw=15761 pres=973.3
I (586730) Orchestrator: display update done
I (587720) Orchestrator: sensor_data: temp=25.3 hum=50.8 pm25=0.4 co2=257 tvoc_raw=30955 nox_raw=15761 pres=973.3
I (587730) Orchestrator: display update done
I (588720) Orchestrator: sensor_data: temp=25.3 hum=50.7 pm25=0.4 co2=257 tvoc_raw=30955 nox_raw=15761 pres=973.3
I (588730) Orchestrator: display update done
I (589720) Orchestrator: sensor_data: temp=25.3 hum=50.7 pm25=0.5 co2=257 tvoc_raw=30955 nox_raw=15761 pres=973.3
I (589730) Orchestrator: display update done
I (590720) Orchestrator: sensor_data: temp=25.2 hum=50.7 pm25=0.5 co2=257 tvoc_raw=30955 nox_raw=15761 pres=973.3
I (590730) Orchestrator: display update done
I (591720) Orchestrator: sensor_data: temp=25.2 hum=50.8 pm25=0.5 co2=257 tvoc_raw=30955 nox_raw=15761 pres=973.3
I (591730) Orchestrator: display update done
I (592720) Orchestrator: sensor_data: temp=25.2 hum=50.8 pm25=0.5 co2=257 tvoc_raw=30955 nox_raw=15761 pres=973.3
I (592730) Orchestrator: display update done
I (593730) PowerService: BMS  chg=FastCharge en=1 chg_dis=0 src=UnknownAdapter vbus=4.76V ibus=428mA ibat=+496mA vsys=3572mV vpmid=4736mV tdie=30°C
I (593730) PowerService: FG   SOC=17% V=3.538V I=+492mA P=+1741mW rem=363/2246mAh T=29.8°C [FC=0 CHG=1 DSG=0 OCV=1 ITPOR=0 CFGUP=0 BATDET=1] src=FG
I (593750) PowerService: FG-LRN QMAX_UP=1 RES_UP=0 VOK=1 | V=3538mV BELOW-FLAT(<3750:OCV2-zone)
I (593770) Orchestrator: sensor_data: temp=25.2 hum=51.0 pm25=0.5 co2=257 tvoc_raw=30958 nox_raw=15754 pres=973.3
I (593780) Orchestrator: display update done
I (594720) Orchestrator: sensor_data: temp=25.2 hum=51.1 pm25=0.5 co2=257 tvoc_raw=30958 nox_raw=15754 pres=973.3
I (594730) Orchestrator: display update done
I (595720) Orchestrator: sensor_data: temp=25.3 hum=51.2 pm25=0.5 co2=258 tvoc_raw=30958 nox_raw=15754 pres=973.3
I (595730) Orchestrator: display update done
I (596720) Orchestrator: sensor_data: temp=25.4 hum=51.3 pm25=0.4 co2=258 tvoc_raw=30958 nox_raw=15754 pres=973.3
I (596730) Orchestrator: display update done
I (597720) Orchestrator: sensor_data: temp=25.4 hum=51.4 pm25=0.4 co2=258 tvoc_raw=30958 nox_raw=15754 pres=973.3
I (597730) Orchestrator: display update done
I (598720) Orchestrator: sensor_data: temp=25.4 hum=51.5 pm25=0.4 co2=258 tvoc_raw=30958 nox_raw=15754 pres=973.3
I (598730) Orchestrator: display update done
I (599720) Orchestrator: sensor_data: temp=25.4 hum=51.5 pm25=0.5 co2=259 tvoc_raw=30958 nox_raw=15754 pres=973.3
I (599730) Orchestrator: display update done
I (600720) Orchestrator: sensor_data: temp=25.5 hum=51.5 pm25=0.5 co2=259 tvoc_raw=30958 nox_raw=15754 pres=973.3
I (600730) Orchestrator: display update done
I (601720) Orchestrator: sensor_data: temp=25.5 hum=51.3 pm25=0.5 co2=259 tvoc_raw=30958 nox_raw=15754 pres=973.3
I (601730) Orchestrator: display update done
I (602720) Orchestrator: sensor_data: temp=25.4 hum=51.4 pm25=0.5 co2=259 tvoc_raw=30958 nox_raw=15754 pres=973.3
I (602730) Orchestrator: display update done
I (603770) PowerService: BMS  chg=FastCharge en=1 chg_dis=0 src=UnknownAdapter vbus=4.76V ibus=428mA ibat=+496mA vsys=3574mV vpmid=4736mV tdie=30°C
I (603780) PowerService: FG   SOC=17% V=3.541V I=+493mA P=+1746mW rem=364/2246mAh T=29.8°C [FC=0 CHG=1 DSG=0 OCV=1 ITPOR=0 CFGUP=0 BATDET=1] src=FG
I (603790) PowerService: FG-LRN QMAX_UP=1 RES_UP=0 VOK=1 | V=3541mV BELOW-FLAT(<3750:OCV2-zone)
I (603800) Orchestrator: sensor_data: temp=25.5 hum=51.0 pm25=0.5 co2=261 tvoc_raw=30956 nox_raw=15793 pres=973.3
I (603810) Orchestrator: display update done
I (606170) Orchestrator: sensor_data: temp=25.4 hum=50.6 pm25=0.4 co2=261 tvoc_raw=30956 nox_raw=15793 pres=973.3
I (606180) Orchestrator: display update done
I (607170) Orchestrator: sensor_data: temp=25.4 hum=50.5 pm25=0.4 co2=261 tvoc_raw=30956 nox_raw=15793 pres=973.3
I (607180) Orchestrator: display update done
I (613810) PowerService: BMS  chg=FastCharge en=1 chg_dis=0 src=UnknownAdapter vbus=4.76V ibus=430mA ibat=+496mA vsys=3578mV vpmid=4740mV tdie=30°C
I (613810) PowerService: FG   SOC=17% V=3.544V I=+493mA P=+1747mW rem=365/2246mAh T=29.9°C [FC=0 CHG=1 DSG=0 OCV=1 ITPOR=0 CFGUP=0 BATDET=1] src=FG
I (613820) PowerService: FG-LRN QMAX_UP=1 RES_UP=0 VOK=1 | V=3544mV BELOW-FLAT(<3750:OCV2-zone)
I (613830) Orchestrator: sensor_data: temp=25.3 hum=50.5 pm25=0.4 co2=263 tvoc_raw=30961 nox_raw=15758 pres=973.3
I (613850) Orchestrator: display update done
I (614830) Orchestrator: sensor_data: temp=25.3 hum=50.5 pm25=0.4 co2=263 tvoc_raw=30961 nox_raw=15758 pres=973.3
I (614840) Orchestrator: display update done
I (615830) Orchestrator: sensor_data: temp=25.3 hum=50.5 pm25=0.4 co2=263 tvoc_raw=30961 nox_raw=15758 pres=973.3
I (615840) Orchestrator: display update done
I (616830) Orchestrator: sensor_data: temp=25.3 hum=50.6 pm25=0.4 co2=263 tvoc_raw=30961 nox_raw=15758 pres=973.3
I (616840) Orchestrator: display update done
I (617830) Orchestrator: sensor_data: temp=25.3 hum=50.6 pm25=0.4 co2=263 tvoc_raw=30961 nox_raw=15758 pres=973.3
I (617840) Orchestrator: display update done
I (618830) Orchestrator: sensor_data: temp=25.3 hum=50.5 pm25=0.4 co2=263 tvoc_raw=30961 nox_raw=15758 pres=973.3
I (618840) Orchestrator: display update done
I (619830) Orchestrator: sensor_data: temp=25.3 hum=50.5 pm25=0.3 co2=264 tvoc_raw=30961 nox_raw=15758 pres=973.3
I (619840) Orchestrator: display update done
I (620830) Orchestrator: sensor_data: temp=25.2 hum=50.2 pm25=0.3 co2=264 tvoc_raw=30961 nox_raw=15758 pres=973.3
I (620840) Orchestrator: display update done
I (621830) Orchestrator: sensor_data: temp=25.1 hum=49.9 pm25=0.3 co2=264 tvoc_raw=30961 nox_raw=15758 pres=-1.0
I (621840) Orchestrator: display update done
I (622830) Orchestrator: sensor_data: temp=25.2 hum=49.9 pm25=0.3 co2=264 tvoc_raw=30961 nox_raw=15758 pres=973.3
I (622840) Orchestrator: display update done
I (623840) PowerService: BMS  chg=FastCharge en=1 chg_dis=0 src=UnknownAdapter vbus=4.76V ibus=430mA ibat=+496mA vsys=3580mV vpmid=4736mV tdie=30°C
I (623840) PowerService: FG   SOC=17% V=3.546V I=+492mA P=+1745mW rem=367/2246mAh T=29.8°C [FC=0 CHG=1 DSG=0 OCV=1 ITPOR=0 CFGUP=0 BATDET=1] src=FG
I (623850) PowerService: FG-LRN QMAX_UP=1 RES_UP=0 VOK=1 | V=3546mV BELOW-FLAT(<3750:OCV2-zone)
I (623860) Orchestrator: sensor_data: temp=25.1 hum=49.9 pm25=0.3 co2=264 tvoc_raw=30968 nox_raw=15709 pres=973.2
I (623880) Orchestrator: display update done
I (624830) Orchestrator: sensor_data: temp=25.2 hum=49.9 pm25=0.3 co2=264 tvoc_raw=30968 nox_raw=15709 pres=973.2
I (624840) Orchestrator: display update done
I (625830) Orchestrator: sensor_data: temp=25.1 hum=50.0 pm25=0.3 co2=264 tvoc_raw=30968 nox_raw=15709 pres=973.3
I (625840) Orchestrator: display update done
I (626830) Orchestrator: sensor_data: temp=25.1 hum=50.2 pm25=0.3 co2=264 tvoc_raw=30968 nox_raw=15709 pres=973.3
I (626840) Orchestrator: display update done
I (627830) Orchestrator: sensor_data: temp=25.2 hum=50.3 pm25=0.3 co2=264 tvoc_raw=30968 nox_raw=15709 pres=973.3
I (627840) Orchestrator: display update done
I (628830) Orchestrator: sensor_data: temp=25.2 hum=50.2 pm25=0.3 co2=264 tvoc_raw=30968 nox_raw=15709 pres=973.3
I (628840) Orchestrator: display update done
I (629830) Orchestrator: sensor_data: temp=25.2 hum=50.1 pm25=0.3 co2=264 tvoc_raw=30968 nox_raw=15709 pres=973.2
I (629840) Orchestrator: display update done
I (630830) Orchestrator: sensor_data: temp=25.2 hum=50.1 pm25=0.3 co2=264 tvoc_raw=30968 nox_raw=15709 pres=973.2
I (630840) Orchestrator: display update done
I (631830) Orchestrator: sensor_data: temp=25.1 hum=50.0 pm25=0.3 co2=264 tvoc_raw=30968 nox_raw=15709 pres=973.3
I (631840) Orchestrator: display update done
I (634180) PowerService: BMS  chg=FastCharge en=1 chg_dis=0 src=UnknownAdapter vbus=4.76V ibus=430mA ibat=+496mA vsys=3583mV vpmid=4736mV tdie=30°C
I (634180) PowerService: FG   SOC=17% V=3.549V I=+492mA P=+1746mW rem=368/2246mAh T=29.8°C [FC=0 CHG=1 DSG=0 OCV=1 ITPOR=0 CFGUP=0 BATDET=1] src=FG
I (634200) PowerService: FG-LRN QMAX_UP=1 RES_UP=0 VOK=1 | V=3549mV BELOW-FLAT(<3750:OCV2-zone)
I (634210) Orchestrator: sensor_data: temp=25.2 hum=50.2 pm25=0.4 co2=265 tvoc_raw=30970 nox_raw=15706 pres=973.2
I (634220) Orchestrator: display update done
I (635200) Orchestrator: sensor_data: temp=25.2 hum=50.3 pm25=0.4 co2=265 tvoc_raw=30970 nox_raw=15706 pres=973.3
I (635210) Orchestrator: display update done
I (636200) Orchestrator: sensor_data: temp=25.3 hum=50.7 pm25=0.4 co2=265 tvoc_raw=30970 nox_raw=15706 pres=973.2
I (636210) Orchestrator: display update done
I (637200) Orchestrator: sensor_data: temp=25.3 hum=51.0 pm25=0.4 co2=265 tvoc_raw=30970 nox_raw=15706 pres=-1.0
I (637210) Orchestrator: display update done
I (638200) Orchestrator: sensor_data: temp=25.3 hum=51.0 pm25=0.4 co2=266 tvoc_raw=30970 nox_raw=15706 pres=973.3
I (638210) Orchestrator: display update done
I (639200) Orchestrator: sensor_data: temp=25.3 hum=50.9 pm25=0.4 co2=266 tvoc_raw=30970 nox_raw=15706 pres=973.3
I (639210) Orchestrator: display update done
I (640300) Orchestrator: sensor_data: temp=25.3 hum=50.9 pm25=0.3 co2=266 tvoc_raw=30970 nox_raw=15706 pres=973.3
I (640310) Orchestrator: display update done
I (641300) Orchestrator: sensor_data: temp=25.4 hum=50.7 pm25=0.3 co2=266 tvoc_raw=30970 nox_raw=15706 pres=973.3
I (641310) Orchestrator: display update done
I (642200) Orchestrator: sensor_data: temp=25.4 hum=50.6 pm25=0.3 co2=267 tvoc_raw=30970 nox_raw=15706 pres=973.3
I (642210) Orchestrator: display update done
I (643200) Orchestrator: sensor_data: temp=25.4 hum=50.5 pm25=0.3 co2=267 tvoc_raw=30970 nox_raw=15706 pres=973.3
I (643210) Orchestrator: display update done
I (644200) Orchestrator: sensor_data: temp=25.4 hum=50.5 pm25=0.3 co2=267 tvoc_raw=30967 nox_raw=15751 pres=973.2
I (644210) Orchestrator: display update done
I (644220) PowerService: BMS  chg=FastCharge en=1 chg_dis=0 src=UnknownAdapter vbus=4.76V ibus=430mA ibat=+496mA vsys=3585mV vpmid=4736mV tdie=30°C
I (644220) PowerService: FG   SOC=17% V=3.551V I=+492mA P=+1747mW rem=370/2247mAh T=29.8°C [FC=0 CHG=1 DSG=0 OCV=1 ITPOR=0 CFGUP=0 BATDET=1] src=FG
I (644840) PowerService: FG-LRN QMAX_UP=1 RES_UP=0 VOK=1 | V=3551mV BELOW-FLAT(<3750:OCV2-zone)
I (645200) Orchestrator: sensor_data: temp=25.4 hum=50.4 pm25=0.3 co2=267 tvoc_raw=30967 nox_raw=15751 pres=973.2
I (645210) Orchestrator: display update done
I (646200) Orchestrator: sensor_data: temp=25.3 hum=50.2 pm25=0.3 co2=267 tvoc_raw=30967 nox_raw=15751 pres=973.3
I (646210) Orchestrator: display update done
I (647200) Orchestrator: sensor_data: temp=25.4 hum=50.3 pm25=0.3 co2=267 tvoc_raw=30967 nox_raw=15751 pres=973.2
I (647210) Orchestrator: display update done
I (648200) Orchestrator: sensor_data: temp=25.4 hum=50.3 pm25=0.3 co2=268 tvoc_raw=30967 nox_raw=15751 pres=973.2
I (648210) Orchestrator: display update done
I (649200) Orchestrator: sensor_data: temp=25.4 hum=50.3 pm25=0.3 co2=268 tvoc_raw=30967 nox_raw=15751 pres=973.3
I (649210) Orchestrator: display update done
I (650200) Orchestrator: sensor_data: temp=25.3 hum=50.4 pm25=0.3 co2=268 tvoc_raw=30967 nox_raw=15751 pres=973.2
I (650210) Orchestrator: display update done
I (651200) Orchestrator: sensor_data: temp=25.3 hum=50.3 pm25=0.3 co2=268 tvoc_raw=30967 nox_raw=15751 pres=973.3
I (651210) Orchestrator: display update done
I (652200) Orchestrator: sensor_data: temp=25.3 hum=50.4 pm25=0.3 co2=269 tvoc_raw=30967 nox_raw=15751 pres=973.3
I (652210) Orchestrator: display update done
I (653200) Orchestrator: sensor_data: temp=25.3 hum=50.5 pm25=0.3 co2=269 tvoc_raw=30967 nox_raw=15751 pres=973.3
I (653210) Orchestrator: display update done
I (654200) Orchestrator: sensor_data: temp=25.4 hum=50.5 pm25=0.3 co2=269 tvoc_raw=30962 nox_raw=15743 pres=973.2
I (654210) Orchestrator: display update done
I (656550) PowerService: BMS  chg=FastCharge en=1 chg_dis=0 src=UnknownAdapter vbus=4.76V ibus=432mA ibat=+496mA vsys=3587mV vpmid=4736mV tdie=30°C
I (656550) PowerService: FG   SOC=17% V=3.554V I=+492mA P=+1749mW rem=371/2247mAh T=29.8°C [FC=0 CHG=1 DSG=0 OCV=1 ITPOR=0 CFGUP=0 BATDET=1] src=FG
I (656570) PowerService: FG-LRN QMAX_UP=1 RES_UP=0 VOK=1 | V=3554mV BELOW-FLAT(<3750:OCV2-zone)
I (656580) Orchestrator: sensor_data: temp=25.3 hum=50.5 pm25=0.3 co2=269 tvoc_raw=30962 nox_raw=15743 pres=973.3
I (656590) Orchestrator: display update done
I (657570) Orchestrator: sensor_data: temp=25.3 hum=50.5 pm25=0.3 co2=269 tvoc_raw=30962 nox_raw=15743 pres=973.2
I (657580) Orchestrator: display update done
I (658570) Orchestrator: sensor_data: temp=25.3 hum=50.2 pm25=0.3 co2=269 tvoc_raw=30962 nox_raw=15743 pres=973.3
I (658580) Orchestrator: display update done
I (659570) Orchestrator: sensor_data: temp=25.3 hum=50.1 pm25=0.3 co2=269 tvoc_raw=30962 nox_raw=15743 pres=973.2
I (659580) Orchestrator: display update done
I (660570) Orchestrator: sensor_data: temp=25.3 hum=50.0 pm25=0.3 co2=270 tvoc_raw=30962 nox_raw=15743 pres=973.3
I (660580) Orchestrator: display update done
I (661570) Orchestrator: sensor_data: temp=25.3 hum=50.0 pm25=0.3 co2=270 tvoc_raw=30962 nox_raw=15743 pres=973.3
I (661580) Orchestrator: display update done
I (662570) Orchestrator: sensor_data: temp=25.3 hum=50.0 pm25=0.3 co2=270 tvoc_raw=30962 nox_raw=15743 pres=973.2
I (662580) Orchestrator: display update done
I (663570) Orchestrator: sensor_data: temp=25.2 hum=50.0 pm25=0.3 co2=270 tvoc_raw=30962 nox_raw=15743 pres=973.2
I (663580) Orchestrator: display update done
I (664570) Orchestrator: sensor_data: temp=25.2 hum=50.1 pm25=0.3 co2=270 tvoc_raw=30979 nox_raw=15719 pres=973.3
I (664580) Orchestrator: display update done
I (665570) Orchestrator: sensor_data: temp=25.2 hum=50.2 pm25=0.3 co2=270 tvoc_raw=30979 nox_raw=15719 pres=973.2
I (665580) Orchestrator: display update done
I (666570) Orchestrator: sensor_data: temp=25.2 hum=50.3 pm25=0.3 co2=270 tvoc_raw=30979 nox_raw=15719 pres=973.2
I (666580) Orchestrator: display update done
I (666590) PowerService: BMS  chg=FastCharge en=1 chg_dis=0 src=UnknownAdapter vbus=4.76V ibus=430mA ibat=+496mA vsys=3589mV vpmid=4736mV tdie=30°C
I (666590) PowerService: FG   SOC=17% V=3.556V I=+492mA P=+1750mW rem=373/2247mAh T=29.7°C [FC=0 CHG=1 DSG=0 OCV=1 ITPOR=0 CFGUP=0 BATDET=1] src=FG
I (667210) PowerService: FG-LRN QMAX_UP=1 RES_UP=0 VOK=1 | V=3556mV BELOW-FLAT(<3750:OCV2-zone)
I (667570) Orchestrator: sensor_data: temp=25.1 hum=50.4 pm25=0.3 co2=270 tvoc_raw=30979 nox_raw=15719 pres=973.3
I (667580) Orchestrator: display update done
I (668570) Orchestrator: sensor_data: temp=25.1 hum=50.5 pm25=0.3 co2=270 tvoc_raw=30979 nox_raw=15719 pres=973.2
I (668580) Orchestrator: display update done
I (669570) Orchestrator: sensor_data: temp=25.2 hum=50.5 pm25=0.3 co2=270 tvoc_raw=30979 nox_raw=15719 pres=973.2
I (669580) Orchestrator: display update done
I (670570) Orchestrator: sensor_data: temp=25.1 hum=50.6 pm25=0.3 co2=270 tvoc_raw=30979 nox_raw=15719 pres=973.3
I (670580) Orchestrator: display update done
I (671570) Orchestrator: sensor_data: temp=25.1 hum=50.7 pm25=0.3 co2=270 tvoc_raw=30979 nox_raw=15719 pres=973.3
I (671580) Orchestrator: display update done
I (672570) Orchestrator: sensor_data: temp=25.2 hum=50.8 pm25=0.3 co2=270 tvoc_raw=30979 nox_raw=15719 pres=973.3
I (672580) Orchestrator: display update done
I (673570) Orchestrator: sensor_data: temp=25.3 hum=50.9 pm25=0.3 co2=270 tvoc_raw=30979 nox_raw=15719 pres=973.3
I (673580) Orchestrator: display update done
I (674570) Orchestrator: sensor_data: temp=25.3 hum=51.0 pm25=0.3 co2=270 tvoc_raw=30982 nox_raw=15757 pres=973.3
I (674580) Orchestrator: display update done
I (675570) Orchestrator: sensor_data: temp=25.3 hum=51.2 pm25=0.3 co2=270 tvoc_raw=30982 nox_raw=15757 pres=973.3
I (675580) Orchestrator: display update done
I (676570) Orchestrator: sensor_data: temp=25.3 hum=51.2 pm25=0.3 co2=270 tvoc_raw=30982 nox_raw=15757 pres=973.3
I (676580) Orchestrator: display update done
I (678920) PowerService: BMS  chg=FastCharge en=1 chg_dis=0 src=UnknownAdapter vbus=4.76V ibus=432mA ibat=+496mA vsys=3593mV vpmid=4736mV tdie=30°C
I (678920) PowerService: FG   SOC=17% V=3.559V I=+493mA P=+1755mW rem=374/2247mAh T=29.7°C [FC=0 CHG=1 DSG=0 OCV=1 ITPOR=0 CFGUP=0 BATDET=1] src=FG
I (678940) PowerService: FG-LRN QMAX_UP=1 RES_UP=0 VOK=1 | V=3559mV BELOW-FLAT(<3750:OCV2-zone)
I (678950) Orchestrator: sensor_data: temp=25.3 hum=50.9 pm25=0.3 co2=270 tvoc_raw=30982 nox_raw=15757 pres=973.2
I (678960) Orchestrator: display update done
I (679940) Orchestrator: sensor_data: temp=25.3 hum=50.8 pm25=0.3 co2=269 tvoc_raw=30982 nox_raw=15757 pres=973.3
I (679950) Orchestrator: display update done
I (680940) Orchestrator: sensor_data: temp=25.3 hum=50.5 pm25=0.3 co2=269 tvoc_raw=30982 nox_raw=15757 pres=973.2
I (680950) Orchestrator: display update done
I (681940) Orchestrator: sensor_data: temp=25.3 hum=50.4 pm25=0.3 co2=269 tvoc_raw=30982 nox_raw=15757 pres=973.3
I (681950) Orchestrator: display update done
I (682940) Orchestrator: sensor_data: temp=25.3 hum=50.3 pm25=0.3 co2=269 tvoc_raw=30982 nox_raw=15757 pres=973.2
I (682950) Orchestrator: display update done
I (683940) Orchestrator: sensor_data: temp=25.3 hum=50.2 pm25=0.3 co2=269 tvoc_raw=30975 nox_raw=15736 pres=973.2
I (683950) Orchestrator: display update done
I (684940) Orchestrator: sensor_data: temp=25.4 hum=50.1 pm25=0.3 co2=269 tvoc_raw=30975 nox_raw=15736 pres=973.2
I (684950) Orchestrator: display update done
I (685940) Orchestrator: sensor_data: temp=25.3 hum=50.1 pm25=0.3 co2=268 tvoc_raw=30975 nox_raw=15736 pres=973.2
I (685950) Orchestrator: display update done
I (686940) Orchestrator: sensor_data: temp=25.3 hum=50.0 pm25=0.4 co2=268 tvoc_raw=30975 nox_raw=15736 pres=973.2
I (686950) Orchestrator: display update done
I (687940) Orchestrator: sensor_data: temp=25.3 hum=50.0 pm25=0.4 co2=268 tvoc_raw=30975 nox_raw=15736 pres=973.2
I (687950) Orchestrator: display update done
I (688940) Orchestrator: sensor_data: temp=25.3 hum=50.0 pm25=0.4 co2=268 tvoc_raw=30975 nox_raw=15736 pres=973.3
I (688950) Orchestrator: display update done
I (688960) PowerService: BMS  chg=FastCharge en=1 chg_dis=0 src=UnknownAdapter vbus=4.76V ibus=430mA ibat=+496mA vsys=3593mV vpmid=4740mV tdie=30°C
I (688960) PowerService: FG   SOC=17% V=3.561V I=+492mA P=+1752mW rem=376/2247mAh T=29.8°C [FC=0 CHG=1 DSG=0 OCV=1 ITPOR=0 CFGUP=0 BATDET=1] src=FG
I (689580) PowerService: FG-LRN QMAX_UP=1 RES_UP=0 VOK=1 | V=3561mV BELOW-FLAT(<3750:OCV2-zone)
I (689940) Orchestrator: sensor_data: temp=25.3 hum=50.0 pm25=0.4 co2=267 tvoc_raw=30975 nox_raw=15736 pres=973.2
I (689950) Orchestrator: display update done
I (690940) Orchestrator: sensor_data: temp=25.3 hum=50.0 pm25=0.4 co2=267 tvoc_raw=30975 nox_raw=15736 pres=973.2
I (690950) Orchestrator: display update done
I (691940) Orchestrator: sensor_data: temp=25.3 hum=49.9 pm25=0.4 co2=268 tvoc_raw=30975 nox_raw=15736 pres=973.2
I (691950) Orchestrator: display update done
I (692940) Orchestrator: sensor_data: temp=25.2 hum=49.9 pm25=0.6 co2=268 tvoc_raw=30975 nox_raw=15736 pres=973.2
I (692950) Orchestrator: display update done
I (693940) Orchestrator: sensor_data: temp=25.2 hum=50.0 pm25=0.7 co2=267 tvoc_raw=30975 nox_raw=15720 pres=973.2
I (693950) Orchestrator: display update done
I (694940) Orchestrator: sensor_data: temp=25.2 hum=49.8 pm25=0.8 co2=267 tvoc_raw=30975 nox_raw=15720 pres=973.2
I (694950) Orchestrator: display update done
I (695940) Orchestrator: sensor_data: temp=25.2 hum=49.7 pm25=0.8 co2=267 tvoc_raw=30975 nox_raw=15720 pres=973.2
I (695950) Orchestrator: display update done
I (696940) Orchestrator: sensor_data: temp=25.2 hum=49.6 pm25=0.8 co2=267 tvoc_raw=30975 nox_raw=15720 pres=973.2
I (696950) Orchestrator: display update done
I (697940) Orchestrator: sensor_data: temp=25.3 hum=49.4 pm25=0.8 co2=267 tvoc_raw=30975 nox_raw=15720 pres=973.2
I (697950) Orchestrator: display update done
I (698940) Orchestrator: sensor_data: temp=25.2 hum=49.4 pm25=0.8 co2=267 tvoc_raw=30975 nox_raw=15720 pres=973.2
I (698950) Orchestrator: display update done
I (701290) PowerService: BMS  chg=FastCharge en=1 chg_dis=0 src=UnknownAdapter vbus=4.76V ibus=432mA ibat=+496mA vsys=3595mV vpmid=4728mV tdie=30°C
I (701290) PowerService: FG   SOC=17% V=3.564V I=+493mA P=+1757mW rem=377/2248mAh T=29.6°C [FC=0 CHG=1 DSG=0 OCV=1 ITPOR=0 CFGUP=0 BATDET=1] src=FG
I (701310) PowerService: FG-LRN QMAX_UP=1 RES_UP=0 VOK=1 | V=3564mV BELOW-FLAT(<3750:OCV2-zone)
I (701320) Orchestrator: sensor_data: temp=25.2 hum=49.3 pm25=0.8 co2=267 tvoc_raw=30975 nox_raw=15720 pres=973.2
I (701330) Orchestrator: display update done
I (702310) Orchestrator: sensor_data: temp=25.2 hum=49.3 pm25=0.8 co2=268 tvoc_raw=30975 nox_raw=15720 pres=973.2
I (702320) Orchestrator: display update done
I (703310) Orchestrator: sensor_data: temp=25.3 hum=49.3 pm25=0.7 co2=268 tvoc_raw=30975 nox_raw=15720 pres=973.2
I (703320) Orchestrator: display update done
I (704310) Orchestrator: sensor_data: temp=25.3 hum=49.5 pm25=0.7 co2=268 tvoc_raw=30987 nox_raw=15708 pres=973.2
I (704320) Orchestrator: display update done
I (705310) Orchestrator: sensor_data: temp=25.2 hum=49.7 pm25=0.7 co2=268 tvoc_raw=30987 nox_raw=15708 pres=973.3
I (705320) Orchestrator: display update done
I (706310) Orchestrator: sensor_data: temp=25.3 hum=49.8 pm25=0.7 co2=268 tvoc_raw=30987 nox_raw=15708 pres=973.2
I (706320) Orchestrator: display update done
I (707310) Orchestrator: sensor_data: temp=25.3 hum=49.8 pm25=0.6 co2=268 tvoc_raw=30987 nox_raw=15708 pres=973.2
I (707320) Orchestrator: display update done
I (708310) Orchestrator: sensor_data: temp=25.2 hum=49.7 pm25=0.6 co2=268 tvoc_raw=30987 nox_raw=15708 pres=973.2
I (708320) Orchestrator: display update done
I (709310) Orchestrator: sensor_data: temp=25.2 hum=49.6 pm25=0.6 co2=268 tvoc_raw=30987 nox_raw=15708 pres=973.2
I (709320) Orchestrator: display update done
I (710310) Orchestrator: sensor_data: temp=25.2 hum=49.6 pm25=0.6 co2=268 tvoc_raw=30987 nox_raw=15708 pres=973.2
I (710320) Orchestrator: display update done
I (710950) Lis2dh12: MOTION src=0x56  x=-7 mg  y=+11 mg  z=+1027 mg
I (711310) Orchestrator: sensor_data: temp=25.2 hum=49.7 pm25=0.6 co2=268 tvoc_raw=30987 nox_raw=15708 pres=973.2
I (711320) Orchestrator: display update done
I (711330) PowerService: BMS  chg=FastCharge en=1 chg_dis=0 src=UnknownAdapter vbus=4.75V ibus=432mA ibat=+496mA vsys=3597mV vpmid=4724mV tdie=30°C
I (711330) PowerService: FG   SOC=17% V=3.565V I=+492mA P=+1754mW rem=379/2248mAh T=29.6°C [FC=0 CHG=1 DSG=0 OCV=1 ITPOR=0 CFGUP=0 BATDET=1] src=FG
I (711950) PowerService: FG-LRN QMAX_UP=1 RES_UP=0 VOK=1 | V=3565mV BELOW-FLAT(<3750:OCV2-zone)
I (712250) Lis2dh12: MOTION src=0x65  x=-2 mg  y=+8 mg  z=+844 mg
I (712310) Orchestrator: sensor_data: temp=25.2 hum=49.9 pm25=0.6 co2=268 tvoc_raw=30987 nox_raw=15708 pres=973.2
I (712320) Orchestrator: display update done
I (712950) Orchestrator: input: source=BtnPower type=short lock=locked
I (712950) Lis2dh12: MOTION src=0x66  x=+0 mg  y=+26 mg  z=+1049 mg
I (712950) Orchestrator: unlock
I (712950) Orchestrator: display update done
I (714790) Orchestrator: sensor_data: temp=25.4 hum=50.3 pm25=0.5 co2=268 tvoc_raw=30991 nox_raw=15716 pres=973.3
I (714800) Orchestrator: display update done
I (715790) Orchestrator: sensor_data: temp=25.4 hum=50.3 pm25=0.5 co2=268 tvoc_raw=30991 nox_raw=15716 pres=973.3
I (715800) Orchestrator: display update done
I (716430) Orchestrator: display update done
I (717090) Orchestrator: sensor_data: temp=25.4 hum=50.3 pm25=0.4 co2=269 tvoc_raw=30991 nox_raw=15716 pres=973.2
I (717100) Orchestrator: display update done
I (718030) Orchestrator: input: source=TouchEnter type=short lock=unlocked
I (718040) Orchestrator: display update done
I (718670) Lis2dh12: MOTION src=0x56  x=+6 mg  y=+30 mg  z=+1042 mg
I (718700) Orchestrator: sensor_data: temp=25.4 hum=50.0 pm25=0.4 co2=269 tvoc_raw=30991 nox_raw=15716 pres=973.2
I (719480) Orchestrator: input: source=TouchDown type=short lock=unlocked
I (719490) Orchestrator: display update done
I (720120) Orchestrator: input: source=TouchDown type=short lock=unlocked
I (720120) Orchestrator: display update done
I (720750) Orchestrator: sensor_data: temp=25.4 hum=49.7 pm25=0.4 co2=269 tvoc_raw=30991 nox_raw=15716 pres=973.2
I (720860) Orchestrator: input: source=TouchEnter type=short lock=unlocked
I (720870) Orchestrator: display update done
I (721500) Lis2dh12: MOTION src=0x65  x=+16 mg  y=+21 mg  z=+1034 mg
I (721530) Orchestrator: sensor_data: temp=25.3 hum=49.7 pm25=0.4 co2=269 tvoc_raw=30991 nox_raw=15716 pres=973.2
I (721960) PowerService: BMS  chg=FastCharge en=1 chg_dis=0 src=UnknownAdapter vbus=4.76V ibus=432mA ibat=+496mA vsys=3599mV vpmid=4736mV tdie=30°C
I (721960) PowerService: FG   SOC=17% V=3.567V I=+492mA P=+1755mW rem=380/2248mAh T=29.5°C [FC=0 CHG=1 DSG=0 OCV=1 ITPOR=0 CFGUP=0 BATDET=1] src=FG
I (721970) PowerService: FG-LRN QMAX_UP=1 RES_UP=0 VOK=1 | V=3567mV BELOW-FLAT(<3750:OCV2-zone)
I (722230) Orchestrator: input: source=TouchDown type=short lock=unlocked
I (722240) Orchestrator: display update done
I (722870) Orchestrator: input: source=TouchDown type=short lock=unlocked
I (722870) Orchestrator: display update done
I (723500) Orchestrator: sensor_data: temp=25.3 hum=49.9 pm25=0.4 co2=269 tvoc_raw=30991 nox_raw=15716 pres=973.2
I (723500) Lis2dh12: MOTION src=0x65  x=+7 mg  y=+35 mg  z=+1045 mg
I (723500) Orchestrator: input: source=TouchDown type=short lock=unlocked
I (723520) Orchestrator: display update done
I (724150) Orchestrator: input: source=TouchDown type=short lock=unlocked
I (724150) Lis2dh12: MOTION src=0x65  x=+12 mg  y=+32 mg  z=+1036 mg
I (724160) Orchestrator: display update done
I (724790) Orchestrator: sensor_data: temp=25.3 hum=49.9 pm25=0.4 co2=269 tvoc_raw=30997 nox_raw=15720 pres=973.2
I (724790) Lis2dh12: MOTION src=0x65  x=+6 mg  y=+22 mg  z=+1000 mg
I (724790) Orchestrator: input: source=TouchDown type=short lock=unlocked
I (724810) Orchestrator: display update done
I (725440) Orchestrator: input: source=TouchDown type=short lock=unlocked
I (725440) Lis2dh12: MOTION src=0x65  x=+14 mg  y=+21 mg  z=+1026 mg
I (725450) Orchestrator: display update done
I (726080) Orchestrator: sensor_data: temp=25.3 hum=50.1 pm25=0.4 co2=269 tvoc_raw=30997 nox_raw=15720 pres=973.2
I (726080) Lis2dh12: MOTION src=0x65  x=+13 mg  y=+29 mg  z=+1028 mg
I (726080) Orchestrator: input: source=TouchDown type=short lock=unlocked
I (726100) Orchestrator: display update done
I (726730) Orchestrator: input: source=TouchDown type=short lock=unlocked
I (726730) Orchestrator: display update done
I (727350) Orchestrator: sensor_data: temp=25.3 hum=50.1 pm25=0.4 co2=269 tvoc_raw=30997 nox_raw=15720 pres=973.2
I (727360) Lis2dh12: MOTION src=0x65  x=+12 mg  y=+27 mg  z=+1035 mg
I (727360) Orchestrator: input: source=TouchDown type=short lock=unlocked
I (727380) Orchestrator: display update done
I (728010) Orchestrator: input: source=TouchDown type=short lock=unlocked
I (728010) Lis2dh12: MOTION src=0x66  x=+14 mg  y=+33 mg  z=+1046 mg
I (728020) Orchestrator: display update done
I (728650) Orchestrator: sensor_data: temp=25.2 hum=50.2 pm25=0.3 co2=269 tvoc_raw=30997 nox_raw=15720 pres=973.2
I (728670) Orchestrator: input: source=TouchDown type=short lock=unlocked
I (728670) Orchestrator: display update done
I (729300) Orchestrator: input: source=TouchDown type=short lock=unlocked
I (729310) Orchestrator: display update done
I (729940) Orchestrator: sensor_data: temp=25.2 hum=50.2 pm25=0.3 co2=269 tvoc_raw=30997 nox_raw=15720 pres=973.2
I (729940) Orchestrator: input: source=TouchDown type=short lock=unlocked
I (729950) Orchestrator: display update done
I (730610) Orchestrator: sensor_data: temp=25.2 hum=50.3 pm25=0.3 co2=269 tvoc_raw=30997 nox_raw=15720 pres=973.2
I (731420) Lis2dh12: MOTION src=0x65  x=+3 mg  y=-2 mg  z=+1063 mg
I (731440) Orchestrator: input: source=TouchEnter type=short lock=unlocked
I (731440) Orchestrator: display update done
I (732070) Lis2dh12: MOTION src=0x56  x=+11 mg  y=+25 mg  z=+1028 mg
I (732070) PowerService: BMS  chg=FastCharge en=1 chg_dis=0 src=UnknownAdapter vbus=4.75V ibus=432mA ibat=+496mA vsys=3599mV vpmid=4728mV tdie=30°C
I (732080) PowerService: FG   SOC=17% V=3.569V I=+492mA P=+1756mW rem=382/2248mAh T=29.4°C [FC=0 CHG=1 DSG=0 OCV=1 ITPOR=0 CFGUP=0 BATDET=1] src=FG
I (732090) PowerService: FG-LRN QMAX_UP=1 RES_UP=0 VOK=1 | V=3569mV BELOW-FLAT(<3750:OCV2-zone)
I (732100) Orchestrator: sensor_data: temp=25.2 hum=50.3 pm25=0.3 co2=269 tvoc_raw=30997 nox_raw=15720 pres=973.2
I (732590) Orchestrator: input: source=TouchDown type=short lock=unlocked
I (732600) Orchestrator: display update done
I (733230) Lis2dh12: MOTION src=0x65  x=+3 mg  y=-8 mg  z=+949 mg
I (733250) Orchestrator: input: source=TouchEnter type=short lock=unlocked
I (733250) Settings: ** settings | meas_int=1 | gps_int=5 gps_mode=2 op_mode=0 | inactivity_to=5 auto_lock=0 | fahrenheit=false usaqi=false | led_brightness=0 back_led_brightness=0 touch_led=0 | admin=true blearn=true chg_cutoff=false chg_curr=500mA sound=tetris | device_name=airgradient-go **
I (733280) Orchestrator: display update done
I (733280) Orchestrator: sensor_data: temp=25.2 hum=50.2 pm25=0.3 co2=269 tvoc_raw=30997 nox_raw=15720 pres=973.2
I (733910) Lis2dh12: MOTION src=0x65  x=+1 mg  y=+36 mg  z=+1034 mg
I (734230) PowerService: charge current -> 1500 mA
I (734230) Orchestrator: battery learning: entering LOW_POWER (SPS30 off, PMID off, PM skip, GPS sleep 8 h, BLE deinit, SCD4x idle, SGP41 sampler off)
I (734230) PowerService: set_pm_power: OFF
I (734240) PowerService: force_pmid_passthrough: ON
I (734240) GpsService: sleep_for_ms: queued 28800000 ms
I (734250) GpsDriver: cfg_sleep: 28800000 ms (wake source 0x01)
W (734250) SPS30: I2C write command 0x0202 failed: ESP_ERR_INVALID_STATE
W (734260) SPS30: Failed to send data-ready command
W (734260) SPS30: Data not ready after polling, restarting measurement
W (734270) SPS30: I2C write command 0x0104 failed: ESP_ERR_INVALID_STATE
W (734280) SPS30: Failed to send stop measurement command
W (734280) SPS30: Start measurement attempt 1/3 failed: ESP_ERR_INVALID_STATE
I (734290) BLE: deinitialized
W (734390) SPS30: Start measurement attempt 2/3 failed: ESP_ERR_INVALID_STATE
W (734490) SPS30: Start measurement attempt 3/3 failed: ESP_ERR_INVALID_STATE
E (734590) SPS30: Failed to start measurement after 3 attempts
I (734590) SensorProducer: low_power: ON
I (734590) Orchestrator: sensor_data: temp=25.3 hum=50.1 pm25=-1.0 co2=269 tvoc_raw=30991 nox_raw=15733 pres=973.2
I (735250) Orchestrator: sensor_data: temp=25.3 hum=49.9 pm25=-1.0 co2=269 tvoc_raw=30991 nox_raw=15733 pres=973.2
I (736250) Orchestrator: sensor_data: temp=25.4 hum=49.9 pm25=-1.0 co2=269 tvoc_raw=30991 nox_raw=15733 pres=973.2
I (737250) Orchestrator: sensor_data: temp=25.4 hum=49.8 pm25=-1.0 co2=269 tvoc_raw=30991 nox_raw=15733 pres=973.2
I (737320) Lis2dh12: MOTION src=0x65  x=+38 mg  y=-2 mg  z=+993 mg
I (737370) Lis2dh12: MOTION src=0x65  x=-14 mg  y=+39 mg  z=+974 mg
I (737620) Lis2dh12: MOTION src=0x65  x=+14 mg  y=+52 mg  z=+1087 mg
I (738220) Lis2dh12: MOTION src=0x65  x=-25 mg  y=+46 mg  z=+1016 mg
I (738250) Orchestrator: sensor_data: temp=25.4 hum=49.7 pm25=-1.0 co2=269 tvoc_raw=30991 nox_raw=15733 pres=973.2
I (738340) Orchestrator: input: source=BtnPower type=short lock=unlocked
I (738340) Orchestrator: lock
I (738350) Orchestrator: display update done
I (738980) Lis2dh12: MOTION src=0x65  x=+12 mg  y=+46 mg  z=+1049 mg
I (739250) Orchestrator: sensor_data: temp=25.4 hum=49.6 pm25=-1.0 co2=269 tvoc_raw=30991 nox_raw=15733 pres=973.3
I (739260) Orchestrator: display update done
I (741600) Orchestrator: display update done
I (741610) Orchestrator: sensor_data: temp=25.3 hum=49.6 pm25=-1.0 co2=269 tvoc_raw=30991 nox_raw=15733 pres=973.2
I (741610) Orchestrator: display update done
I (742230) PowerService: BMS  chg=FastCharge en=1 chg_dis=0 src=UnknownAdapter vbus=4.63V ibus=662mA ibat=+748mA vsys=3671mV vpmid=4589mV tdie=33°C
I (742230) PowerService: FG   SOC=18% V=3.627V I=+742mA P=+2691mW rem=384/2248mAh T=30.2°C [FC=0 CHG=1 DSG=0 OCV=1 ITPOR=0 CFGUP=0 BATDET=1] src=FG
I (742250) PowerService: FG-LRN QMAX_UP=1 RES_UP=0 VOK=1 | V=3627mV BELOW-FLAT(<3750:OCV2-zone)
W (742260) PowerService: BMS regulation: treg=0 vsys=0 iindpm=0 vindpm=1 safety=0 wd=0
I (742610) Orchestrator: sensor_data: temp=25.3 hum=49.4 pm25=-1.0 co2=269 tvoc_raw=30991 nox_raw=15733 pres=973.2
I (742620) Orchestrator: display update done
I (744450) Orchestrator: sensor_data: temp=25.3 hum=49.5 pm25=-1.0 co2=269 tvoc_raw=30991 nox_raw=15733 pres=973.2
I (744460) Orchestrator: display update done
I (745450) Orchestrator: sensor_data: temp=25.2 hum=49.5 pm25=-1.0 co2=269 tvoc_raw=30991 nox_raw=15733 pres=973.2
I (745460) Orchestrator: display update done
I (746450) Orchestrator: sensor_data: temp=25.2 hum=49.4 pm25=-1.0 co2=269 tvoc_raw=30991 nox_raw=15733 pres=973.2
I (746460) Orchestrator: display update done
I (747450) Orchestrator: sensor_data: temp=25.3 hum=49.5 pm25=-1.0 co2=269 tvoc_raw=30991 nox_raw=15733 pres=973.2
I (747460) Orchestrator: display update done
I (748450) Orchestrator: sensor_data: temp=25.2 hum=49.7 pm25=-1.0 co2=269 tvoc_raw=30991 nox_raw=15733 pres=973.2
I (748460) Orchestrator: display update done
I (749450) Orchestrator: sensor_data: temp=25.3 hum=49.7 pm25=-1.0 co2=269 tvoc_raw=30991 nox_raw=15733 pres=973.2
I (749460) Orchestrator: display update done
I (750450) Orchestrator: sensor_data: temp=25.3 hum=49.7 pm25=-1.0 co2=269 tvoc_raw=30991 nox_raw=15733 pres=973.2
I (750460) Orchestrator: display update done
I (751450) Orchestrator: sensor_data: temp=25.3 hum=49.6 pm25=-1.0 co2=269 tvoc_raw=30991 nox_raw=15733 pres=973.2
I (751460) Orchestrator: display update done
I (752270) PowerService: BMS  chg=FastCharge en=1 chg_dis=0 src=UnknownAdapter vbus=4.64V ibus=676mA ibat=+756mA vsys=3677mV vpmid=4589mV tdie=33°C
I (752270) PowerService: FG   SOC=18% V=3.633V I=+753mA P=+2736mW rem=386/2249mAh T=30.5°C [FC=0 CHG=1 DSG=0 OCV=1 ITPOR=0 CFGUP=0 BATDET=1] src=FG
I (752290) PowerService: FG-LRN QMAX_UP=1 RES_UP=0 VOK=1 | V=3633mV BELOW-FLAT(<3750:OCV2-zone)
W (752300) PowerService: BMS regulation: treg=0 vsys=0 iindpm=0 vindpm=1 safety=0 wd=0
I (752450) Orchestrator: sensor_data: temp=25.4 hum=49.6 pm25=-1.0 co2=269 tvoc_raw=30991 nox_raw=15733 pres=973.2
I (752460) Orchestrator: display update done
I (753450) Orchestrator: sensor_data: temp=25.4 hum=49.7 pm25=-1.0 co2=269 tvoc_raw=30991 nox_raw=15733 pres=973.2
I (753460) Orchestrator: display update done
I (754450) Orchestrator: sensor_data: temp=25.5 hum=49.7 pm25=-1.0 co2=269 tvoc_raw=30991 nox_raw=15733 pres=973.2
I (754460) Orchestrator: display update done
I (755450) Orchestrator: sensor_data: temp=25.5 hum=49.8 pm25=-1.0 co2=269 tvoc_raw=30991 nox_raw=15733 pres=973.2
I (755460) Orchestrator: display update done
I (756450) Orchestrator: sensor_data: temp=25.5 hum=49.8 pm25=-1.0 co2=269 tvoc_raw=30991 nox_raw=15733 pres=973.2
I (756460) Orchestrator: display update done
I (757450) Orchestrator: sensor_data: temp=25.5 hum=49.7 pm25=-1.0 co2=269 tvoc_raw=30991 nox_raw=15733 pres=973.2
I (757460) Orchestrator: display update done
I (758450) Orchestrator: sensor_data: temp=25.5 hum=49.6 pm25=-1.0 co2=269 tvoc_raw=30991 nox_raw=15733 pres=973.2
I (758460) Orchestrator: display update done
I (759450) Orchestrator: sensor_data: temp=25.5 hum=49.5 pm25=-1.0 co2=269 tvoc_raw=30991 nox_raw=15733 pres=973.2
I (759460) Orchestrator: display update done
I (760450) Orchestrator: sensor_data: temp=25.5 hum=49.4 pm25=-1.0 co2=269 tvoc_raw=30991 nox_raw=15733 pres=973.2
I (760460) Orchestrator: display update done
I (761450) Orchestrator: sensor_data: temp=25.5 hum=49.3 pm25=-1.0 co2=269 tvoc_raw=30991 nox_raw=15733 pres=973.2
I (761460) Orchestrator: display update done
I (762310) PowerService: BMS  chg=FastCharge en=1 chg_dis=0 src=UnknownAdapter vbus=4.63V ibus=668mA ibat=+768mA vsys=3681mV vpmid=4589mV tdie=33°C
I (762310) PowerService: FG   SOC=18% V=3.636V I=+754mA P=+2742mW rem=388/2249mAh T=30.5°C [FC=0 CHG=1 DSG=0 OCV=1 ITPOR=0 CFGUP=0 BATDET=1] src=FG
I (762330) PowerService: FG-LRN QMAX_UP=1 RES_UP=0 VOK=1 | V=3636mV BELOW-FLAT(<3750:OCV2-zone)
W (762330) PowerService: BMS regulation: treg=0 vsys=0 iindpm=0 vindpm=1 safety=0 wd=0
I (762450) Orchestrator: sensor_data: temp=25.5 hum=49.2 pm25=-1.0 co2=269 tvoc_raw=30991 nox_raw=15733 pres=973.2
I (762460) Orchestrator: display update done
I (764810) Orchestrator: sensor_data: temp=25.4 hum=49.2 pm25=-1.0 co2=270 tvoc_raw=30991 nox_raw=15733 pres=973.2
I (764820) Orchestrator: display update done
I (765810) Orchestrator: sensor_data: temp=25.4 hum=49.2 pm25=-1.0 co2=270 tvoc_raw=30991 nox_raw=15733 pres=973.2
I (765820) Orchestrator: display update done
I (766810) Orchestrator: sensor_data: temp=25.4 hum=49.3 pm25=-1.0 co2=270 tvoc_raw=30991 nox_raw=15733 pres=973.2
I (766820) Orchestrator: display update done
I (767810) Orchestrator: sensor_data: temp=25.3 hum=49.4 pm25=-1.0 co2=270 tvoc_raw=30991 nox_raw=15733 pres=973.2
I (767820) Orchestrator: display update done
I (768810) Orchestrator: sensor_data: temp=25.3 hum=49.5 pm25=-1.0 co2=269 tvoc_raw=30991 nox_raw=15733 pres=973.2
I (768820) Orchestrator: display update done
I (769810) Orchestrator: sensor_data: temp=25.3 hum=49.5 pm25=-1.0 co2=269 tvoc_raw=30991 nox_raw=15733 pres=973.2
I (769820) Orchestrator: display update done
I (770810) Orchestrator: sensor_data: temp=25.3 hum=49.6 pm25=-1.0 co2=270 tvoc_raw=30991 nox_raw=15733 pres=973.2
I (770820) Orchestrator: display update done
I (771810) Orchestrator: sensor_data: temp=25.3 hum=49.7 pm25=-1.0 co2=270 tvoc_raw=30991 nox_raw=15733 pres=973.2
I (771820) Orchestrator: display update done
I (772450) PowerService: BMS  chg=FastCharge en=1 chg_dis=0 src=UnknownAdapter vbus=4.64V ibus=670mA ibat=+756mA vsys=3679mV vpmid=4589mV tdie=33°C
I (772450) PowerService: FG   SOC=18% V=3.639V I=+755mA P=+2747mW rem=390/2249mAh T=30.4°C [FC=0 CHG=1 DSG=0 OCV=1 ITPOR=0 CFGUP=0 BATDET=1] src=FG
I (772470) PowerService: FG-LRN QMAX_UP=1 RES_UP=0 VOK=1 | V=3639mV BELOW-FLAT(<3750:OCV2-zone)
W (772480) PowerService: BMS regulation: treg=0 vsys=0 iindpm=0 vindpm=1 safety=0 wd=0
I (772810) Orchestrator: sensor_data: temp=25.3 hum=49.8 pm25=-1.0 co2=270 tvoc_raw=30991 nox_raw=15733 pres=973.2
I (772820) Orchestrator: display update done
I (773810) Orchestrator: sensor_data: temp=25.3 hum=49.8 pm25=-1.0 co2=270 tvoc_raw=30991 nox_raw=15733 pres=973.2
I (773820) Orchestrator: display update done
I (774810) Orchestrator: sensor_data: temp=25.3 hum=49.8 pm25=-1.0 co2=270 tvoc_raw=30991 nox_raw=15733 pres=973.2
I (774820) Orchestrator: display update done
I (775810) Orchestrator: sensor_data: temp=25.4 hum=49.7 pm25=-1.0 co2=270 tvoc_raw=30991 nox_raw=15733 pres=973.2
I (775820) Orchestrator: display update done
I (776810) Orchestrator: sensor_data: temp=25.4 hum=49.5 pm25=-1.0 co2=270 tvoc_raw=30991 nox_raw=15733 pres=973.2
I (776820) Orchestrator: display update done
I (777810) Orchestrator: sensor_data: temp=25.4 hum=49.4 pm25=-1.0 co2=270 tvoc_raw=30991 nox_raw=15733 pres=973.2
I (777820) Orchestrator: display update done
I (778810) Orchestrator: sensor_data: temp=25.5 hum=49.3 pm25=-1.0 co2=270 tvoc_raw=30991 nox_raw=15733 pres=973.2
I (778820) Orchestrator: display update done
I (779810) Orchestrator: sensor_data: temp=25.5 hum=49.2 pm25=-1.0 co2=270 tvoc_raw=30991 nox_raw=15733 pres=973.2
I (779820) Orchestrator: display update done
I (780810) Orchestrator: sensor_data: temp=25.4 hum=49.2 pm25=-1.0 co2=270 tvoc_raw=30991 nox_raw=15733 pres=973.2
I (780820) Orchestrator: display update done
I (781810) Orchestrator: sensor_data: temp=25.4 hum=49.2 pm25=-1.0 co2=270 tvoc_raw=30991 nox_raw=15733 pres=973.2
I (781820) Orchestrator: display update done
I (782490) PowerService: BMS  chg=FastCharge en=1 chg_dis=0 src=UnknownAdapter vbus=4.63V ibus=680mA ibat=+760mA vsys=3681mV vpmid=4589mV tdie=33°C
I (782490) PowerService: FG   SOC=18% V=3.641V I=+756mA P=+2753mW rem=392/2249mAh T=30.4°C [FC=0 CHG=1 DSG=0 OCV=1 ITPOR=0 CFGUP=0 BATDET=1] src=FG
I (782510) PowerService: FG-LRN QMAX_UP=1 RES_UP=0 VOK=1 | V=3641mV BELOW-FLAT(<3750:OCV2-zone)
W (782520) PowerService: BMS regulation: treg=0 vsys=0 iindpm=0 vindpm=1 safety=0 wd=0
I (782810) Orchestrator: sensor_data: temp=25.4 hum=49.2 pm25=-1.0 co2=270 tvoc_raw=30991 nox_raw=15733 pres=973.2
I (782820) Orchestrator: display update done
I (783810) Orchestrator: sensor_data: temp=25.4 hum=49.2 pm25=-1.0 co2=270 tvoc_raw=30991 nox_raw=15733 pres=973.2
I (783820) Orchestrator: display update done
I (784810) Orchestrator: sensor_data: temp=25.4 hum=49.2 pm25=-1.0 co2=270 tvoc_raw=30991 nox_raw=15733 pres=973.2
I (784820) Orchestrator: display update done
I (787170) Orchestrator: sensor_data: temp=25.4 hum=49.2 pm25=-1.0 co2=270 tvoc_raw=30991 nox_raw=15733 pres=973.2
I (787180) Orchestrator: display update done
I (788170) Orchestrator: sensor_data: temp=25.4 hum=49.2 pm25=-1.0 co2=270 tvoc_raw=30991 nox_raw=15733 pres=973.2
I (788180) Orchestrator: display update done
I (792530) PowerService: BMS  chg=FastCharge en=1 chg_dis=0 src=UnknownAdapter vbus=4.63V ibus=680mA ibat=+768mA vsys=3687mV vpmid=4589mV tdie=33°C
I (792530) PowerService: FG   SOC=18% V=3.645V I=+763mA P=+2781mW rem=394/2250mAh T=30.5°C [FC=0 CHG=1 DSG=0 OCV=1 ITPOR=0 CFGUP=0 BATDET=1] src=FG
I (792550) PowerService: FG-LRN QMAX_UP=1 RES_UP=0 VOK=1 | V=3645mV BELOW-FLAT(<3750:OCV2-zone)
W (792550) PowerService: BMS regulation: treg=0 vsys=0 iindpm=0 vindpm=1 safety=0 wd=0
I (792560) Orchestrator: sensor_data: temp=25.5 hum=50.4 pm25=-1.0 co2=271 tvoc_raw=30991 nox_raw=15733 pres=973.3
I (792580) Orchestrator: display update done
I (793540) Orchestrator: sensor_data: temp=25.5 hum=50.9 pm25=-1.0 co2=271 tvoc_raw=30991 nox_raw=15733 pres=973.2
I (793550) Orchestrator: display update done
I (794540) Orchestrator: sensor_data: temp=25.6 hum=51.1 pm25=-1.0 co2=271 tvoc_raw=30991 nox_raw=15733 pres=973.3
I (794550) Orchestrator: display update done
I (795540) Orchestrator: sensor_data: temp=25.6 hum=51.0 pm25=-1.0 co2=272 tvoc_raw=30991 nox_raw=15733 pres=973.2
I (795550) Orchestrator: display update done
I (796540) Orchestrator: sensor_data: temp=25.6 hum=50.8 pm25=-1.0 co2=272 tvoc_raw=30991 nox_raw=15733 pres=973.2
I (796550) Orchestrator: display update done
I (797540) Orchestrator: sensor_data: temp=25.6 hum=50.5 pm25=-1.0 co2=272 tvoc_raw=30991 nox_raw=15733 pres=973.2
I (797550) Orchestrator: display update done
I (798540) Orchestrator: sensor_data: temp=25.5 hum=50.0 pm25=-1.0 co2=272 tvoc_raw=30991 nox_raw=15733 pres=973.2
I (798550) Orchestrator: display update done
I (799540) Orchestrator: sensor_data: temp=25.5 hum=49.7 pm25=-1.0 co2=273 tvoc_raw=30991 nox_raw=15733 pres=973.2
I (799550) Orchestrator: display update done
I (800540) Orchestrator: sensor_data: temp=25.5 hum=49.4 pm25=-1.0 co2=273 tvoc_raw=30991 nox_raw=15733 pres=973.2
I (800550) Orchestrator: display update done
I (801540) Orchestrator: sensor_data: temp=25.4 hum=49.2 pm25=-1.0 co2=274 tvoc_raw=30991 nox_raw=15733 pres=973.2
I (801550) Orchestrator: display update done
I (802540) Orchestrator: sensor_data: temp=25.5 hum=49.1 pm25=-1.0 co2=274 tvoc_raw=30991 nox_raw=15733 pres=973.2
I (802550) Orchestrator: display update done
I (803180) PowerService: BMS  chg=FastCharge en=1 chg_dis=0 src=UnknownAdapter vbus=4.63V ibus=680mA ibat=+772mA vsys=3689mV vpmid=4589mV tdie=33°C
I (803180) PowerService: FG   SOC=18% V=3.644V I=+756mA P=+2755mW rem=396/2250mAh T=30.4°C [FC=0 CHG=1 DSG=0 OCV=1 ITPOR=0 CFGUP=0 BATDET=1] src=FG
I (803190) PowerService: FG-LRN QMAX_UP=1 RES_UP=0 VOK=1 | V=3644mV BELOW-FLAT(<3750:OCV2-zone)
W (803200) PowerService: BMS regulation: treg=0 vsys=0 iindpm=0 vindpm=1 safety=0 wd=0
I (803540) Orchestrator: sensor_data: temp=25.5 hum=49.0 pm25=-1.0 co2=274 tvoc_raw=30991 nox_raw=15733 pres=973.2
I (803550) Orchestrator: display update done
I (804540) Orchestrator: sensor_data: temp=25.5 hum=49.0 pm25=-1.0 co2=274 tvoc_raw=30991 nox_raw=15733 pres=973.2
I (804550) Orchestrator: display update done
I (805540) Orchestrator: sensor_data: temp=25.4 hum=49.0 pm25=-1.0 co2=275 tvoc_raw=30991 nox_raw=15733 pres=973.2
I (805550) Orchestrator: display update done
I (806540) Orchestrator: sensor_data: temp=25.4 hum=48.9 pm25=-1.0 co2=275 tvoc_raw=30991 nox_raw=15733 pres=973.2
I (806550) Orchestrator: display update done
I (807540) Orchestrator: sensor_data: temp=25.4 hum=48.9 pm25=-1.0 co2=276 tvoc_raw=30991 nox_raw=15733 pres=973.2
I (807550) Orchestrator: display update done
I (808540) Orchestrator: sensor_data: temp=25.4 hum=48.8 pm25=-1.0 co2=276 tvoc_raw=30991 nox_raw=15733 pres=973.2
I (808550) Orchestrator: display update done
I (809540) Orchestrator: sensor_data: temp=25.4 hum=48.8 pm25=-1.0 co2=277 tvoc_raw=30991 nox_raw=15733 pres=973.2
I (809550) Orchestrator: display update done
I (810540) Orchestrator: sensor_data: temp=25.4 hum=48.8 pm25=-1.0 co2=277 tvoc_raw=30991 nox_raw=15733 pres=973.2
I (810550) Orchestrator: display update done
I (812900) Orchestrator: sensor_data: temp=25.4 hum=48.6 pm25=-1.0 co2=278 tvoc_raw=30991 nox_raw=15733 pres=973.2
I (812910) Orchestrator: display update done
I (813540) PowerService: BMS  chg=FastCharge en=1 chg_dis=0 src=UnknownAdapter vbus=4.63V ibus=672mA ibat=+760mA vsys=3687mV vpmid=4589mV tdie=33°C
I (813540) PowerService: FG   SOC=18% V=3.646V I=+752mA P=+2742mW rem=398/2250mAh T=30.5°C [FC=0 CHG=1 DSG=0 OCV=1 ITPOR=0 CFGUP=0 BATDET=1] src=FG
I (813560) PowerService: FG-LRN QMAX_UP=1 RES_UP=0 VOK=1 | V=3646mV BELOW-FLAT(<3750:OCV2-zone)
W (813570) PowerService: BMS regulation: treg=0 vsys=0 iindpm=0 vindpm=1 safety=0 wd=0
I (813900) Orchestrator: sensor_data: temp=25.4 hum=48.5 pm25=-1.0 co2=278 tvoc_raw=30991 nox_raw=15733 pres=973.2
I (813910) Orchestrator: display update done
I (814900) Orchestrator: sensor_data: temp=25.4 hum=48.4 pm25=-1.0 co2=279 tvoc_raw=30991 nox_raw=15733 pres=973.2
I (814910) Orchestrator: display update done
I (815900) Orchestrator: sensor_data: temp=25.4 hum=48.2 pm25=-1.0 co2=279 tvoc_raw=30991 nox_raw=15733 pres=973.2
I (815910) Orchestrator: display update done
I (816900) Orchestrator: sensor_data: temp=25.5 hum=48.1 pm25=-1.0 co2=279 tvoc_raw=30991 nox_raw=15733 pres=973.2
I (816910) Orchestrator: display update done
I (817900) Orchestrator: sensor_data: temp=25.5 hum=48.0 pm25=-1.0 co2=279 tvoc_raw=30991 nox_raw=15733 pres=973.2
I (817910) Orchestrator: display update done
I (818900) Orchestrator: sensor_data: temp=25.5 hum=48.0 pm25=-1.0 co2=279 tvoc_raw=30991 nox_raw=15733 pres=973.2
I (818910) Orchestrator: display update done
I (819900) Orchestrator: sensor_data: temp=25.5 hum=48.0 pm25=-1.0 co2=279 tvoc_raw=30991 nox_raw=15733 pres=973.2
I (819910) Orchestrator: display update done
I (820900) Orchestrator: sensor_data: temp=25.5 hum=48.1 pm25=-1.0 co2=280 tvoc_raw=30991 nox_raw=15733 pres=973.2
I (820910) Orchestrator: display update done
I (821900) Orchestrator: sensor_data: temp=25.5 hum=48.2 pm25=-1.0 co2=280 tvoc_raw=30991 nox_raw=15733 pres=973.2
I (821910) Orchestrator: display update done
I (822900) Orchestrator: sensor_data: temp=25.5 hum=48.3 pm25=-1.0 co2=280 tvoc_raw=30991 nox_raw=15733 pres=973.2
I (822910) Orchestrator: display update done
I (823580) PowerService: BMS  chg=FastCharge en=1 chg_dis=0 src=UnknownAdapter vbus=4.63V ibus=674mA ibat=+768mA vsys=3689mV vpmid=4589mV tdie=33°C
I (823580) PowerService: FG   SOC=18% V=3.649V I=+757mA P=+2762mW rem=401/2251mAh T=30.2°C [FC=0 CHG=1 DSG=0 OCV=1 ITPOR=0 CFGUP=0 BATDET=1] src=FG
I (823600) PowerService: FG-LRN QMAX_UP=1 RES_UP=0 VOK=1 | V=3649mV BELOW-FLAT(<3750:OCV2-zone)
W (823610) PowerService: BMS regulation: treg=0 vsys=0 iindpm=0 vindpm=1 safety=0 wd=0
I (823900) Orchestrator: sensor_data: temp=25.5 hum=48.4 pm25=-1.0 co2=280 tvoc_raw=30991 nox_raw=15733 pres=973.2
I (823910) Orchestrator: display update done
I (824900) Orchestrator: sensor_data: temp=25.5 hum=48.5 pm25=-1.0 co2=280 tvoc_raw=30991 nox_raw=15733 pres=973.2
I (824910) Orchestrator: display update done
I (825900) Orchestrator: sensor_data: temp=25.5 hum=48.5 pm25=-1.0 co2=280 tvoc_raw=30991 nox_raw=15733 pres=973.2
I (825910) Orchestrator: display update done
I (826900) Orchestrator: sensor_data: temp=25.5 hum=48.7 pm25=-1.0 co2=280 tvoc_raw=30991 nox_raw=15733 pres=973.2
I (826910) Orchestrator: display update done
I (827900) Orchestrator: sensor_data: temp=25.4 hum=48.8 pm25=-1.0 co2=280 tvoc_raw=30991 nox_raw=15733 pres=973.2
I (827910) Orchestrator: display update done
I (828900) Orchestrator: sensor_data: temp=25.5 hum=48.8 pm25=-1.0 co2=280 tvoc_raw=30991 nox_raw=15733 pres=973.2
I (828910) Orchestrator: display update done
I (829900) Orchestrator: sensor_data: temp=25.5 hum=48.9 pm25=-1.0 co2=280 tvoc_raw=30991 nox_raw=15733 pres=973.2
I (829910) Orchestrator: display update done
I (830900) Orchestrator: sensor_data: temp=25.6 hum=48.9 pm25=-1.0 co2=280 tvoc_raw=30991 nox_raw=15733 pres=973.2
I (830910) Orchestrator: display update done
I (831900) Orchestrator: sensor_data: temp=25.6 hum=48.9 pm25=-1.0 co2=280 tvoc_raw=30991 nox_raw=15733 pres=973.2
I (831910) Orchestrator: display update done
I (832900) Orchestrator: sensor_data: temp=25.6 hum=49.0 pm25=-1.0 co2=280 tvoc_raw=30991 nox_raw=15733 pres=973.2
I (832900) Orchestrator: display update done
I (835240) PowerService: BMS  chg=FastCharge en=1 chg_dis=0 src=UnknownAdapter vbus=4.63V ibus=674mA ibat=+760mA vsys=3689mV vpmid=4589mV tdie=33°C
I (835240) PowerService: FG   SOC=18% V=3.649V I=+752mA P=+2744mW rem=403/2251mAh T=30.2°C [FC=0 CHG=1 DSG=0 OCV=1 ITPOR=0 CFGUP=0 BATDET=1] src=FG
I (835260) PowerService: FG-LRN QMAX_UP=1 RES_UP=0 VOK=1 | V=3649mV BELOW-FLAT(<3750:OCV2-zone)
W (835260) PowerService: BMS regulation: treg=0 vsys=0 iindpm=0 vindpm=1 safety=0 wd=0
I (835270) Orchestrator: sensor_data: temp=25.7 hum=49.0 pm25=-1.0 co2=281 tvoc_raw=30991 nox_raw=15733 pres=973.2
I (835290) Orchestrator: display update done
I (836250) Orchestrator: sensor_data: temp=25.6 hum=48.8 pm25=-1.0 co2=281 tvoc_raw=30991 nox_raw=15733 pres=973.2
I (836260) Orchestrator: display update done
I (837250) Orchestrator: sensor_data: temp=25.5 hum=48.6 pm25=-1.0 co2=281 tvoc_raw=30991 nox_raw=15733 pres=973.2
I (837260) Orchestrator: display update done
I (838250) Orchestrator: sensor_data: temp=25.5 hum=48.4 pm25=-1.0 co2=281 tvoc_raw=30991 nox_raw=15733 pres=973.2
I (838260) Orchestrator: display update done
I (839250) Orchestrator: sensor_data: temp=25.5 hum=48.4 pm25=-1.0 co2=282 tvoc_raw=30991 nox_raw=15733 pres=973.2
I (839260) Orchestrator: display update done
I (840250) Orchestrator: sensor_data: temp=25.5 hum=48.4 pm25=-1.0 co2=282 tvoc_raw=30991 nox_raw=15733 pres=973.2
I (840260) Orchestrator: display update done
I (841250) Orchestrator: sensor_data: temp=25.5 hum=48.5 pm25=-1.0 co2=284 tvoc_raw=30991 nox_raw=15733 pres=973.2
I (841260) Orchestrator: display update done
I (842250) Orchestrator: sensor_data: temp=25.5 hum=48.5 pm25=-1.0 co2=284 tvoc_raw=30991 nox_raw=15733 pres=973.2
I (842260) Orchestrator: display update done
I (843250) Orchestrator: sensor_data: temp=25.5 hum=48.5 pm25=-1.0 co2=285 tvoc_raw=30991 nox_raw=15733 pres=973.2
I (843260) Orchestrator: display update done
I (844250) Orchestrator: sensor_data: temp=25.4 hum=48.4 pm25=-1.0 co2=285 tvoc_raw=30991 nox_raw=15733 pres=973.2
I (844260) Orchestrator: display update done
I (845250) Orchestrator: sensor_data: temp=25.5 hum=48.3 pm25=-1.0 co2=286 tvoc_raw=30991 nox_raw=15733 pres=973.2
I (845260) Orchestrator: display update done
I (845890) PowerService: BMS  chg=FastCharge en=1 chg_dis=0 src=UnknownAdapter vbus=4.63V ibus=682mA ibat=+772mA vsys=3697mV vpmid=4589mV tdie=33°C
I (845890) PowerService: FG   SOC=18% V=3.650V I=+757mA P=+2763mW rem=405/2251mAh T=30.4°C [FC=0 CHG=1 DSG=0 OCV=1 ITPOR=0 CFGUP=0 BATDET=1] src=FG
I (845900) PowerService: FG-LRN QMAX_UP=1 RES_UP=0 VOK=1 | V=3650mV BELOW-FLAT(<3750:OCV2-zone)
W (845910) PowerService: BMS regulation: treg=0 vsys=0 iindpm=0 vindpm=1 safety=0 wd=0
I (846250) Orchestrator: sensor_data: temp=25.4 hum=48.3 pm25=-1.0 co2=286 tvoc_raw=30991 nox_raw=15733 pres=973.2
I (846260) Orchestrator: display update done
I (847250) Orchestrator: sensor_data: temp=25.4 hum=48.3 pm25=-1.0 co2=286 tvoc_raw=30991 nox_raw=15733 pres=973.2
I (847250) Orchestrator: display update done
I (848250) Orchestrator: sensor_data: temp=25.4 hum=48.4 pm25=-1.0 co2=286 tvoc_raw=30991 nox_raw=15733 pres=-1.0
I (848250) Orchestrator: display update done
I (849940) Orchestrator: sensor_data: temp=25.4 hum=48.7 pm25=-1.0 co2=287 tvoc_raw=30991 nox_raw=15733 pres=973.2
I (849950) Orchestrator: display update done
I (850940) Orchestrator: sensor_data: temp=25.4 hum=48.8 pm25=-1.0 co2=287 tvoc_raw=30991 nox_raw=15733 pres=973.2
I (850950) Orchestrator: display update done
I (851940) Orchestrator: sensor_data: temp=25.4 hum=48.8 pm25=-1.0 co2=287 tvoc_raw=30991 nox_raw=15733 pres=973.2
I (851950) Orchestrator: display update done
I (852940) Orchestrator: sensor_data: temp=25.4 hum=48.8 pm25=-1.0 co2=287 tvoc_raw=30991 nox_raw=15733 pres=973.2
I (852950) Orchestrator: display update done
I (853940) Orchestrator: sensor_data: temp=25.3 hum=48.7 pm25=-1.0 co2=288 tvoc_raw=30991 nox_raw=15733 pres=973.2
I (853950) Orchestrator: display update done
I (854940) Orchestrator: sensor_data: temp=25.4 hum=48.7 pm25=-1.0 co2=288 tvoc_raw=30991 nox_raw=15733 pres=973.2
I (854950) Orchestrator: display update done
I (855930) PowerService: BMS  chg=FastCharge en=1 chg_dis=0 src=UnknownAdapter vbus=4.64V ibus=682mA ibat=+772mA vsys=3697mV vpmid=4589mV tdie=33°C
I (855930) PowerService: FG   SOC=19% V=3.654V I=+758mA P=+2770mW rem=407/2252mAh T=30.4°C [FC=0 CHG=1 DSG=0 OCV=1 ITPOR=0 CFGUP=0 BATDET=1] src=FG
I (855940) PowerService: FG-LRN QMAX_UP=1 RES_UP=0 VOK=1 | V=3654mV BELOW-FLAT(<3750:OCV2-zone)
W (855950) PowerService: BMS regulation: treg=0 vsys=0 iindpm=0 vindpm=1 safety=0 wd=0
I (855960) Orchestrator: sensor_data: temp=25.2 hum=48.7 pm25=-1.0 co2=288 tvoc_raw=30991 nox_raw=15733 pres=973.2
I (855980) Orchestrator: display update done
I (858330) Orchestrator: sensor_data: temp=25.2 hum=48.8 pm25=-1.0 co2=288 tvoc_raw=30991 nox_raw=15733 pres=973.2
I (858340) Orchestrator: display update done
I (859330) Orchestrator: sensor_data: temp=25.2 hum=48.9 pm25=-1.0 co2=289 tvoc_raw=30991 nox_raw=15733 pres=973.2
I (859340) Orchestrator: display update done
I (860330) Orchestrator: sensor_data: temp=25.2 hum=49.0 pm25=-1.0 co2=289 tvoc_raw=30991 nox_raw=15733 pres=973.2
I (860340) Orchestrator: display update done
I (861330) Orchestrator: sensor_data: temp=25.2 hum=49.1 pm25=-1.0 co2=289 tvoc_raw=30991 nox_raw=15733 pres=973.2
I (861340) Orchestrator: display update done
I (862330) Orchestrator: sensor_data: temp=25.2 hum=49.1 pm25=-1.0 co2=289 tvoc_raw=30991 nox_raw=15733 pres=973.2
I (862340) Orchestrator: display update done
I (863330) Orchestrator: sensor_data: temp=25.2 hum=49.0 pm25=-1.0 co2=289 tvoc_raw=30991 nox_raw=15733 pres=973.2
I (863340) Orchestrator: display update done
I (864330) Orchestrator: sensor_data: temp=25.3 hum=49.0 pm25=-1.0 co2=289 tvoc_raw=30991 nox_raw=15733 pres=973.2
I (864340) Orchestrator: display update done
I (865330) Orchestrator: sensor_data: temp=25.3 hum=48.9 pm25=-1.0 co2=289 tvoc_raw=30991 nox_raw=15733 pres=973.2
I (865340) Orchestrator: display update done
I (865970) PowerService: BMS  chg=FastCharge en=1 chg_dis=0 src=UnknownAdapter vbus=4.63V ibus=674mA ibat=+760mA vsys=3695mV vpmid=4589mV tdie=33°C
I (865970) PowerService: FG   SOC=19% V=3.652V I=+758mA P=+2768mW rem=410/2252mAh T=30.4°C [FC=0 CHG=1 DSG=0 OCV=1 ITPOR=0 CFGUP=0 BATDET=1] src=FG
I (865990) PowerService: FG-LRN QMAX_UP=1 RES_UP=0 VOK=1 | V=3652mV BELOW-FLAT(<3750:OCV2-zone)
W (866000) PowerService: BMS regulation: treg=0 vsys=0 iindpm=0 vindpm=1 safety=0 wd=0
I (866330) Orchestrator: sensor_data: temp=25.3 hum=49.0 pm25=-1.0 co2=289 tvoc_raw=30991 nox_raw=15733 pres=973.2
I (866340) Orchestrator: display update done
I (867330) Orchestrator: sensor_data: temp=25.2 hum=48.9 pm25=-1.0 co2=289 tvoc_raw=30991 nox_raw=15733 pres=973.2
I (867340) Orchestrator: display update done
I (868330) Orchestrator: sensor_data: temp=25.3 hum=48.9 pm25=-1.0 co2=289 tvoc_raw=30991 nox_raw=15733 pres=973.2
I (868340) Orchestrator: display update done
I (869330) Orchestrator: sensor_data: temp=25.4 hum=48.9 pm25=-1.0 co2=289 tvoc_raw=30991 nox_raw=15733 pres=973.2
I (869340) Orchestrator: display update done
I (870330) Orchestrator: sensor_data: temp=25.4 hum=48.9 pm25=-1.0 co2=289 tvoc_raw=30991 nox_raw=15733 pres=973.2
I (870340) Orchestrator: display update done
I (871330) Orchestrator: sensor_data: temp=25.4 hum=49.0 pm25=-1.0 co2=289 tvoc_raw=30991 nox_raw=15733 pres=973.2
I (871340) Orchestrator: display update done
I (872330) Orchestrator: sensor_data: temp=25.4 hum=48.9 pm25=-1.0 co2=289 tvoc_raw=30991 nox_raw=15733 pres=973.2
I (872340) Orchestrator: display update done
I (873330) Orchestrator: sensor_data: temp=25.4 hum=48.9 pm25=-1.0 co2=289 tvoc_raw=30991 nox_raw=15733 pres=973.2
I (873340) Orchestrator: display update done
I (874330) Orchestrator: sensor_data: temp=25.4 hum=48.9 pm25=-1.0 co2=289 tvoc_raw=30991 nox_raw=15733 pres=973.2
I (874340) Orchestrator: display update done
I (875330) Orchestrator: sensor_data: temp=25.4 hum=48.8 pm25=-1.0 co2=288 tvoc_raw=30991 nox_raw=15733 pres=973.2
I (875340) Orchestrator: display update done
I (876010) PowerService: BMS  chg=FastCharge en=1 chg_dis=0 src=UnknownAdapter vbus=4.63V ibus=682mA ibat=+760mA vsys=3697mV vpmid=4589mV tdie=33°C
I (876010) PowerService: FG   SOC=19% V=3.653V I=+756mA P=+2762mW rem=412/2252mAh T=30.4°C [FC=0 CHG=1 DSG=0 OCV=1 ITPOR=0 CFGUP=0 BATDET=1] src=FG
I (876030) PowerService: FG-LRN QMAX_UP=1 RES_UP=0 VOK=1 | V=3653mV BELOW-FLAT(<3750:OCV2-zone)
W (876040) PowerService: BMS regulation: treg=0 vsys=0 iindpm=0 vindpm=1 safety=0 wd=0
I (876330) Orchestrator: sensor_data: temp=25.4 hum=48.5 pm25=-1.0 co2=288 tvoc_raw=30991 nox_raw=15733 pres=973.2
I (876340) Orchestrator: display update done
I (877330) Orchestrator: sensor_data: temp=25.4 hum=48.5 pm25=-1.0 co2=289 tvoc_raw=30991 nox_raw=15733 pres=973.2
I (877340) Orchestrator: display update done
I (878330) Orchestrator: sensor_data: temp=25.4 hum=48.5 pm25=-1.0 co2=289 tvoc_raw=30991 nox_raw=15733 pres=973.2
I (878340) Orchestrator: display update done
I (880690) Orchestrator: sensor_data: temp=25.3 hum=48.4 pm25=-1.0 co2=289 tvoc_raw=30991 nox_raw=15733 pres=973.2
I (880700) Orchestrator: display update done
I (881690) Orchestrator: sensor_data: temp=25.3 hum=48.4 pm25=-1.0 co2=289 tvoc_raw=30991 nox_raw=15733 pres=973.2
I (881700) Orchestrator: display update done
I (882690) Orchestrator: sensor_data: temp=25.3 hum=48.4 pm25=-1.0 co2=289 tvoc_raw=30991 nox_raw=15733 pres=973.2
I (882700) Orchestrator: display update done
I (883690) Orchestrator: sensor_data: temp=25.3 hum=48.4 pm25=-1.0 co2=289 tvoc_raw=30991 nox_raw=15733 pres=973.2
I (883700) Orchestrator: display update done
I (884690) Orchestrator: sensor_data: temp=25.3 hum=48.4 pm25=-1.0 co2=289 tvoc_raw=30991 nox_raw=15733 pres=973.2
I (884700) Orchestrator: display update done
I (885690) Orchestrator: sensor_data: temp=25.3 hum=48.5 pm25=-1.0 co2=289 tvoc_raw=30991 nox_raw=15733 pres=973.2
I (885700) Orchestrator: display update done
I (886330) PowerService: BMS  chg=FastCharge en=1 chg_dis=0 src=UnknownAdapter vbus=4.63V ibus=674mA ibat=+760mA vsys=3697mV vpmid=4589mV tdie=33°C
I (886330) PowerService: FG   SOC=19% V=3.654V I=+756mA P=+2762mW rem=414/2252mAh T=30.4°C [FC=0 CHG=1 DSG=0 OCV=1 ITPOR=0 CFGUP=0 BATDET=1] src=FG
I (886350) PowerService: FG-LRN QMAX_UP=1 RES_UP=0 VOK=1 | V=3654mV BELOW-FLAT(<3750:OCV2-zone)
W (886360) PowerService: BMS regulation: treg=0 vsys=0 iindpm=0 vindpm=1 safety=0 wd=0
I (886690) Orchestrator: sensor_data: temp=25.2 hum=48.7 pm25=-1.0 co2=289 tvoc_raw=30991 nox_raw=15733 pres=973.2
I (886700) Orchestrator: display update done
I (887690) Orchestrator: sensor_data: temp=25.3 hum=48.7 pm25=-1.0 co2=289 tvoc_raw=30991 nox_raw=15733 pres=973.2
I (887700) Orchestrator: display update done
I (888690) Orchestrator: sensor_data: temp=25.3 hum=48.7 pm25=-1.0 co2=289 tvoc_raw=30991 nox_raw=15733 pres=973.2
I (888700) Orchestrator: display update done
I (889690) Orchestrator: sensor_data: temp=25.3 hum=48.6 pm25=-1.0 co2=289 tvoc_raw=30991 nox_raw=15733 pres=973.2
I (889700) Orchestrator: display update done
I (890690) Orchestrator: sensor_data: temp=25.3 hum=48.5 pm25=-1.0 co2=289 tvoc_raw=30991 nox_raw=15733 pres=973.2
I (890700) Orchestrator: display update done
I (891690) Orchestrator: sensor_data: temp=25.3 hum=48.3 pm25=-1.0 co2=289 tvoc_raw=30991 nox_raw=15733 pres=973.2
I (891700) Orchestrator: display update done
I (892690) Orchestrator: sensor_data: temp=25.3 hum=48.2 pm25=-1.0 co2=289 tvoc_raw=30991 nox_raw=15733 pres=973.2
I (892700) Orchestrator: display update done
I (893690) Orchestrator: sensor_data: temp=25.3 hum=48.2 pm25=-1.0 co2=289 tvoc_raw=30991 nox_raw=15733 pres=973.2
I (893700) Orchestrator: display update done
I (894690) Orchestrator: sensor_data: temp=25.3 hum=48.1 pm25=-1.0 co2=289 tvoc_raw=30991 nox_raw=15733 pres=973.2
I (894700) Orchestrator: display update done
I (895690) Orchestrator: sensor_data: temp=25.3 hum=48.0 pm25=-1.0 co2=288 tvoc_raw=30991 nox_raw=15733 pres=973.2
I (895700) Orchestrator: display update done
I (896370) PowerService: BMS  chg=FastCharge en=1 chg_dis=0 src=UnknownAdapter vbus=4.64V ibus=672mA ibat=+760mA vsys=3699mV vpmid=4589mV tdie=33°C
I (896370) PowerService: FG   SOC=19% V=3.655V I=+756mA P=+2763mW rem=416/2253mAh T=30.2°C [FC=0 CHG=1 DSG=0 OCV=1 ITPOR=0 CFGUP=0 BATDET=1] src=FG
I (896390) PowerService: FG-LRN QMAX_UP=1 RES_UP=0 VOK=1 | V=3655mV BELOW-FLAT(<3750:OCV2-zone)
W (896400) PowerService: BMS regulation: treg=0 vsys=0 iindpm=0 vindpm=1 safety=0 wd=0
I (896690) Orchestrator: sensor_data: temp=25.2 hum=47.9 pm25=-1.0 co2=288 tvoc_raw=30991 nox_raw=15733 pres=973.2
I (896700) Orchestrator: display update done
I (897690) Orchestrator: sensor_data: temp=25.2 hum=47.7 pm25=-1.0 co2=288 tvoc_raw=30991 nox_raw=15733 pres=973.2
I (897700) Orchestrator: display update done
I (898690) Orchestrator: sensor_data: temp=25.2 hum=47.8 pm25=-1.0 co2=288 tvoc_raw=30991 nox_raw=15733 pres=973.2
I (898700) Orchestrator: display update done
I (899690) Orchestrator: sensor_data: temp=25.2 hum=47.8 pm25=-1.0 co2=288 tvoc_raw=30991 nox_raw=15733 pres=973.2
I (899700) Orchestrator: display update done
I (900690) Orchestrator: sensor_data: temp=25.2 hum=47.8 pm25=-1.0 co2=288 tvoc_raw=30991 nox_raw=15733 pres=973.2
I (900700) Orchestrator: display update done
I (903050) Orchestrator: sensor_data: temp=25.2 hum=48.1 pm25=-1.0 co2=288 tvoc_raw=30991 nox_raw=15733 pres=973.2
I (903060) Orchestrator: display update done
I (904050) Orchestrator: sensor_data: temp=25.2 hum=48.3 pm25=-1.0 co2=288 tvoc_raw=30991 nox_raw=15733 pres=973.2
I (904060) Orchestrator: display update done
I (905050) Orchestrator: sensor_data: temp=25.2 hum=48.3 pm25=-1.0 co2=288 tvoc_raw=30991 nox_raw=15733 pres=973.2
I (905060) Orchestrator: display update done
I (906050) Orchestrator: sensor_data: temp=25.2 hum=48.3 pm25=-1.0 co2=288 tvoc_raw=30991 nox_raw=15733 pres=973.2
I (906060) Orchestrator: display update done
I (906690) PowerService: BMS  chg=FastCharge en=1 chg_dis=0 src=UnknownAdapter vbus=4.63V ibus=674mA ibat=+760mA vsys=3699mV vpmid=4589mV tdie=33°C
I (906690) PowerService: FG   SOC=19% V=3.659V I=+757mA P=+2770mW rem=418/2253mAh T=30.2°C [FC=0 CHG=1 DSG=0 OCV=1 ITPOR=0 CFGUP=0 BATDET=1] src=FG
I (906710) PowerService: FG-LRN QMAX_UP=1 RES_UP=0 VOK=1 | V=3659mV BELOW-FLAT(<3750:OCV2-zone)
W (906720) PowerService: BMS regulation: treg=0 vsys=0 iindpm=0 vindpm=1 safety=0 wd=0
I (907050) Orchestrator: sensor_data: temp=25.2 hum=48.4 pm25=-1.0 co2=288 tvoc_raw=30991 nox_raw=15733 pres=973.2
I (907060) Orchestrator: display update done
I (908050) Orchestrator: sensor_data: temp=25.2 hum=48.5 pm25=-1.0 co2=288 tvoc_raw=30991 nox_raw=15733 pres=973.2
I (908060) Orchestrator: display update done
I (909050) Orchestrator: sensor_data: temp=25.2 hum=48.5 pm25=-1.0 co2=288 tvoc_raw=30991 nox_raw=15733 pres=973.2
I (909060) Orchestrator: display update done
I (910050) Orchestrator: sensor_data: temp=25.3 hum=48.8 pm25=-1.0 co2=288 tvoc_raw=30991 nox_raw=15733 pres=973.2
I (910060) Orchestrator: display update done
I (911050) Orchestrator: sensor_data: temp=25.3 hum=49.0 pm25=-1.0 co2=288 tvoc_raw=30991 nox_raw=15733 pres=973.2
I (911060) Orchestrator: display update done
I (912050) Orchestrator: sensor_data: temp=25.3 hum=49.1 pm25=-1.0 co2=288 tvoc_raw=30991 nox_raw=15733 pres=973.2
I (912060) Orchestrator: display update done
I (913050) Orchestrator: sensor_data: temp=25.3 hum=49.1 pm25=-1.0 co2=288 tvoc_raw=30991 nox_raw=15733 pres=973.2
I (913060) Orchestrator: display update done
I (914050) Orchestrator: sensor_data: temp=25.4 hum=49.0 pm25=-1.0 co2=288 tvoc_raw=30991 nox_raw=15733 pres=973.2
I (914060) Orchestrator: display update done
I (915050) Orchestrator: sensor_data: temp=25.4 hum=48.9 pm25=-1.0 co2=288 tvoc_raw=30991 nox_raw=15733 pres=973.2
I (915060) Orchestrator: display update done
I (916050) Orchestrator: sensor_data: temp=25.4 hum=48.8 pm25=-1.0 co2=287 tvoc_raw=30991 nox_raw=15733 pres=973.2
I (916060) Orchestrator: display update done
I (916730) PowerService: BMS  chg=FastCharge en=1 chg_dis=0 src=UnknownAdapter vbus=4.63V ibus=674mA ibat=+760mA vsys=3701mV vpmid=4589mV tdie=33°C
I (916730) PowerService: FG   SOC=19% V=3.660V I=+757mA P=+2771mW rem=420/2253mAh T=30.2°C [FC=0 CHG=1 DSG=0 OCV=1 ITPOR=0 CFGUP=0 BATDET=1] src=FG
I (916750) PowerService: FG-LRN QMAX_UP=1 RES_UP=0 VOK=1 | V=3660mV BELOW-FLAT(<3750:OCV2-zone)
W (916760) PowerService: BMS regulation: treg=0 vsys=0 iindpm=0 vindpm=1 safety=0 wd=0
I (917050) Orchestrator: sensor_data: temp=25.3 hum=48.7 pm25=-1.0 co2=287 tvoc_raw=30991 nox_raw=15733 pres=973.2
I (917060) Orchestrator: display update done
I (918050) Orchestrator: sensor_data: temp=25.3 hum=48.7 pm25=-1.0 co2=287 tvoc_raw=30991 nox_raw=15733 pres=973.2
I (918060) Orchestrator: display update done
I (919050) Orchestrator: sensor_data: temp=25.3 hum=48.7 pm25=-1.0 co2=287 tvoc_raw=30991 nox_raw=15733 pres=973.2
I (919060) Orchestrator: display update done
I (920050) Orchestrator: sensor_data: temp=25.3 hum=48.7 pm25=-1.0 co2=287 tvoc_raw=30991 nox_raw=15733 pres=973.2
I (920060) Orchestrator: display update done
I (921050) Orchestrator: sensor_data: temp=25.3 hum=48.8 pm25=-1.0 co2=287 tvoc_raw=30991 nox_raw=15733 pres=973.2
I (921060) Orchestrator: display update done
I (922050) Orchestrator: sensor_data: temp=25.2 hum=48.8 pm25=-1.0 co2=287 tvoc_raw=30991 nox_raw=15733 pres=973.2
I (922060) Orchestrator: display update done
I (923050) Orchestrator: sensor_data: temp=25.2 hum=48.8 pm25=-1.0 co2=287 tvoc_raw=30991 nox_raw=15733 pres=973.2
I (923050) Orchestrator: display update done
I (925400) Orchestrator: sensor_data: temp=25.2 hum=48.6 pm25=-1.0 co2=287 tvoc_raw=30991 nox_raw=15733 pres=973.2
I (925410) Orchestrator: display update done
I (926400) Orchestrator: sensor_data: temp=25.3 hum=48.6 pm25=-1.0 co2=287 tvoc_raw=30991 nox_raw=15733 pres=973.2
I (926410) Orchestrator: display update done
I (927040) PowerService: BMS  chg=FastCharge en=1 chg_dis=0 src=UnknownAdapter vbus=4.63V ibus=672mA ibat=+760mA vsys=3701mV vpmid=4589mV tdie=33°C
I (927040) PowerService: FG   SOC=19% V=3.658V I=+757mA P=+2769mW rem=422/2254mAh T=30.2°C [FC=0 CHG=1 DSG=0 OCV=1 ITPOR=0 CFGUP=0 BATDET=1] src=FG
I (927060) PowerService: FG-LRN QMAX_UP=1 RES_UP=0 VOK=1 | V=3658mV BELOW-FLAT(<3750:OCV2-zone)
W (927070) PowerService: BMS regulation: treg=0 vsys=0 iindpm=0 vindpm=1 safety=0 wd=0
I (927400) Orchestrator: sensor_data: temp=25.3 hum=48.5 pm25=-1.0 co2=287 tvoc_raw=30991 nox_raw=15733 pres=973.2
I (927410) Orchestrator: display update done
I (928400) Orchestrator: sensor_data: temp=25.3 hum=48.5 pm25=-1.0 co2=287 tvoc_raw=30991 nox_raw=15733 pres=973.2
I (928410) Orchestrator: display update done
I (929400) Orchestrator: sensor_data: temp=25.3 hum=48.4 pm25=-1.0 co2=287 tvoc_raw=30991 nox_raw=15733 pres=973.2
I (929410) Orchestrator: display update done
I (930400) Orchestrator: sensor_data: temp=25.3 hum=48.3 pm25=-1.0 co2=287 tvoc_raw=30991 nox_raw=15733 pres=973.2
I (930410) Orchestrator: display update done
I (931400) Orchestrator: sensor_data: temp=25.3 hum=48.0 pm25=-1.0 co2=287 tvoc_raw=30991 nox_raw=15733 pres=973.2
I (931410) Orchestrator: display update done
I (932400) Orchestrator: sensor_data: temp=25.3 hum=47.8 pm25=-1.0 co2=287 tvoc_raw=30991 nox_raw=15733 pres=973.2
I (932410) Orchestrator: display update done
I (933400) Orchestrator: sensor_data: temp=25.3 hum=47.7 pm25=-1.0 co2=287 tvoc_raw=30991 nox_raw=15733 pres=973.2
I (933410) Orchestrator: display update done
I (934400) Orchestrator: sensor_data: temp=25.3 hum=47.4 pm25=-1.0 co2=287 tvoc_raw=30991 nox_raw=15733 pres=973.2
I (934410) Orchestrator: display update done
I (935400) Orchestrator: sensor_data: temp=25.3 hum=47.3 pm25=-1.0 co2=287 tvoc_raw=30991 nox_raw=15733 pres=973.2
I (935410) Orchestrator: display update done
I (936400) Orchestrator: sensor_data: temp=25.3 hum=47.3 pm25=-1.0 co2=287 tvoc_raw=30991 nox_raw=15733 pres=973.2
I (936410) Orchestrator: display update done
I (937080) PowerService: BMS  chg=FastCharge en=1 chg_dis=0 src=UnknownAdapter vbus=4.63V ibus=674mA ibat=+760mA vsys=3703mV vpmid=4589mV tdie=33°C
I (937080) PowerService: FG   SOC=19% V=3.660V I=+756mA P=+2767mW rem=424/2254mAh T=30.1°C [FC=0 CHG=1 DSG=0 OCV=1 ITPOR=0 CFGUP=0 BATDET=1] src=FG
I (937100) PowerService: FG-LRN QMAX_UP=1 RES_UP=0 VOK=1 | V=3660mV BELOW-FLAT(<3750:OCV2-zone)
W (937110) PowerService: BMS regulation: treg=0 vsys=0 iindpm=0 vindpm=1 safety=0 wd=0
I (937400) Orchestrator: sensor_data: temp=25.3 hum=47.2 pm25=-1.0 co2=287 tvoc_raw=30991 nox_raw=15733 pres=973.2
I (937400) Orchestrator: display update done
I (938400) Orchestrator: sensor_data: temp=25.3 hum=47.2 pm25=-1.0 co2=287 tvoc_raw=30991 nox_raw=15733 pres=-1.0
I (938400) Orchestrator: display update done
I (939400) Orchestrator: sensor_data: temp=25.3 hum=47.3 pm25=-1.0 co2=287 tvoc_raw=30991 nox_raw=15733 pres=973.2
I (939410) Orchestrator: display update done
I (940400) Orchestrator: sensor_data: temp=25.2 hum=47.4 pm25=-1.0 co2=287 tvoc_raw=30991 nox_raw=15733 pres=973.2
I (940410) Orchestrator: display update done
I (941400) Orchestrator: sensor_data: temp=25.2 hum=47.5 pm25=-1.0 co2=287 tvoc_raw=30991 nox_raw=15733 pres=973.2
I (941410) Orchestrator: display update done
I (942400) Orchestrator: sensor_data: temp=25.2 hum=47.7 pm25=-1.0 co2=287 tvoc_raw=30991 nox_raw=15733 pres=973.2
I (942410) Orchestrator: display update done
I (943400) Orchestrator: sensor_data: temp=25.2 hum=47.8 pm25=-1.0 co2=287 tvoc_raw=30991 nox_raw=15733 pres=973.2
I (943410) Orchestrator: display update done
I (944400) Orchestrator: sensor_data: temp=25.2 hum=47.9 pm25=-1.0 co2=287 tvoc_raw=30991 nox_raw=15733 pres=973.2
I (944410) Orchestrator: display update done
I (945400) Orchestrator: sensor_data: temp=25.2 hum=48.0 pm25=-1.0 co2=287 tvoc_raw=30991 nox_raw=15733 pres=973.2
I (945410) Orchestrator: display update done
I (947750) PowerService: BMS  chg=FastCharge en=1 chg_dis=0 src=UnknownAdapter vbus=4.63V ibus=674mA ibat=+760mA vsys=3703mV vpmid=4589mV tdie=33°C
I (947750) PowerService: FG   SOC=19% V=3.661V I=+753mA P=+2757mW rem=427/2254mAh T=30.0°C [FC=0 CHG=1 DSG=0 OCV=1 ITPOR=0 CFGUP=0 BATDET=1] src=FG
I (947770) PowerService: FG-LRN QMAX_UP=1 RES_UP=0 VOK=1 | V=3661mV BELOW-FLAT(<3750:OCV2-zone)
W (947770) PowerService: BMS regulation: treg=0 vsys=0 iindpm=0 vindpm=1 safety=0 wd=0
I (947780) Orchestrator: sensor_data: temp=25.3 hum=48.2 pm25=-1.0 co2=287 tvoc_raw=30991 nox_raw=15733 pres=973.2
I (947800) Orchestrator: display update done
I (948760) Orchestrator: sensor_data: temp=25.3 hum=48.2 pm25=-1.0 co2=287 tvoc_raw=30991 nox_raw=15733 pres=973.2
I (948770) Orchestrator: display update done
I (949760) Orchestrator: sensor_data: temp=25.3 hum=48.3 pm25=-1.0 co2=287 tvoc_raw=30991 nox_raw=15733 pres=973.2
I (949770) Orchestrator: display update done
I (950760) Orchestrator: sensor_data: temp=25.3 hum=48.4 pm25=-1.0 co2=287 tvoc_raw=30991 nox_raw=15733 pres=973.2
I (950770) Orchestrator: display update done
I (951760) Orchestrator: sensor_data: temp=25.3 hum=48.4 pm25=-1.0 co2=287 tvoc_raw=30991 nox_raw=15733 pres=973.2
I (951770) Orchestrator: display update done
I (952760) Orchestrator: sensor_data: temp=25.3 hum=48.4 pm25=-1.0 co2=287 tvoc_raw=30991 nox_raw=15733 pres=973.2
I (952760) Orchestrator: display update done
I (953760) Orchestrator: sensor_data: temp=25.3 hum=48.4 pm25=-1.0 co2=287 tvoc_raw=30991 nox_raw=15733 pres=-1.0
I (953760) Orchestrator: display update done
I (954760) Orchestrator: sensor_data: temp=25.3 hum=48.2 pm25=-1.0 co2=287 tvoc_raw=30991 nox_raw=15733 pres=973.2
I (954770) Orchestrator: display update done
I (955760) Orchestrator: sensor_data: temp=25.3 hum=48.1 pm25=-1.0 co2=286 tvoc_raw=30991 nox_raw=15733 pres=973.2
I (955770) Orchestrator: display update done
I (956760) Orchestrator: sensor_data: temp=25.3 hum=47.9 pm25=-1.0 co2=286 tvoc_raw=30991 nox_raw=15733 pres=973.2
I (956770) Orchestrator: display update done
I (957760) Orchestrator: sensor_data: temp=25.3 hum=47.9 pm25=-1.0 co2=286 tvoc_raw=30991 nox_raw=15733 pres=973.2
I (957770) Orchestrator: display update done
I (958400) PowerService: BMS  chg=FastCharge en=1 chg_dis=0 src=UnknownAdapter vbus=4.63V ibus=682mA ibat=+772mA vsys=3707mV vpmid=4589mV tdie=33°C
I (958400) PowerService: FG   SOC=20% V=3.664V I=+758mA P=+2777mW rem=429/2254mAh T=30.2°C [FC=0 CHG=1 DSG=0 OCV=1 ITPOR=0 CFGUP=0 BATDET=1] src=FG
I (958410) PowerService: FG-LRN QMAX_UP=1 RES_UP=0 VOK=1 | V=3664mV BELOW-FLAT(<3750:OCV2-zone)
W (958420) PowerService: BMS regulation: treg=0 vsys=0 iindpm=0 vindpm=1 safety=0 wd=0
I (958760) Orchestrator: sensor_data: temp=25.3 hum=47.9 pm25=-1.0 co2=286 tvoc_raw=30991 nox_raw=15733 pres=973.2
I (958770) Orchestrator: display update done
I (960600) Orchestrator: sensor_data: temp=25.3 hum=48.0 pm25=-1.0 co2=286 tvoc_raw=30991 nox_raw=15733 pres=973.2
I (960610) Orchestrator: display update done
I (961600) Orchestrator: sensor_data: temp=25.3 hum=48.0 pm25=-1.0 co2=286 tvoc_raw=30991 nox_raw=15733 pres=973.2
I (961610) Orchestrator: display update done
I (962600) Orchestrator: sensor_data: temp=25.2 hum=47.9 pm25=-1.0 co2=286 tvoc_raw=30991 nox_raw=15733 pres=973.2
I (962610) Orchestrator: display update done
I (963600) Orchestrator: sensor_data: temp=25.3 hum=47.8 pm25=-1.0 co2=286 tvoc_raw=30991 nox_raw=15733 pres=973.2
I (963610) Orchestrator: display update done
I (964600) Orchestrator: sensor_data: temp=25.3 hum=47.9 pm25=-1.0 co2=286 tvoc_raw=30991 nox_raw=15733 pres=973.2
I (964610) Orchestrator: display update done
I (965600) Orchestrator: sensor_data: temp=25.2 hum=48.0 pm25=-1.0 co2=286 tvoc_raw=30991 nox_raw=15733 pres=973.2
I (965610) Orchestrator: display update done
I (966600) Orchestrator: sensor_data: temp=25.2 hum=48.1 pm25=-1.0 co2=286 tvoc_raw=30991 nox_raw=15733 pres=973.2
I (966610) Orchestrator: display update done
I (967600) Orchestrator: sensor_data: temp=25.2 hum=48.2 pm25=-1.0 co2=286 tvoc_raw=30991 nox_raw=15733 pres=973.2
I (967610) Orchestrator: display update done
I (968440) PowerService: BMS  chg=FastCharge en=1 chg_dis=0 src=UnknownAdapter vbus=4.63V ibus=686mA ibat=+772mA vsys=3707mV vpmid=4589mV tdie=33°C
I (968440) PowerService: FG   SOC=20% V=3.664V I=+758mA P=+2777mW rem=431/2255mAh T=30.2°C [FC=0 CHG=1 DSG=0 OCV=1 ITPOR=0 CFGUP=0 BATDET=1] src=FG
I (968450) PowerService: FG-LRN QMAX_UP=1 RES_UP=0 VOK=1 | V=3664mV BELOW-FLAT(<3750:OCV2-zone)
W (968460) PowerService: BMS regulation: treg=0 vsys=0 iindpm=0 vindpm=1 safety=0 wd=0
I (968600) Orchestrator: sensor_data: temp=25.2 hum=48.2 pm25=-1.0 co2=286 tvoc_raw=30991 nox_raw=15733 pres=973.2
I (968610) Orchestrator: display update done
I (970960) Orchestrator: sensor_data: temp=25.2 hum=48.2 pm25=-1.0 co2=286 tvoc_raw=30991 nox_raw=15733 pres=973.2
I (970970) Orchestrator: display update done
I (971960) Orchestrator: sensor_data: temp=25.2 hum=48.1 pm25=-1.0 co2=286 tvoc_raw=30991 nox_raw=15733 pres=973.2
I (971970) Orchestrator: display update done
I (972960) Orchestrator: sensor_data: temp=25.2 hum=48.1 pm25=-1.0 co2=286 tvoc_raw=30991 nox_raw=15733 pres=973.2
I (972970) Orchestrator: display update done
I (973960) Orchestrator: sensor_data: temp=25.1 hum=48.1 pm25=-1.0 co2=286 tvoc_raw=30991 nox_raw=15733 pres=973.2
I (973970) Orchestrator: display update done
I (974960) Orchestrator: sensor_data: temp=25.1 hum=48.2 pm25=-1.0 co2=286 tvoc_raw=30991 nox_raw=15733 pres=973.2
I (974970) Orchestrator: display update done
I (975960) Orchestrator: sensor_data: temp=25.1 hum=48.2 pm25=-1.0 co2=286 tvoc_raw=30991 nox_raw=15733 pres=973.2
I (975970) Orchestrator: display update done
I (976960) Orchestrator: sensor_data: temp=25.1 hum=48.2 pm25=-1.0 co2=286 tvoc_raw=30991 nox_raw=15733 pres=973.2
I (976970) Orchestrator: display update done
I (977960) Orchestrator: sensor_data: temp=25.2 hum=48.3 pm25=-1.0 co2=286 tvoc_raw=30991 nox_raw=15733 pres=973.2
I (977970) Orchestrator: display update done
I (978600) PowerService: BMS  chg=FastCharge en=1 chg_dis=0 src=UnknownAdapter vbus=4.63V ibus=674mA ibat=+760mA vsys=3707mV vpmid=4589mV tdie=33°C
I (978600) PowerService: FG   SOC=20% V=3.666V I=+759mA P=+2782mW rem=433/2255mAh T=30.2°C [FC=0 CHG=1 DSG=0 OCV=1 ITPOR=0 CFGUP=0 BATDET=1] src=FG
I (978620) PowerService: FG-LRN QMAX_UP=1 RES_UP=0 VOK=1 | V=3666mV BELOW-FLAT(<3750:OCV2-zone)
W (978630) PowerService: BMS regulation: treg=0 vsys=0 iindpm=0 vindpm=1 safety=0 wd=0
I (978960) Orchestrator: sensor_data: temp=25.1 hum=48.2 pm25=-1.0 co2=286 tvoc_raw=30991 nox_raw=15733 pres=973.2
I (978970) Orchestrator: display update done
I (979960) Orchestrator: sensor_data: temp=25.1 hum=48.2 pm25=-1.0 co2=286 tvoc_raw=30991 nox_raw=15733 pres=973.2
I (979970) Orchestrator: display update done
I (980960) Orchestrator: sensor_data: temp=25.1 hum=48.3 pm25=-1.0 co2=286 tvoc_raw=30991 nox_raw=15733 pres=973.2
I (980970) Orchestrator: display update done
I (981960) Orchestrator: sensor_data: temp=25.1 hum=48.3 pm25=-1.0 co2=286 tvoc_raw=30991 nox_raw=15733 pres=973.2
I (981970) Orchestrator: display update done
I (982960) Orchestrator: sensor_data: temp=25.1 hum=48.3 pm25=-1.0 co2=286 tvoc_raw=30991 nox_raw=15733 pres=973.2
I (982970) Orchestrator: display update done
I (983960) Orchestrator: sensor_data: temp=25.2 hum=48.3 pm25=-1.0 co2=286 tvoc_raw=30991 nox_raw=15733 pres=973.2
I (983970) Orchestrator: display update done
I (984960) Orchestrator: sensor_data: temp=25.2 hum=48.2 pm25=-1.0 co2=286 tvoc_raw=30991 nox_raw=15733 pres=973.2
I (984970) Orchestrator: display update done
I (985960) Orchestrator: sensor_data: temp=25.2 hum=48.1 pm25=-1.0 co2=285 tvoc_raw=30991 nox_raw=15733 pres=973.2
I (985970) Orchestrator: display update done
I (986960) Orchestrator: sensor_data: temp=25.3 hum=48.2 pm25=-1.0 co2=285 tvoc_raw=30991 nox_raw=15733 pres=973.2
I (986970) Orchestrator: display update done
I (987960) Orchestrator: sensor_data: temp=25.3 hum=48.3 pm25=-1.0 co2=285 tvoc_raw=30991 nox_raw=15733 pres=973.2
I (987970) Orchestrator: display update done
I (988640) PowerService: BMS  chg=FastCharge en=1 chg_dis=0 src=UnknownAdapter vbus=4.64V ibus=674mA ibat=+764mA vsys=3707mV vpmid=4589mV tdie=33°C
I (988640) PowerService: FG   SOC=20% V=3.666V I=+758mA P=+2779mW rem=435/2255mAh T=30.2°C [FC=0 CHG=1 DSG=0 OCV=1 ITPOR=0 CFGUP=0 BATDET=1] src=FG
I (988660) PowerService: FG-LRN QMAX_UP=1 RES_UP=0 VOK=1 | V=3666mV BELOW-FLAT(<3750:OCV2-zone)
W (988670) PowerService: BMS regulation: treg=0 vsys=0 iindpm=0 vindpm=1 safety=0 wd=0
I (988960) Orchestrator: sensor_data: temp=25.4 hum=48.4 pm25=-1.0 co2=285 tvoc_raw=30991 nox_raw=15733 pres=973.2
I (988970) Orchestrator: display update done
I (989960) Orchestrator: sensor_data: temp=25.4 hum=48.4 pm25=-1.0 co2=285 tvoc_raw=30991 nox_raw=15733 pres=973.2
I (989970) Orchestrator: display update done
I (990960) Orchestrator: sensor_data: temp=25.4 hum=48.5 pm25=-1.0 co2=286 tvoc_raw=30991 nox_raw=15733 pres=973.2
I (990970) Orchestrator: display update done
I (993320) Orchestrator: sensor_data: temp=25.5 hum=48.4 pm25=-1.0 co2=286 tvoc_raw=30991 nox_raw=15733 pres=973.2
I (993330) Orchestrator: display update done
I (994320) Orchestrator: sensor_data: temp=25.5 hum=48.4 pm25=-1.0 co2=286 tvoc_raw=30991 nox_raw=15733 pres=973.2
I (994330) Orchestrator: display update done
I (995320) Orchestrator: sensor_data: temp=25.4 hum=48.1 pm25=-1.0 co2=286 tvoc_raw=30991 nox_raw=15733 pres=973.2
I (995330) Orchestrator: display update done
I (996320) Orchestrator: sensor_data: temp=25.4 hum=48.0 pm25=-1.0 co2=286 tvoc_raw=30991 nox_raw=15733 pres=973.2
I (996330) Orchestrator: display update done
I (997320) Orchestrator: sensor_data: temp=25.3 hum=47.9 pm25=-1.0 co2=286 tvoc_raw=30991 nox_raw=15733 pres=973.2
I (997330) Orchestrator: display update done
I (998320) Orchestrator: sensor_data: temp=25.4 hum=47.8 pm25=-1.0 co2=287 tvoc_raw=30991 nox_raw=15733 pres=973.2
I (998330) Orchestrator: display update done
I (998960) PowerService: BMS  chg=FastCharge en=1 chg_dis=0 src=UnknownAdapter vbus=4.63V ibus=674mA ibat=+760mA vsys=3709mV vpmid=4589mV tdie=33°C
I (998960) PowerService: FG   SOC=20% V=3.666V I=+758mA P=+2779mW rem=438/2255mAh T=30.2°C [FC=0 CHG=1 DSG=0 OCV=1 ITPOR=0 CFGUP=0 BATDET=1] src=FG
I (998980) PowerService: FG-LRN QMAX_UP=1 RES_UP=0 VOK=1 | V=3666mV BELOW-FLAT(<3750:OCV2-zone)
W (998990) PowerService: BMS regulation: treg=0 vsys=0 iindpm=0 vindpm=1 safety=0 wd=0
I (999320) Orchestrator: sensor_data: temp=25.4 hum=47.8 pm25=-1.0 co2=287 tvoc_raw=30991 nox_raw=15733 pres=973.2
I (999330) Orchestrator: display update done
I (1000320) Orchestrator: sensor_data: temp=25.3 hum=47.7 pm25=-1.0 co2=287 tvoc_raw=30991 nox_raw=15733 pres=973.2
I (1000330) Orchestrator: display update done
I (1001320) Orchestrator: sensor_data: temp=25.3 hum=47.6 pm25=-1.0 co2=287 tvoc_raw=30991 nox_raw=15733 pres=973.2
I (1001330) Orchestrator: display update done
I (1002320) Orchestrator: sensor_data: temp=25.3 hum=47.6 pm25=-1.0 co2=287 tvoc_raw=30991 nox_raw=15733 pres=973.2
I (1002330) Orchestrator: display update done
I (1003320) Orchestrator: sensor_data: temp=25.4 hum=47.6 pm25=-1.0 co2=287 tvoc_raw=30991 nox_raw=15733 pres=973.2
I (1003330) Orchestrator: display update done
I (1004320) Orchestrator: sensor_data: temp=25.4 hum=47.7 pm25=-1.0 co2=288 tvoc_raw=30991 nox_raw=15733 pres=973.2
I (1004330) Orchestrator: display update done
I (1005320) Orchestrator: sensor_data: temp=25.3 hum=47.8 pm25=-1.0 co2=288 tvoc_raw=30991 nox_raw=15733 pres=973.2
I (1005330) Orchestrator: display update done
I (1006320) Orchestrator: sensor_data: temp=25.3 hum=47.8 pm25=-1.0 co2=288 tvoc_raw=30991 nox_raw=15733 pres=973.2
I (1006330) Orchestrator: display update done
I (1007320) Orchestrator: sensor_data: temp=25.3 hum=48.0 pm25=-1.0 co2=288 tvoc_raw=30991 nox_raw=15733 pres=973.2
I (1007330) Orchestrator: display update done
I (1008320) Orchestrator: sensor_data: temp=25.3 hum=48.1 pm25=-1.0 co2=288 tvoc_raw=30991 nox_raw=15733 pres=973.2
I (1008330) Orchestrator: display update done
I (1009000) PowerService: BMS  chg=FastCharge en=1 chg_dis=0 src=UnknownAdapter vbus=4.63V ibus=676mA ibat=+760mA vsys=3709mV vpmid=4589mV tdie=33°C
I (1009000) PowerService: FG   SOC=20% V=3.667V I=+757mA P=+2776mW rem=440/2256mAh T=30.2°C [FC=0 CHG=1 DSG=0 OCV=1 ITPOR=0 CFGUP=0 BATDET=1] src=FG
I (1009020) PowerService: FG-LRN QMAX_UP=1 RES_UP=0 VOK=1 | V=3667mV BELOW-FLAT(<3750:OCV2-zone)
W (1009030) PowerService: BMS regulation: treg=0 vsys=0 iindpm=0 vindpm=1 safety=0 wd=0
I (1009320) Orchestrator: sensor_data: temp=25.3 hum=48.0 pm25=-1.0 co2=288 tvoc_raw=30991 nox_raw=15733 pres=973.2
I (1009330) Orchestrator: display update done
I (1010320) Orchestrator: sensor_data: temp=25.3 hum=47.9 pm25=-1.0 co2=288 tvoc_raw=30991 nox_raw=15733 pres=973.2
I (1010330) Orchestrator: display update done
I (1011320) Orchestrator: sensor_data: temp=25.3 hum=47.8 pm25=-1.0 co2=288 tvoc_raw=30991 nox_raw=15733 pres=973.2
I (1011330) Orchestrator: display update done
I (1012320) Orchestrator: sensor_data: temp=25.4 hum=47.6 pm25=-1.0 co2=288 tvoc_raw=30991 nox_raw=15733 pres=973.2
I (1012330) Orchestrator: display update done
I (1013320) Orchestrator: sensor_data: temp=25.3 hum=47.5 pm25=-1.0 co2=288 tvoc_raw=30991 nox_raw=15733 pres=973.2
I (1013330) Orchestrator: display update done
I (1015680) Orchestrator: sensor_data: temp=25.3 hum=47.4 pm25=-1.0 co2=288 tvoc_raw=30991 nox_raw=15733 pres=973.2
I (1015690) Orchestrator: display update done
I (1016680) Orchestrator: sensor_data: temp=25.3 hum=47.4 pm25=-1.0 co2=288 tvoc_raw=30991 nox_raw=15733 pres=973.2
I (1016690) Orchestrator: display update done
I (1017680) Orchestrator: sensor_data: temp=25.2 hum=47.4 pm25=-1.0 co2=288 tvoc_raw=30991 nox_raw=15733 pres=973.2
I (1017690) Orchestrator: display update done
I (1018680) Orchestrator: sensor_data: temp=25.3 hum=47.5 pm25=-1.0 co2=288 tvoc_raw=30991 nox_raw=15733 pres=973.2
I (1018690) Orchestrator: display update done
I (1019320) PowerService: BMS  chg=FastCharge en=1 chg_dis=0 src=UnknownAdapter vbus=4.63V ibus=676mA ibat=+760mA vsys=3709mV vpmid=4585mV tdie=33°C
I (1019330) PowerService: FG   SOC=20% V=3.670V I=+757mA P=+2778mW rem=442/2256mAh T=30.0°C [FC=0 CHG=1 DSG=0 OCV=1 ITPOR=0 CFGUP=0 BATDET=1] src=FG
I (1019340) PowerService: FG-LRN QMAX_UP=1 RES_UP=0 VOK=1 | V=3670mV BELOW-FLAT(<3750:OCV2-zone)
W (1019350) PowerService: BMS regulation: treg=0 vsys=0 iindpm=0 vindpm=1 safety=0 wd=0
I (1019680) Orchestrator: sensor_data: temp=25.3 hum=47.5 pm25=-1.0 co2=288 tvoc_raw=30991 nox_raw=15733 pres=973.2
I (1019690) Orchestrator: display update done
I (1020680) Orchestrator: sensor_data: temp=25.2 hum=47.6 pm25=-1.0 co2=288 tvoc_raw=30991 nox_raw=15733 pres=973.2
I (1020690) Orchestrator: display update done
I (1021680) Orchestrator: sensor_data: temp=25.2 hum=47.8 pm25=-1.0 co2=288 tvoc_raw=30991 nox_raw=15733 pres=973.2
I (1021690) Orchestrator: display update done
I (1022680) Orchestrator: sensor_data: temp=25.2 hum=47.7 pm25=-1.0 co2=288 tvoc_raw=30991 nox_raw=15733 pres=973.2
I (1022690) Orchestrator: display update done
I (1023680) Orchestrator: sensor_data: temp=25.2 hum=47.6 pm25=-1.0 co2=288 tvoc_raw=30991 nox_raw=15733 pres=973.2
I (1023690) Orchestrator: display update done
I (1024680) Orchestrator: sensor_data: temp=25.2 hum=47.7 pm25=-1.0 co2=288 tvoc_raw=30991 nox_raw=15733 pres=973.2
I (1024690) Orchestrator: display update done
I (1025680) Orchestrator: sensor_data: temp=25.2 hum=47.9 pm25=-1.0 co2=288 tvoc_raw=30991 nox_raw=15733 pres=973.2
I (1025690) Orchestrator: display update done
I (1026680) Orchestrator: sensor_data: temp=25.3 hum=48.0 pm25=-1.0 co2=288 tvoc_raw=30991 nox_raw=15733 pres=973.2
I (1026690) Orchestrator: display update done
I (1027680) Orchestrator: sensor_data: temp=25.3 hum=48.4 pm25=-1.0 co2=288 tvoc_raw=30991 nox_raw=15733 pres=973.3
I (1027690) Orchestrator: display update done
I (1028680) Orchestrator: sensor_data: temp=25.3 hum=48.8 pm25=-1.0 co2=288 tvoc_raw=30991 nox_raw=15733 pres=973.3
I (1028690) Orchestrator: display update done
I (1029360) PowerService: BMS  chg=FastCharge en=1 chg_dis=0 src=UnknownAdapter vbus=4.63V ibus=676mA ibat=+760mA vsys=3715mV vpmid=4589mV tdie=33°C
I (1029360) PowerService: FG   SOC=20% V=3.671V I=+758mA P=+2783mW rem=444/2256mAh T=30.2°C [FC=0 CHG=1 DSG=0 OCV=1 ITPOR=0 CFGUP=0 BATDET=1] src=FG
I (1029380) PowerService: FG-LRN QMAX_UP=1 RES_UP=0 VOK=1 | V=3671mV BELOW-FLAT(<3750:OCV2-zone)
W (1029390) PowerService: BMS regulation: treg=0 vsys=0 iindpm=0 vindpm=1 safety=0 wd=0
I (1029680) Orchestrator: sensor_data: temp=25.4 hum=49.1 pm25=-1.0 co2=288 tvoc_raw=30991 nox_raw=15733 pres=973.2
I (1029690) Orchestrator: display update done
I (1030680) Orchestrator: sensor_data: temp=25.4 hum=49.0 pm25=-1.0 co2=287 tvoc_raw=30991 nox_raw=15733 pres=973.3
I (1030690) Orchestrator: display update done
I (1031680) Orchestrator: sensor_data: temp=25.4 hum=48.7 pm25=-1.0 co2=287 tvoc_raw=30991 nox_raw=15733 pres=973.2
I (1031690) Orchestrator: display update done
I (1032680) Orchestrator: sensor_data: temp=25.3 hum=48.4 pm25=-1.0 co2=288 tvoc_raw=30991 nox_raw=15733 pres=973.3
I (1032680) Orchestrator: display update done
I (1033680) Orchestrator: sensor_data: temp=25.3 hum=48.3 pm25=-1.0 co2=288 tvoc_raw=30991 nox_raw=15733 pres=-1.0
I (1033680) Orchestrator: display update done
I (1034680) Orchestrator: sensor_data: temp=25.3 hum=48.2 pm25=-1.0 co2=289 tvoc_raw=30991 nox_raw=15733 pres=973.2
I (1034690) Orchestrator: display update done
I (1035680) Orchestrator: sensor_data: temp=25.3 hum=48.2 pm25=-1.0 co2=289 tvoc_raw=30991 nox_raw=15733 pres=973.2
I (1035690) Orchestrator: display update done
I (1038040) Orchestrator: sensor_data: temp=25.3 hum=48.0 pm25=-1.0 co2=289 tvoc_raw=30991 nox_raw=15733 pres=973.2
I (1038050) Orchestrator: display update done
I (1039040) Orchestrator: sensor_data: temp=25.3 hum=47.9 pm25=-1.0 co2=290 tvoc_raw=30991 nox_raw=15733 pres=973.2
I (1039050) Orchestrator: display update done
I (1039680) PowerService: BMS  chg=FastCharge en=1 chg_dis=0 src=UnknownAdapter vbus=4.63V ibus=674mA ibat=+760mA vsys=3711mV vpmid=4589mV tdie=33°C
I (1039680) PowerService: FG   SOC=20% V=3.669V I=+758mA P=+2781mW rem=446/2257mAh T=30.1°C [FC=0 CHG=1 DSG=0 OCV=1 ITPOR=0 CFGUP=0 BATDET=1] src=FG
I (1039700) PowerService: FG-LRN QMAX_UP=1 RES_UP=0 VOK=1 | V=3669mV BELOW-FLAT(<3750:OCV2-zone)
W (1039710) PowerService: BMS regulation: treg=0 vsys=0 iindpm=0 vindpm=1 safety=0 wd=0
I (1040040) Orchestrator: sensor_data: temp=25.3 hum=47.9 pm25=-1.0 co2=290 tvoc_raw=30991 nox_raw=15733 pres=973.2
I (1040050) Orchestrator: display update done
I (1041040) Orchestrator: sensor_data: temp=25.3 hum=48.0 pm25=-1.0 co2=290 tvoc_raw=30991 nox_raw=15733 pres=973.2
I (1041050) Orchestrator: display update done
I (1042040) Orchestrator: sensor_data: temp=25.3 hum=48.0 pm25=-1.0 co2=290 tvoc_raw=30991 nox_raw=15733 pres=973.3
I (1042050) Orchestrator: display update done
I (1043040) Orchestrator: sensor_data: temp=25.3 hum=48.3 pm25=-1.0 co2=292 tvoc_raw=30991 nox_raw=15733 pres=973.3
I (1043050) Orchestrator: display update done
I (1044040) Orchestrator: sensor_data: temp=25.3 hum=49.2 pm25=-1.0 co2=292 tvoc_raw=30991 nox_raw=15733 pres=973.3
I (1044050) Orchestrator: display update done
I (1045040) Orchestrator: sensor_data: temp=25.3 hum=49.5 pm25=-1.0 co2=294 tvoc_raw=30991 nox_raw=15733 pres=973.3
I (1045050) Orchestrator: display update done
I (1046040) Orchestrator: sensor_data: temp=25.3 hum=49.2 pm25=-1.0 co2=294 tvoc_raw=30991 nox_raw=15733 pres=973.3
I (1046050) Orchestrator: display update done
I (1047040) Orchestrator: sensor_data: temp=25.3 hum=48.9 pm25=-1.0 co2=296 tvoc_raw=30991 nox_raw=15733 pres=973.3
I (1047050) Orchestrator: display update done
I (1048040) Orchestrator: sensor_data: temp=25.3 hum=48.6 pm25=-1.0 co2=296 tvoc_raw=30991 nox_raw=15733 pres=973.3
I (1048040) Orchestrator: display update done
I (1049040) Orchestrator: sensor_data: temp=25.3 hum=48.4 pm25=-1.0 co2=298 tvoc_raw=30991 nox_raw=15733 pres=-1.0
I (1049040) Orchestrator: display update done
I (1049720) PowerService: BMS  chg=FastCharge en=1 chg_dis=0 src=UnknownAdapter vbus=4.63V ibus=676mA ibat=+760mA vsys=3713mV vpmid=4589mV tdie=33°C
I (1049720) PowerService: FG   SOC=20% V=3.670V I=+758mA P=+2782mW rem=448/2257mAh T=30.2°C [FC=0 CHG=1 DSG=0 OCV=1 ITPOR=0 CFGUP=0 BATDET=1] src=FG
I (1049740) PowerService: FG-LRN QMAX_UP=1 RES_UP=0 VOK=1 | V=3670mV BELOW-FLAT(<3750:OCV2-zone)
W (1049750) PowerService: BMS regulation: treg=0 vsys=0 iindpm=0 vindpm=1 safety=0 wd=0
I (1050040) Orchestrator: sensor_data: temp=25.3 hum=48.0 pm25=-1.0 co2=298 tvoc_raw=30991 nox_raw=15733 pres=973.2
I (1050050) Orchestrator: display update done
I (1051040) Orchestrator: sensor_data: temp=25.2 hum=47.8 pm25=-1.0 co2=300 tvoc_raw=30991 nox_raw=15733 pres=973.3
I (1051050) Orchestrator: display update done
I (1052040) Orchestrator: sensor_data: temp=25.2 hum=47.6 pm25=-1.0 co2=300 tvoc_raw=30991 nox_raw=15733 pres=973.3
I (1052050) Orchestrator: display update done
I (1053040) Orchestrator: sensor_data: temp=25.2 hum=47.4 pm25=-1.0 co2=301 tvoc_raw=30991 nox_raw=15733 pres=973.2
I (1053050) Orchestrator: display update done
I (1054040) Orchestrator: sensor_data: temp=25.2 hum=47.4 pm25=-1.0 co2=301 tvoc_raw=30991 nox_raw=15733 pres=973.2
I (1054050) Orchestrator: display update done
I (1055040) Orchestrator: sensor_data: temp=25.2 hum=47.4 pm25=-1.0 co2=302 tvoc_raw=30991 nox_raw=15733 pres=973.3
I (1055050) Orchestrator: display update done
I (1056040) Orchestrator: sensor_data: temp=25.1 hum=47.5 pm25=-1.0 co2=302 tvoc_raw=30991 nox_raw=15733 pres=973.3
I (1056050) Orchestrator: display update done
I (1057040) Orchestrator: sensor_data: temp=25.2 hum=47.7 pm25=-1.0 co2=302 tvoc_raw=30991 nox_raw=15733 pres=973.3
I (1057050) Orchestrator: display update done
I (1058040) Orchestrator: sensor_data: temp=25.1 hum=47.7 pm25=-1.0 co2=302 tvoc_raw=30991 nox_raw=15733 pres=973.3
I (1058050) Orchestrator: display update done
I (1060390) PowerService: BMS  chg=FastCharge en=1 chg_dis=0 src=UnknownAdapter vbus=4.63V ibus=674mA ibat=+760mA vsys=3713mV vpmid=4589mV tdie=33°C
I (1060390) PowerService: FG   SOC=20% V=3.671V I=+753mA P=+2764mW rem=451/2257mAh T=30.0°C [FC=0 CHG=1 DSG=0 OCV=1 ITPOR=0 CFGUP=0 BATDET=1] src=FG
I (1060410) PowerService: FG-LRN QMAX_UP=1 RES_UP=0 VOK=1 | V=3671mV BELOW-FLAT(<3750:OCV2-zone)
W (1060410) PowerService: BMS regulation: treg=0 vsys=0 iindpm=0 vindpm=1 safety=0 wd=0
I (1060420) Orchestrator: sensor_data: temp=25.1 hum=47.9 pm25=-1.0 co2=302 tvoc_raw=30991 nox_raw=15733 pres=973.3
I (1060440) Orchestrator: display update done
I (1061400) Orchestrator: sensor_data: temp=25.1 hum=47.9 pm25=-1.0 co2=302 tvoc_raw=30991 nox_raw=15733 pres=973.3
I (1061410) Orchestrator: display update done
I (1062400) Orchestrator: sensor_data: temp=25.1 hum=48.1 pm25=-1.0 co2=302 tvoc_raw=30991 nox_raw=15733 pres=973.3
I (1062400) Orchestrator: display update done
I (1063400) Orchestrator: sensor_data: temp=25.1 hum=48.1 pm25=-1.0 co2=302 tvoc_raw=30991 nox_raw=15733 pres=-1.0
I (1063400) Orchestrator: display update done
I (1064400) Orchestrator: sensor_data: temp=25.2 hum=48.3 pm25=-1.0 co2=302 tvoc_raw=30991 nox_raw=15733 pres=973.3
I (1064410) Orchestrator: display update done
I (1065400) Orchestrator: sensor_data: temp=25.2 hum=48.5 pm25=-1.0 co2=303 tvoc_raw=30991 nox_raw=15733 pres=973.3
I (1065410) Orchestrator: display update done
I (1066400) Orchestrator: sensor_data: temp=25.2 hum=48.6 pm25=-1.0 co2=303 tvoc_raw=30991 nox_raw=15733 pres=973.3
I (1066410) Orchestrator: display update done
I (1067400) Orchestrator: sensor_data: temp=25.2 hum=48.7 pm25=-1.0 co2=303 tvoc_raw=30991 nox_raw=15733 pres=973.3
I (1067410) Orchestrator: display update done
I (1068400) Orchestrator: sensor_data: temp=25.2 hum=48.6 pm25=-1.0 co2=303 tvoc_raw=30991 nox_raw=15733 pres=973.3
I (1068410) Orchestrator: display update done
I (1069400) Orchestrator: sensor_data: temp=25.3 hum=48.6 pm25=-1.0 co2=302 tvoc_raw=30991 nox_raw=15733 pres=973.3
I (1069410) Orchestrator: display update done
I (1070400) Orchestrator: sensor_data: temp=25.2 hum=48.4 pm25=-1.0 co2=302 tvoc_raw=30991 nox_raw=15733 pres=973.3
I (1070410) Orchestrator: display update done
I (1071040) PowerService: BMS  chg=FastCharge en=1 chg_dis=0 src=UnknownAdapter vbus=4.63V ibus=686mA ibat=+772mA vsys=3719mV vpmid=4589mV tdie=33°C
I (1071040) PowerService: FG   SOC=21% V=3.673V I=+757mA P=+2780mW rem=453/2257mAh T=30.1°C [FC=0 CHG=1 DSG=0 OCV=1 ITPOR=0 CFGUP=0 BATDET=1] src=FG
I (1071050) PowerService: FG-LRN QMAX_UP=1 RES_UP=0 VOK=1 | V=3673mV BELOW-FLAT(<3750:OCV2-zone)
W (1071060) PowerService: BMS regulation: treg=0 vsys=0 iindpm=0 vindpm=1 safety=0 wd=0
I (1071400) Orchestrator: sensor_data: temp=25.2 hum=48.4 pm25=-1.0 co2=302 tvoc_raw=30991 nox_raw=15733 pres=973.3
I (1071410) Orchestrator: display update done
I (1073240) Orchestrator: sensor_data: temp=25.2 hum=48.2 pm25=-1.0 co2=302 tvoc_raw=30991 nox_raw=15733 pres=973.3
I (1073250) Orchestrator: display update done
I (1074240) Orchestrator: sensor_data: temp=25.2 hum=48.2 pm25=-1.0 co2=302 tvoc_raw=30991 nox_raw=15733 pres=973.3
I (1074250) Orchestrator: display update done
I (1075240) Orchestrator: sensor_data: temp=25.1 hum=48.2 pm25=-1.0 co2=302 tvoc_raw=30991 nox_raw=15733 pres=973.3
I (1075250) Orchestrator: display update done
I (1076240) Orchestrator: sensor_data: temp=25.1 hum=48.1 pm25=-1.0 co2=302 tvoc_raw=30991 nox_raw=15733 pres=973.3
I (1076250) Orchestrator: display update done
I (1077240) Orchestrator: sensor_data: temp=25.1 hum=48.2 pm25=-1.0 co2=301 tvoc_raw=30991 nox_raw=15733 pres=973.3
I (1077250) Orchestrator: display update done
I (1078240) Orchestrator: sensor_data: temp=25.2 hum=48.2 pm25=-1.0 co2=301 tvoc_raw=30991 nox_raw=15733 pres=973.3
I (1078250) Orchestrator: display update done
I (1079240) Orchestrator: sensor_data: temp=25.1 hum=48.2 pm25=-1.0 co2=300 tvoc_raw=30991 nox_raw=15733 pres=973.3
I (1079250) Orchestrator: display update done
I (1080240) Orchestrator: sensor_data: temp=25.1 hum=48.1 pm25=-1.0 co2=300 tvoc_raw=30991 nox_raw=15733 pres=973.3
I (1080250) Orchestrator: display update done
I (1081080) PowerService: BMS  chg=FastCharge en=1 chg_dis=0 src=UnknownAdapter vbus=4.63V ibus=688mA ibat=+760mA vsys=3719mV vpmid=4589mV tdie=33°C
I (1081080) PowerService: FG   SOC=21% V=3.673V I=+757mA P=+2780mW rem=455/2258mAh T=30.1°C [FC=0 CHG=1 DSG=0 OCV=1 ITPOR=0 CFGUP=0 BATDET=1] src=FG
I (1081090) PowerService: FG-LRN QMAX_UP=1 RES_UP=0 VOK=1 | V=3673mV BELOW-FLAT(<3750:OCV2-zone)
W (1081100) PowerService: BMS regulation: treg=0 vsys=0 iindpm=0 vindpm=1 safety=0 wd=0
I (1081240) Orchestrator: sensor_data: temp=25.1 hum=48.1 pm25=-1.0 co2=300 tvoc_raw=30991 nox_raw=15733 pres=973.3
I (1081250) Orchestrator: display update done
I (1083600) Orchestrator: sensor_data: temp=25.1 hum=48.3 pm25=-1.0 co2=300 tvoc_raw=30991 nox_raw=15733 pres=973.3
I (1083610) Orchestrator: display update done
I (1084600) Orchestrator: sensor_data: temp=25.1 hum=48.3 pm25=-1.0 co2=300 tvoc_raw=30991 nox_raw=15733 pres=973.3
I (1084610) Orchestrator: display update done
I (1085600) Orchestrator: sensor_data: temp=25.1 hum=48.3 pm25=-1.0 co2=301 tvoc_raw=30991 nox_raw=15733 pres=973.3
I (1085610) Orchestrator: display update done
I (1086600) Orchestrator: sensor_data: temp=25.1 hum=48.3 pm25=-1.0 co2=301 tvoc_raw=30991 nox_raw=15733 pres=973.3
I (1086610) Orchestrator: display update done
I (1087600) Orchestrator: sensor_data: temp=25.1 hum=48.2 pm25=-1.0 co2=300 tvoc_raw=30991 nox_raw=15733 pres=973.3
I (1087610) Orchestrator: display update done
I (1088600) Orchestrator: sensor_data: temp=25.2 hum=48.2 pm25=-1.0 co2=300 tvoc_raw=30991 nox_raw=15733 pres=973.3
I (1088610) Orchestrator: display update done
I (1089600) Orchestrator: sensor_data: temp=25.2 hum=48.1 pm25=-1.0 co2=300 tvoc_raw=30991 nox_raw=15733 pres=973.3
I (1089610) Orchestrator: display update done
I (1090600) Orchestrator: sensor_data: temp=25.2 hum=48.0 pm25=-1.0 co2=300 tvoc_raw=30991 nox_raw=15733 pres=973.3
I (1090610) Orchestrator: display update done
I (1091240) PowerService: BMS  chg=FastCharge en=1 chg_dis=0 src=UnknownAdapter vbus=4.63V ibus=676mA ibat=+760mA vsys=3717mV vpmid=4589mV tdie=33°C
I (1091240) PowerService: FG   SOC=21% V=3.677V I=+758mA P=+2787mW rem=457/2258mAh T=30.1°C [FC=0 CHG=1 DSG=0 OCV=1 ITPOR=0 CFGUP=0 BATDET=1] src=FG
I (1091260) PowerService: FG-LRN QMAX_UP=1 RES_UP=0 VOK=1 | V=3677mV BELOW-FLAT(<3750:OCV2-zone)
W (1091270) PowerService: BMS regulation: treg=0 vsys=0 iindpm=0 vindpm=1 safety=0 wd=0
I (1092290) Orchestrator: sensor_data: temp=25.2 hum=47.8 pm25=-1.0 co2=300 tvoc_raw=30991 nox_raw=15733 pres=973.3
I (1092300) Orchestrator: display update done
I (1093290) Orchestrator: sensor_data: temp=25.2 hum=47.7 pm25=-1.0 co2=300 tvoc_raw=30991 nox_raw=15733 pres=973.3
I (1093300) Orchestrator: display update done
I (1094290) Orchestrator: sensor_data: temp=25.1 hum=47.7 pm25=-1.0 co2=300 tvoc_raw=30991 nox_raw=15733 pres=973.3
I (1094300) Orchestrator: display update done
I (1095290) Orchestrator: sensor_data: temp=25.1 hum=47.7 pm25=-1.0 co2=299 tvoc_raw=30991 nox_raw=15733 pres=973.3
I (1095300) Orchestrator: display update done
I (1096290) Orchestrator: sensor_data: temp=25.1 hum=47.6 pm25=-1.0 co2=299 tvoc_raw=30991 nox_raw=15733 pres=973.3
I (1096300) Orchestrator: display update done
I (1097290) Orchestrator: sensor_data: temp=25.1 hum=47.7 pm25=-1.0 co2=299 tvoc_raw=30991 nox_raw=15733 pres=973.3
I (1097300) Orchestrator: display update done
I (1098290) Orchestrator: sensor_data: temp=25.1 hum=47.8 pm25=-1.0 co2=299 tvoc_raw=30991 nox_raw=15733 pres=973.3
I (1098300) Orchestrator: display update done
I (1099290) Orchestrator: sensor_data: temp=25.1 hum=47.8 pm25=-1.0 co2=298 tvoc_raw=30991 nox_raw=15733 pres=973.3
I (1099300) Orchestrator: display update done
I (1100290) Orchestrator: sensor_data: temp=25.0 hum=47.9 pm25=-1.0 co2=298 tvoc_raw=30991 nox_raw=15733 pres=973.3
I (1100290) Orchestrator: display update done
I (1101280) PowerService: BMS  chg=FastCharge en=1 chg_dis=0 src=UnknownAdapter vbus=4.63V ibus=688mA ibat=+772mA vsys=3721mV vpmid=4589mV tdie=33°C
I (1101280) PowerService: FG   SOC=21% V=3.675V I=+757mA P=+2782mW rem=459/2258mAh T=30.0°C [FC=0 CHG=1 DSG=0 OCV=1 ITPOR=0 CFGUP=0 BATDET=1] src=FG
I (1101300) PowerService: FG-LRN QMAX_UP=1 RES_UP=0 VOK=1 | V=3675mV BELOW-FLAT(<3750:OCV2-zone)
W (1101310) PowerService: BMS regulation: treg=0 vsys=0 iindpm=0 vindpm=1 safety=0 wd=0
I (1101310) Orchestrator: sensor_data: temp=25.0 hum=48.0 pm25=-1.0 co2=297 tvoc_raw=30991 nox_raw=15733 pres=-1.0
I (1101330) Orchestrator: display update done
I (1102290) Orchestrator: sensor_data: temp=25.1 hum=48.0 pm25=-1.0 co2=297 tvoc_raw=30991 nox_raw=15733 pres=973.3
I (1102300) Orchestrator: display update done
I (1103290) Orchestrator: sensor_data: temp=25.1 hum=48.0 pm25=-1.0 co2=296 tvoc_raw=30991 nox_raw=15733 pres=973.3
I (1103300) Orchestrator: display update done
I (1104290) Orchestrator: sensor_data: temp=25.1 hum=48.0 pm25=-1.0 co2=296 tvoc_raw=30991 nox_raw=15733 pres=973.3
I (1104300) Orchestrator: display update done
I (1106650) Orchestrator: sensor_data: temp=25.2 hum=48.2 pm25=-1.0 co2=296 tvoc_raw=30991 nox_raw=15733 pres=973.3
I (1106660) Orchestrator: display update done
I (1107650) Orchestrator: sensor_data: temp=25.2 hum=48.2 pm25=-1.0 co2=295 tvoc_raw=30991 nox_raw=15733 pres=973.3
I (1107660) Orchestrator: display update done
I (1108650) Orchestrator: sensor_data: temp=25.2 hum=48.1 pm25=-1.0 co2=295 tvoc_raw=30991 nox_raw=15733 pres=973.3
I (1108660) Orchestrator: display update done
I (1109650) Orchestrator: sensor_data: temp=25.2 hum=48.1 pm25=-1.0 co2=294 tvoc_raw=30991 nox_raw=15733 pres=973.3
I (1109660) Orchestrator: display update done
I (1110650) Orchestrator: sensor_data: temp=25.2 hum=48.0 pm25=-1.0 co2=294 tvoc_raw=30991 nox_raw=15733 pres=973.3
I (1110660) Orchestrator: display update done
I (1111320) PowerService: BMS  chg=FastCharge en=1 chg_dis=0 src=UnknownAdapter vbus=4.63V ibus=678mA ibat=+764mA vsys=3719mV vpmid=4589mV tdie=33°C
I (1111320) PowerService: FG   SOC=21% V=3.679V I=+758mA P=+2789mW rem=461/2259mAh T=30.1°C [FC=0 CHG=1 DSG=0 OCV=1 ITPOR=0 CFGUP=0 BATDET=1] src=FG
I (1111340) PowerService: FG-LRN QMAX_UP=1 RES_UP=0 VOK=1 | V=3679mV BELOW-FLAT(<3750:OCV2-zone)
W (1111340) PowerService: BMS regulation: treg=0 vsys=0 iindpm=0 vindpm=1 safety=0 wd=0
I (1111650) Orchestrator: sensor_data: temp=25.3 hum=47.9 pm25=-1.0 co2=294 tvoc_raw=30991 nox_raw=15733 pres=973.3
I (1111660) Orchestrator: display update done
I (1112650) Orchestrator: sensor_data: temp=25.2 hum=47.8 pm25=-1.0 co2=294 tvoc_raw=30991 nox_raw=15733 pres=973.3
I (1112660) Orchestrator: display update done
I (1113650) Orchestrator: sensor_data: temp=25.2 hum=47.8 pm25=-1.0 co2=293 tvoc_raw=30991 nox_raw=15733 pres=973.3
I (1113660) Orchestrator: display update done
I (1114650) Orchestrator: sensor_data: temp=25.2 hum=47.7 pm25=-1.0 co2=293 tvoc_raw=30991 nox_raw=15733 pres=973.3
I (1114650) Orchestrator: display update done
I (1115650) Orchestrator: sensor_data: temp=25.1 hum=47.7 pm25=-1.0 co2=293 tvoc_raw=30991 nox_raw=15733 pres=-1.0
I (1115650) Orchestrator: display update done
I (1116650) Orchestrator: sensor_data: temp=25.1 hum=47.7 pm25=-1.0 co2=293 tvoc_raw=30991 nox_raw=15733 pres=973.3
I (1116660) Orchestrator: display update done
I (1117650) Orchestrator: sensor_data: temp=25.0 hum=47.7 pm25=-1.0 co2=293 tvoc_raw=30991 nox_raw=15733 pres=973.3
I (1117660) Orchestrator: display update done
I (1118650) Orchestrator: sensor_data: temp=25.1 hum=47.8 pm25=-1.0 co2=293 tvoc_raw=30991 nox_raw=15733 pres=973.3
I (1118660) Orchestrator: display update done
I (1119650) Orchestrator: sensor_data: temp=25.0 hum=47.9 pm25=-1.0 co2=292 tvoc_raw=30991 nox_raw=15733 pres=973.3
I (1119660) Orchestrator: display update done
I (1120650) Orchestrator: sensor_data: temp=25.0 hum=47.9 pm25=-1.0 co2=292 tvoc_raw=30991 nox_raw=15733 pres=973.3
I (1120660) Orchestrator: display update done
I (1121360) PowerService: BMS  chg=FastCharge en=1 chg_dis=0 src=UnknownAdapter vbus=4.63V ibus=688mA ibat=+760mA vsys=3721mV vpmid=4589mV tdie=33°C
I (1121360) PowerService: FG   SOC=21% V=3.679V I=+757mA P=+2785mW rem=463/2259mAh T=30.2°C [FC=0 CHG=1 DSG=0 OCV=1 ITPOR=0 CFGUP=0 BATDET=1] src=FG
I (1121380) PowerService: FG-LRN QMAX_UP=1 RES_UP=0 VOK=1 | V=3679mV BELOW-FLAT(<3750:OCV2-zone)
W (1121380) PowerService: BMS regulation: treg=0 vsys=0 iindpm=0 vindpm=1 safety=0 wd=0
I (1121650) Orchestrator: sensor_data: temp=25.0 hum=48.1 pm25=-1.0 co2=292 tvoc_raw=30991 nox_raw=15733 pres=973.3
I (1121660) Orchestrator: display update done
I (1122650) Orchestrator: sensor_data: temp=25.1 hum=48.2 pm25=-1.0 co2=292 tvoc_raw=30991 nox_raw=15733 pres=973.3
I (1122660) Orchestrator: display update done
I (1123650) Orchestrator: sensor_data: temp=25.1 hum=48.2 pm25=-1.0 co2=292 tvoc_raw=30991 nox_raw=15733 pres=973.3
I (1123660) Orchestrator: display update done
I (1124650) Orchestrator: sensor_data: temp=25.1 hum=48.2 pm25=-1.0 co2=292 tvoc_raw=30991 nox_raw=15733 pres=973.3
I (1124660) Orchestrator: display update done
I (1125650) Orchestrator: sensor_data: temp=25.0 hum=48.2 pm25=-1.0 co2=292 tvoc_raw=30991 nox_raw=15733 pres=973.3
I (1125660) Orchestrator: display update done
I (1126650) Orchestrator: sensor_data: temp=25.1 hum=48.1 pm25=-1.0 co2=292 tvoc_raw=30991 nox_raw=15733 pres=973.3
I (1126660) Orchestrator: display update done
I (1129010) Orchestrator: sensor_data: temp=25.1 hum=48.0 pm25=-1.0 co2=292 tvoc_raw=30991 nox_raw=15733 pres=973.3
I (1129020) Orchestrator: display update done
I (1130010) Orchestrator: sensor_data: temp=25.1 hum=47.9 pm25=-1.0 co2=292 tvoc_raw=30991 nox_raw=15733 pres=973.3
I (1130010) Orchestrator: display update done
I (1131010) Orchestrator: sensor_data: temp=25.1 hum=47.6 pm25=-1.0 co2=292 tvoc_raw=30991 nox_raw=15733 pres=-1.0
I (1131010) Orchestrator: display update done
I (1131640) PowerService: BMS  chg=FastCharge en=1 chg_dis=0 src=UnknownAdapter vbus=4.63V ibus=678mA ibat=+760mA vsys=3721mV vpmid=4589mV tdie=33°C
I (1131640) PowerService: FG   SOC=21% V=3.678V I=+757mA P=+2784mW rem=465/2259mAh T=29.9°C [FC=0 CHG=1 DSG=0 OCV=1 ITPOR=0 CFGUP=0 BATDET=1] src=FG
I (1131660) PowerService: FG-LRN QMAX_UP=1 RES_UP=0 VOK=1 | V=3678mV BELOW-FLAT(<3750:OCV2-zone)
W (1131670) PowerService: BMS regulation: treg=0 vsys=0 iindpm=0 vindpm=1 safety=0 wd=0
I (1132010) Orchestrator: sensor_data: temp=25.1 hum=47.4 pm25=-1.0 co2=292 tvoc_raw=30991 nox_raw=15733 pres=973.3
I (1132020) Orchestrator: display update done
I (1133010) Orchestrator: sensor_data: temp=25.1 hum=47.2 pm25=-1.0 co2=292 tvoc_raw=30991 nox_raw=15733 pres=973.3
I (1133020) Orchestrator: display update done
I (1134010) Orchestrator: sensor_data: temp=25.1 hum=47.2 pm25=-1.0 co2=292 tvoc_raw=30991 nox_raw=15733 pres=973.3
I (1134020) Orchestrator: display update done
I (1135010) Orchestrator: sensor_data: temp=25.1 hum=47.2 pm25=-1.0 co2=293 tvoc_raw=30991 nox_raw=15733 pres=973.3
I (1135020) Orchestrator: display update done
I (1136010) Orchestrator: sensor_data: temp=25.1 hum=47.3 pm25=-1.0 co2=293 tvoc_raw=30991 nox_raw=15733 pres=973.3
I (1136020) Orchestrator: display update done
I (1137010) Orchestrator: sensor_data: temp=25.2 hum=47.4 pm25=-1.0 co2=293 tvoc_raw=30991 nox_raw=15733 pres=973.3
I (1137020) Orchestrator: display update done
I (1138010) Orchestrator: sensor_data: temp=25.1 hum=47.5 pm25=-1.0 co2=293 tvoc_raw=30991 nox_raw=15733 pres=973.3
I (1138020) Orchestrator: display update done
I (1139010) Orchestrator: sensor_data: temp=25.1 hum=47.7 pm25=-1.0 co2=293 tvoc_raw=30991 nox_raw=15733 pres=973.3
I (1139020) Orchestrator: display update done
I (1140010) Orchestrator: sensor_data: temp=25.1 hum=47.7 pm25=-1.0 co2=292 tvoc_raw=30991 nox_raw=15733 pres=973.3
I (1140020) Orchestrator: display update done
I (1141010) Orchestrator: sensor_data: temp=25.1 hum=47.8 pm25=-1.0 co2=292 tvoc_raw=30991 nox_raw=15733 pres=973.3
I (1141020) Orchestrator: display update done
I (1141680) PowerService: BMS  chg=FastCharge en=1 chg_dis=0 src=UnknownAdapter vbus=4.63V ibus=676mA ibat=+760mA vsys=3721mV vpmid=4589mV tdie=33°C
I (1141680) PowerService: FG   SOC=21% V=3.678V I=+758mA P=+2788mW rem=468/2259mAh T=30.0°C [FC=0 CHG=1 DSG=0 OCV=1 ITPOR=0 CFGUP=0 BATDET=1] src=FG
I (1141700) PowerService: FG-LRN QMAX_UP=1 RES_UP=0 VOK=1 | V=3678mV BELOW-FLAT(<3750:OCV2-zone)
W (1141710) PowerService: BMS regulation: treg=0 vsys=0 iindpm=0 vindpm=1 safety=0 wd=0
I (1142010) Orchestrator: sensor_data: temp=25.1 hum=47.9 pm25=-1.0 co2=292 tvoc_raw=30991 nox_raw=15733 pres=973.3
I (1142020) Orchestrator: display update done
I (1143010) Orchestrator: sensor_data: temp=25.1 hum=47.9 pm25=-1.0 co2=292 tvoc_raw=30991 nox_raw=15733 pres=973.3
I (1143020) Orchestrator: display update done
I (1144010) Orchestrator: sensor_data: temp=25.2 hum=48.0 pm25=-1.0 co2=292 tvoc_raw=30991 nox_raw=15733 pres=973.3
I (1144020) Orchestrator: display update done
I (1145010) Orchestrator: sensor_data: temp=25.2 hum=48.0 pm25=-1.0 co2=292 tvoc_raw=30991 nox_raw=15733 pres=973.3
I (1145020) Orchestrator: display update done
I (1146010) Orchestrator: sensor_data: temp=25.2 hum=48.0 pm25=-1.0 co2=292 tvoc_raw=30991 nox_raw=15733 pres=973.3
I (1146020) Orchestrator: display update done
I (1147010) Orchestrator: sensor_data: temp=25.2 hum=48.4 pm25=-1.0 co2=292 tvoc_raw=30991 nox_raw=15733 pres=973.3
I (1147020) Orchestrator: display update done
I (1148010) Orchestrator: sensor_data: temp=25.3 hum=48.7 pm25=-1.0 co2=292 tvoc_raw=30991 nox_raw=15733 pres=973.3
I (1148020) Orchestrator: display update done
I (1149010) Orchestrator: sensor_data: temp=25.3 hum=48.7 pm25=-1.0 co2=292 tvoc_raw=30991 nox_raw=15733 pres=973.3
I (1149020) Orchestrator: display update done
I (1151370) Orchestrator: sensor_data: temp=25.2 hum=48.0 pm25=-1.0 co2=292 tvoc_raw=30991 nox_raw=15733 pres=973.3
I (1151380) Orchestrator: display update done
I (1152010) PowerService: BMS  chg=FastCharge en=1 chg_dis=0 src=UnknownAdapter vbus=4.63V ibus=676mA ibat=+756mA vsys=3723mV vpmid=4589mV tdie=33°C
I (1152010) PowerService: FG   SOC=21% V=3.679V I=+752mA P=+2767mW rem=470/2260mAh T=30.1°C [FC=0 CHG=1 DSG=0 OCV=1 ITPOR=0 CFGUP=0 BATDET=1] src=FG
I (1152030) PowerService: FG-LRN QMAX_UP=1 RES_UP=0 VOK=1 | V=3679mV BELOW-FLAT(<3750:OCV2-zone)
W (1152040) PowerService: BMS regulation: treg=0 vsys=0 iindpm=0 vindpm=1 safety=0 wd=0
I (1152370) Orchestrator: sensor_data: temp=25.2 hum=47.8 pm25=-1.0 co2=292 tvoc_raw=30991 nox_raw=15733 pres=973.3
I (1152380) Orchestrator: display update done
I (1153370) Orchestrator: sensor_data: temp=25.2 hum=47.7 pm25=-1.0 co2=293 tvoc_raw=30991 nox_raw=15733 pres=973.3
I (1153380) Orchestrator: display update done
I (1154370) Orchestrator: sensor_data: temp=25.2 hum=47.6 pm25=-1.0 co2=293 tvoc_raw=30991 nox_raw=15733 pres=973.3
I (1154380) Orchestrator: display update done
I (1155370) Orchestrator: sensor_data: temp=25.2 hum=47.5 pm25=-1.0 co2=294 tvoc_raw=30991 nox_raw=15733 pres=973.3
I (1155380) Orchestrator: display update done
I (1156370) Orchestrator: sensor_data: temp=25.2 hum=47.4 pm25=-1.0 co2=294 tvoc_raw=30991 nox_raw=15733 pres=973.3
I (1156380) Orchestrator: display update done
I (1157370) Orchestrator: sensor_data: temp=25.2 hum=47.4 pm25=-1.0 co2=294 tvoc_raw=30991 nox_raw=15733 pres=973.3
I (1157380) Orchestrator: display update done
I (1158370) Orchestrator: sensor_data: temp=25.1 hum=47.4 pm25=-1.0 co2=294 tvoc_raw=30991 nox_raw=15733 pres=973.3
I (1158380) Orchestrator: display update done
I (1159370) Orchestrator: sensor_data: temp=25.1 hum=47.5 pm25=-1.0 co2=294 tvoc_raw=30991 nox_raw=15733 pres=973.3
I (1159380) Orchestrator: display update done
I (1160370) Orchestrator: sensor_data: temp=25.1 hum=47.5 pm25=-1.0 co2=294 tvoc_raw=30991 nox_raw=15733 pres=973.3
I (1160380) Orchestrator: display update done
I (1161370) Orchestrator: sensor_data: temp=25.1 hum=47.5 pm25=-1.0 co2=294 tvoc_raw=30991 nox_raw=15733 pres=973.3
I (1161380) Orchestrator: display update done
I (1162050) PowerService: BMS  chg=FastCharge en=1 chg_dis=0 src=UnknownAdapter vbus=4.63V ibus=676mA ibat=+760mA vsys=3723mV vpmid=4589mV tdie=33°C
I (1162050) PowerService: FG   SOC=21% V=3.683V I=+757mA P=+2788mW rem=472/2260mAh T=30.1°C [FC=0 CHG=1 DSG=0 OCV=1 ITPOR=0 CFGUP=0 BATDET=1] src=FG
I (1162070) PowerService: FG-LRN QMAX_UP=1 RES_UP=0 VOK=1 | V=3683mV BELOW-FLAT(<3750:OCV2-zone)
W (1162080) PowerService: BMS regulation: treg=0 vsys=0 iindpm=0 vindpm=1 safety=0 wd=0
I (1162370) Orchestrator: sensor_data: temp=25.1 hum=47.5 pm25=-1.0 co2=294 tvoc_raw=30991 nox_raw=15733 pres=973.3
I (1162380) Orchestrator: display update done
I (1163370) Orchestrator: sensor_data: temp=25.1 hum=47.6 pm25=-1.0 co2=294 tvoc_raw=30991 nox_raw=15733 pres=973.3
I (1163380) Orchestrator: display update done
I (1164370) Orchestrator: sensor_data: temp=25.1 hum=47.6 pm25=-1.0 co2=294 tvoc_raw=30991 nox_raw=15733 pres=973.3
I (1164380) Orchestrator: display update done
I (1165370) Orchestrator: sensor_data: temp=25.0 hum=47.5 pm25=-1.0 co2=295 tvoc_raw=30991 nox_raw=15733 pres=973.3
I (1165380) Orchestrator: display update done
I (1166370) Orchestrator: sensor_data: temp=25.0 hum=47.4 pm25=-1.0 co2=295 tvoc_raw=30991 nox_raw=15733 pres=973.3
I (1166380) Orchestrator: display update done
I (1167370) Orchestrator: sensor_data: temp=25.0 hum=47.2 pm25=-1.0 co2=294 tvoc_raw=30991 nox_raw=15733 pres=973.3
I (1167380) Orchestrator: display update done
I (1168370) Orchestrator: sensor_data: temp=25.0 hum=47.0 pm25=-1.0 co2=294 tvoc_raw=30991 nox_raw=15733 pres=973.3
I (1168380) Orchestrator: display update done
I (1169370) Orchestrator: sensor_data: temp=25.0 hum=46.9 pm25=-1.0 co2=294 tvoc_raw=30991 nox_raw=15733 pres=973.3
I (1169380) Orchestrator: display update done
I (1170370) Orchestrator: sensor_data: temp=25.0 hum=46.9 pm25=-1.0 co2=294 tvoc_raw=30991 nox_raw=15733 pres=973.3
I (1170380) Orchestrator: display update done
I (1171370) Orchestrator: sensor_data: temp=25.1 hum=47.1 pm25=-1.0 co2=294 tvoc_raw=30991 nox_raw=15733 pres=973.3
I (1171380) Orchestrator: display update done
I (1173720) PowerService: BMS  chg=FastCharge en=1 chg_dis=0 src=UnknownAdapter vbus=4.63V ibus=676mA ibat=+760mA vsys=3723mV vpmid=4589mV tdie=33°C
I (1173720) PowerService: FG   SOC=21% V=3.681V I=+752mA P=+2768mW rem=474/2260mAh T=29.9°C [FC=0 CHG=1 DSG=0 OCV=1 ITPOR=0 CFGUP=0 BATDET=1] src=FG
I (1173740) PowerService: FG-LRN QMAX_UP=1 RES_UP=0 VOK=1 | V=3681mV BELOW-FLAT(<3750:OCV2-zone)
W (1173740) PowerService: BMS regulation: treg=0 vsys=0 iindpm=0 vindpm=1 safety=0 wd=0
I (1173750) Orchestrator: sensor_data: temp=25.1 hum=47.2 pm25=-1.0 co2=294 tvoc_raw=30991 nox_raw=15733 pres=973.3
I (1173770) Orchestrator: display update done
I (1174730) Orchestrator: sensor_data: temp=25.1 hum=47.2 pm25=-1.0 co2=294 tvoc_raw=30991 nox_raw=15733 pres=973.3
I (1174740) Orchestrator: display update done
I (1175730) Orchestrator: sensor_data: temp=25.1 hum=47.3 pm25=-1.0 co2=293 tvoc_raw=30991 nox_raw=15733 pres=973.3
I (1175740) Orchestrator: display update done
I (1176730) Orchestrator: sensor_data: temp=25.1 hum=47.4 pm25=-1.0 co2=293 tvoc_raw=30991 nox_raw=15733 pres=973.3
I (1176740) Orchestrator: display update done
I (1177730) Orchestrator: sensor_data: temp=25.1 hum=47.6 pm25=-1.0 co2=294 tvoc_raw=30991 nox_raw=15733 pres=973.3
I (1177740) Orchestrator: display update done
I (1178730) Orchestrator: sensor_data: temp=25.1 hum=47.7 pm25=-1.0 co2=294 tvoc_raw=30991 nox_raw=15733 pres=973.3
I (1178740) Orchestrator: display update done
I (1179730) Orchestrator: sensor_data: temp=25.1 hum=47.9 pm25=-1.0 co2=294 tvoc_raw=30991 nox_raw=15733 pres=973.3
I (1179740) Orchestrator: display update done
I (1180730) Orchestrator: sensor_data: temp=25.1 hum=48.0 pm25=-1.0 co2=294 tvoc_raw=30991 nox_raw=15733 pres=973.3
I (1180740) Orchestrator: display update done
I (1181730) Orchestrator: sensor_data: temp=25.1 hum=48.0 pm25=-1.0 co2=293 tvoc_raw=30991 nox_raw=15733 pres=973.3
I (1181740) Orchestrator: display update done
I (1182730) Orchestrator: sensor_data: temp=25.2 hum=48.1 pm25=-1.0 co2=293 tvoc_raw=30991 nox_raw=15733 pres=973.3
I (1182740) Orchestrator: display update done
I (1183730) Orchestrator: sensor_data: temp=25.2 hum=48.2 pm25=-1.0 co2=293 tvoc_raw=30991 nox_raw=15733 pres=973.3
I (1183740) Orchestrator: display update done
I (1184370) PowerService: BMS  chg=FastCharge en=1 chg_dis=0 src=UnknownAdapter vbus=4.63V ibus=688mA ibat=+772mA vsys=3727mV vpmid=4589mV tdie=33°C
I (1184370) PowerService: FG   SOC=22% V=3.682V I=+758mA P=+2791mW rem=477/2261mAh T=29.9°C [FC=0 CHG=1 DSG=0 OCV=1 ITPOR=0 CFGUP=0 BATDET=1] src=FG
I (1184380) PowerService: FG-LRN QMAX_UP=1 RES_UP=0 VOK=1 | V=3682mV BELOW-FLAT(<3750:OCV2-zone)
W (1184390) PowerService: BMS regulation: treg=0 vsys=0 iindpm=0 vindpm=1 safety=0 wd=0
I (1184730) Orchestrator: sensor_data: temp=25.3 hum=48.3 pm25=-1.0 co2=293 tvoc_raw=30991 nox_raw=15733 pres=973.3
I (1184740) Orchestrator: display update done
I (1186570) Orchestrator: sensor_data: temp=25.3 hum=49.2 pm25=-1.0 co2=293 tvoc_raw=30991 nox_raw=15733 pres=973.3
I (1186580) Orchestrator: display update done
I (1187570) Orchestrator: sensor_data: temp=25.3 hum=49.5 pm25=-1.0 co2=295 tvoc_raw=30991 nox_raw=15733 pres=973.3
I (1187580) Orchestrator: display update done
I (1188570) Orchestrator: sensor_data: temp=25.3 hum=49.1 pm25=-1.0 co2=295 tvoc_raw=30991 nox_raw=15733 pres=973.3
I (1188580) Orchestrator: display update done
I (1189570) Orchestrator: sensor_data: temp=25.3 hum=48.7 pm25=-1.0 co2=298 tvoc_raw=30991 nox_raw=15733 pres=973.3
I (1189580) Orchestrator: display update done
I (1190570) Orchestrator: sensor_data: temp=25.3 hum=48.3 pm25=-1.0 co2=298 tvoc_raw=30991 nox_raw=15733 pres=973.3
I (1190580) Orchestrator: display update done
I (1191570) Orchestrator: sensor_data: temp=25.3 hum=48.1 pm25=-1.0 co2=300 tvoc_raw=30991 nox_raw=15733 pres=973.3
I (1191580) Orchestrator: display update done
I (1192570) Orchestrator: sensor_data: temp=25.3 hum=47.9 pm25=-1.0 co2=300 tvoc_raw=30991 nox_raw=15733 pres=973.3
I (1192580) Orchestrator: display update done
I (1193570) Orchestrator: sensor_data: temp=25.3 hum=47.7 pm25=-1.0 co2=304 tvoc_raw=30991 nox_raw=15733 pres=973.3
I (1193580) Orchestrator: display update done
I (1194410) PowerService: BMS  chg=FastCharge en=1 chg_dis=0 src=UnknownAdapter vbus=4.63V ibus=678mA ibat=+772mA vsys=3729mV vpmid=4589mV tdie=33°C
I (1194410) PowerService: FG   SOC=22% V=3.684V I=+757mA P=+2789mW rem=479/2261mAh T=29.9°C [FC=0 CHG=1 DSG=0 OCV=1 ITPOR=0 CFGUP=0 BATDET=1] src=FG
I (1194420) PowerService: FG-LRN QMAX_UP=1 RES_UP=0 VOK=1 | V=3684mV BELOW-FLAT(<3750:OCV2-zone)
W (1194430) PowerService: BMS regulation: treg=0 vsys=0 iindpm=0 vindpm=1 safety=0 wd=0
I (1194570) Orchestrator: sensor_data: temp=25.3 hum=47.6 pm25=-1.0 co2=304 tvoc_raw=30991 nox_raw=15733 pres=973.3
I (1194580) Orchestrator: display update done
I (1196930) Orchestrator: sensor_data: temp=25.3 hum=47.5 pm25=-1.0 co2=307 tvoc_raw=30991 nox_raw=15733 pres=973.3
I (1196940) Orchestrator: display update done
I (1197930) Orchestrator: sensor_data: temp=25.3 hum=47.4 pm25=-1.0 co2=309 tvoc_raw=30991 nox_raw=15733 pres=973.3
I (1197940) Orchestrator: display update done
I (1198930) Orchestrator: sensor_data: temp=25.3 hum=47.5 pm25=-1.0 co2=309 tvoc_raw=30991 nox_raw=15733 pres=973.3
I (1198940) Orchestrator: display update done
I (1199930) Orchestrator: sensor_data: temp=25.3 hum=47.5 pm25=-1.0 co2=311 tvoc_raw=30991 nox_raw=15733 pres=973.3
I (1199940) Orchestrator: display update done
I (1200930) Orchestrator: sensor_data: temp=25.2 hum=47.5 pm25=-1.0 co2=311 tvoc_raw=30991 nox_raw=15733 pres=973.3
I (1200940) Orchestrator: display update done
I (1201930) Orchestrator: sensor_data: temp=25.3 hum=47.5 pm25=-1.0 co2=313 tvoc_raw=30991 nox_raw=15733 pres=973.3
I (1201940) Orchestrator: display update done
I (1202930) Orchestrator: sensor_data: temp=25.3 hum=47.6 pm25=-1.0 co2=313 tvoc_raw=30991 nox_raw=15733 pres=973.3
I (1202940) Orchestrator: display update done
I (1203930) Orchestrator: sensor_data: temp=25.2 hum=47.7 pm25=-1.0 co2=313 tvoc_raw=30991 nox_raw=15733 pres=973.3
I (1203940) Orchestrator: display update done
I (1204570) PowerService: BMS  chg=FastCharge en=1 chg_dis=0 src=UnknownAdapter vbus=4.63V ibus=678mA ibat=+760mA vsys=3725mV vpmid=4585mV tdie=33°C
I (1204580) PowerService: FG   SOC=22% V=3.684V I=+758mA P=+2792mW rem=481/2261mAh T=29.9°C [FC=0 CHG=1 DSG=0 OCV=1 ITPOR=0 CFGUP=0 BATDET=1] src=FG
I (1204590) PowerService: FG-LRN QMAX_UP=1 RES_UP=0 VOK=1 | V=3684mV BELOW-FLAT(<3750:OCV2-zone)
W (1204600) PowerService: BMS regulation: treg=0 vsys=0 iindpm=0 vindpm=1 safety=0 wd=0
I (1204930) Orchestrator: sensor_data: temp=25.3 hum=47.7 pm25=-1.0 co2=313 tvoc_raw=30991 nox_raw=15733 pres=973.3
I (1204940) Orchestrator: display update done
I (1205930) Orchestrator: sensor_data: temp=25.3 hum=47.7 pm25=-1.0 co2=313 tvoc_raw=30991 nox_raw=15733 pres=973.3
I (1205940) Orchestrator: display update done
I (1206930) Orchestrator: sensor_data: temp=25.3 hum=47.7 pm25=-1.0 co2=313 tvoc_raw=30991 nox_raw=15733 pres=973.3
I (1206940) Orchestrator: display update done
I (1207930) Orchestrator: sensor_data: temp=25.3 hum=47.7 pm25=-1.0 co2=314 tvoc_raw=30991 nox_raw=15733 pres=973.3
I (1207940) Orchestrator: display update done
I (1208930) Orchestrator: sensor_data: temp=25.3 hum=47.7 pm25=-1.0 co2=314 tvoc_raw=30991 nox_raw=15733 pres=973.3
I (1208940) Orchestrator: display update done
I (1209930) Orchestrator: sensor_data: temp=25.2 hum=47.8 pm25=-1.0 co2=314 tvoc_raw=30991 nox_raw=15733 pres=973.3
I (1209930) Orchestrator: display update done
I (1210930) Orchestrator: sensor_data: temp=25.2 hum=47.9 pm25=-1.0 co2=314 tvoc_raw=30991 nox_raw=15733 pres=-1.0
I (1210930) Orchestrator: display update done
I (1211930) Orchestrator: sensor_data: temp=25.2 hum=48.2 pm25=-1.0 co2=314 tvoc_raw=30991 nox_raw=15733 pres=973.3
I (1211940) Orchestrator: display update done
I (1212930) Orchestrator: sensor_data: temp=25.1 hum=48.2 pm25=-1.0 co2=314 tvoc_raw=30991 nox_raw=15733 pres=973.3
I (1212940) Orchestrator: display update done
I (1213930) Orchestrator: sensor_data: temp=25.2 hum=48.3 pm25=-1.0 co2=313 tvoc_raw=30991 nox_raw=15733 pres=973.3
I (1213940) Orchestrator: display update done
I (1214610) PowerService: BMS  chg=FastCharge en=1 chg_dis=0 src=UnknownAdapter vbus=4.63V ibus=678mA ibat=+760mA vsys=3725mV vpmid=4589mV tdie=33°C
I (1214610) PowerService: FG   SOC=22% V=3.684V I=+757mA P=+2789mW rem=483/2261mAh T=29.9°C [FC=0 CHG=1 DSG=0 OCV=1 ITPOR=0 CFGUP=0 BATDET=1] src=FG
I (1214630) PowerService: FG-LRN QMAX_UP=1 RES_UP=0 VOK=1 | V=3684mV BELOW-FLAT(<3750:OCV2-zone)
W (1214640) PowerService: BMS regulation: treg=0 vsys=0 iindpm=0 vindpm=1 safety=0 wd=0
I (1214930) Orchestrator: sensor_data: temp=25.2 hum=48.3 pm25=-1.0 co2=313 tvoc_raw=30991 nox_raw=15733 pres=973.3
I (1214940) Orchestrator: display update done
I (1215930) Orchestrator: sensor_data: temp=25.2 hum=48.4 pm25=-1.0 co2=313 tvoc_raw=30991 nox_raw=15733 pres=973.3
I (1215940) Orchestrator: display update done
I (1216930) Orchestrator: sensor_data: temp=25.2 hum=48.5 pm25=-1.0 co2=313 tvoc_raw=30991 nox_raw=15733 pres=973.3
I (1216940) Orchestrator: display update done
I (1219290) Orchestrator: sensor_data: temp=25.2 hum=48.6 pm25=-1.0 co2=312 tvoc_raw=30991 nox_raw=15733 pres=973.3
I (1219300) Orchestrator: display update done
I (1220290) Orchestrator: sensor_data: temp=25.2 hum=48.6 pm25=-1.0 co2=312 tvoc_raw=30991 nox_raw=15733 pres=973.3
I (1220300) Orchestrator: display update done
I (1221290) Orchestrator: sensor_data: temp=25.2 hum=48.7 pm25=-1.0 co2=312 tvoc_raw=30991 nox_raw=15733 pres=973.3
I (1221300) Orchestrator: display update done
I (1222290) Orchestrator: sensor_data: temp=25.3 hum=48.9 pm25=-1.0 co2=312 tvoc_raw=30991 nox_raw=15733 pres=973.3
I (1222300) Orchestrator: display update done
I (1223290) Orchestrator: sensor_data: temp=25.3 hum=49.0 pm25=-1.0 co2=312 tvoc_raw=30991 nox_raw=15733 pres=973.3
I (1223300) Orchestrator: display update done
I (1224290) Orchestrator: sensor_data: temp=25.4 hum=49.1 pm25=-1.0 co2=312 tvoc_raw=30991 nox_raw=15733 pres=973.3
I (1224300) Orchestrator: display update done
I (1224930) PowerService: BMS  chg=FastCharge en=1 chg_dis=0 src=UnknownAdapter vbus=4.63V ibus=678mA ibat=+760mA vsys=3727mV vpmid=4589mV tdie=33°C
I (1224940) PowerService: FG   SOC=22% V=3.688V I=+758mA P=+2796mW rem=485/2262mAh T=30.1°C [FC=0 CHG=1 DSG=0 OCV=1 ITPOR=0 CFGUP=0 BATDET=1] src=FG
I (1224950) PowerService: FG-LRN QMAX_UP=1 RES_UP=0 VOK=1 | V=3688mV BELOW-FLAT(<3750:OCV2-zone)
W (1224960) PowerService: BMS regulation: treg=0 vsys=0 iindpm=0 vindpm=1 safety=0 wd=0
I (1225290) Orchestrator: sensor_data: temp=25.4 hum=49.1 pm25=-1.0 co2=312 tvoc_raw=30991 nox_raw=15733 pres=973.3
I (1225290) Orchestrator: display update done
I (1226290) Orchestrator: sensor_data: temp=25.4 hum=49.1 pm25=-1.0 co2=312 tvoc_raw=30991 nox_raw=15733 pres=-1.0
I (1226290) Orchestrator: display update done
I (1227290) Orchestrator: sensor_data: temp=25.5 hum=49.0 pm25=-1.0 co2=312 tvoc_raw=30991 nox_raw=15733 pres=973.3
I (1227300) Orchestrator: display update done
I (1228290) Orchestrator: sensor_data: temp=25.4 hum=48.7 pm25=-1.0 co2=312 tvoc_raw=30991 nox_raw=15733 pres=973.3
I (1228300) Orchestrator: display update done
I (1229290) Orchestrator: sensor_data: temp=25.4 hum=48.7 pm25=-1.0 co2=312 tvoc_raw=30991 nox_raw=15733 pres=973.3
I (1229300) Orchestrator: display update done
I (1230290) Orchestrator: sensor_data: temp=25.4 hum=48.6 pm25=-1.0 co2=312 tvoc_raw=30991 nox_raw=15733 pres=973.3
I (1230300) Orchestrator: display update done
I (1231290) Orchestrator: sensor_data: temp=25.3 hum=48.5 pm25=-1.0 co2=312 tvoc_raw=30991 nox_raw=15733 pres=973.3
I (1231300) Orchestrator: display update done
I (1232290) Orchestrator: sensor_data: temp=25.3 hum=48.3 pm25=-1.0 co2=311 tvoc_raw=30991 nox_raw=15733 pres=973.3
I (1232300) Orchestrator: display update done
I (1233290) Orchestrator: sensor_data: temp=25.3 hum=48.1 pm25=-1.0 co2=311 tvoc_raw=30991 nox_raw=15733 pres=973.3
I (1233300) Orchestrator: display update done
I (1234290) Orchestrator: sensor_data: temp=25.3 hum=48.0 pm25=-1.0 co2=311 tvoc_raw=30991 nox_raw=15733 pres=973.3
I (1234300) Orchestrator: display update done
I (1234970) PowerService: BMS  chg=FastCharge en=1 chg_dis=0 src=UnknownAdapter vbus=4.63V ibus=688mA ibat=+760mA vsys=3729mV vpmid=4589mV tdie=33°C
I (1234970) PowerService: FG   SOC=22% V=3.690V I=+758mA P=+2797mW rem=487/2262mAh T=30.1°C [FC=0 CHG=1 DSG=0 OCV=1 ITPOR=0 CFGUP=0 BATDET=1] src=FG
I (1234990) PowerService: FG-LRN QMAX_UP=1 RES_UP=0 VOK=1 | V=3690mV BELOW-FLAT(<3750:OCV2-zone)
W (1235000) PowerService: BMS regulation: treg=0 vsys=0 iindpm=0 vindpm=1 safety=0 wd=0
I (1235290) Orchestrator: sensor_data: temp=25.3 hum=48.0 pm25=-1.0 co2=311 tvoc_raw=30991 nox_raw=15733 pres=973.3
I (1235300) Orchestrator: display update done
I (1236290) Orchestrator: sensor_data: temp=25.3 hum=48.0 pm25=-1.0 co2=311 tvoc_raw=30991 nox_raw=15733 pres=973.3
I (1236300) Orchestrator: display update done
I (1237290) Orchestrator: sensor_data: temp=25.3 hum=48.2 pm25=-1.0 co2=311 tvoc_raw=30991 nox_raw=15733 pres=973.3
I (1237300) Orchestrator: display update done
I (1238290) Orchestrator: sensor_data: temp=25.3 hum=48.4 pm25=-1.0 co2=311 tvoc_raw=30991 nox_raw=15733 pres=973.3
I (1238300) Orchestrator: display update done
I (1239290) Orchestrator: sensor_data: temp=25.2 hum=48.5 pm25=-1.0 co2=311 tvoc_raw=30991 nox_raw=15733 pres=973.3
I (1239300) Orchestrator: display update done
I (1241650) Orchestrator: sensor_data: temp=25.2 hum=48.8 pm25=-1.0 co2=310 tvoc_raw=30991 nox_raw=15733 pres=973.3
I (1241660) Orchestrator: display update done
I (1242650) Orchestrator: sensor_data: temp=25.3 hum=48.9 pm25=-1.0 co2=310 tvoc_raw=30991 nox_raw=15733 pres=973.3
I (1242660) Orchestrator: display update done
I (1243650) Orchestrator: sensor_data: temp=25.3 hum=48.9 pm25=-1.0 co2=310 tvoc_raw=30991 nox_raw=15733 pres=973.3
I (1243660) Orchestrator: display update done
I (1244650) Orchestrator: sensor_data: temp=25.2 hum=48.8 pm25=-1.0 co2=310 tvoc_raw=30991 nox_raw=15733 pres=973.3
I (1244660) Orchestrator: display update done
I (1245290) PowerService: BMS  chg=FastCharge en=1 chg_dis=0 src=UnknownAdapter vbus=4.63V ibus=678mA ibat=+760mA vsys=3729mV vpmid=4589mV tdie=33°C
I (1245290) PowerService: FG   SOC=22% V=3.687V I=+758mA P=+2795mW rem=489/2262mAh T=30.0°C [FC=0 CHG=1 DSG=0 OCV=1 ITPOR=0 CFGUP=0 BATDET=1] src=FG
I (1245310) PowerService: FG-LRN QMAX_UP=1 RES_UP=0 VOK=1 | V=3687mV BELOW-FLAT(<3750:OCV2-zone)
W (1245320) PowerService: BMS regulation: treg=0 vsys=0 iindpm=0 vindpm=1 safety=0 wd=0
I (1245650) Orchestrator: sensor_data: temp=25.2 hum=48.8 pm25=-1.0 co2=310 tvoc_raw=30991 nox_raw=15733 pres=973.3
I (1245660) Orchestrator: display update done
I (1246650) Orchestrator: sensor_data: temp=25.2 hum=48.7 pm25=-1.0 co2=310 tvoc_raw=30991 nox_raw=15733 pres=973.3
I (1246660) Orchestrator: display update done
I (1247650) Orchestrator: sensor_data: temp=25.2 hum=48.6 pm25=-1.0 co2=310 tvoc_raw=30991 nox_raw=15733 pres=973.3
I (1247660) Orchestrator: display update done
I (1248650) Orchestrator: sensor_data: temp=25.1 hum=48.5 pm25=-1.0 co2=309 tvoc_raw=30991 nox_raw=15733 pres=973.3
I (1248660) Orchestrator: display update done
I (1249650) Orchestrator: sensor_data: temp=25.1 hum=48.5 pm25=-1.0 co2=309 tvoc_raw=30991 nox_raw=15733 pres=973.3
I (1249660) Orchestrator: display update done
I (1250650) Orchestrator: sensor_data: temp=25.2 hum=48.8 pm25=-1.0 co2=308 tvoc_raw=30991 nox_raw=15733 pres=973.3
I (1250660) Orchestrator: display update done
I (1251650) Orchestrator: sensor_data: temp=25.1 hum=48.8 pm25=-1.0 co2=308 tvoc_raw=30991 nox_raw=15733 pres=973.3
I (1251660) Orchestrator: display update done
I (1252650) Orchestrator: sensor_data: temp=25.2 hum=48.9 pm25=-1.0 co2=308 tvoc_raw=30991 nox_raw=15733 pres=973.3
I (1252660) Orchestrator: display update done
I (1253650) Orchestrator: sensor_data: temp=25.1 hum=48.8 pm25=-1.0 co2=308 tvoc_raw=30991 nox_raw=15733 pres=973.3
I (1253660) Orchestrator: display update done
I (1254650) Orchestrator: sensor_data: temp=25.1 hum=48.7 pm25=-1.0 co2=307 tvoc_raw=30991 nox_raw=15733 pres=973.3
I (1254660) Orchestrator: display update done
I (1255330) PowerService: BMS  chg=FastCharge en=1 chg_dis=0 src=UnknownAdapter vbus=4.63V ibus=676mA ibat=+760mA vsys=3731mV vpmid=4589mV tdie=33°C
I (1255330) PowerService: FG   SOC=22% V=3.688V I=+757mA P=+2792mW rem=492/2263mAh T=30.0°C [FC=0 CHG=1 DSG=0 OCV=1 ITPOR=0 CFGUP=0 BATDET=1] src=FG
I (1255350) PowerService: FG-LRN QMAX_UP=1 RES_UP=0 VOK=1 | V=3688mV BELOW-FLAT(<3750:OCV2-zone)
W (1255360) PowerService: BMS regulation: treg=0 vsys=0 iindpm=0 vindpm=1 safety=0 wd=0
I (1255650) Orchestrator: sensor_data: temp=25.1 hum=48.8 pm25=-1.0 co2=307 tvoc_raw=30991 nox_raw=15733 pres=973.3
I (1255660) Orchestrator: display update done
I (1256650) Orchestrator: sensor_data: temp=25.2 hum=48.8 pm25=-1.0 co2=307 tvoc_raw=30991 nox_raw=15733 pres=973.3
I (1256660) Orchestrator: display update done
I (1257650) Orchestrator: sensor_data: temp=25.2 hum=48.7 pm25=-1.0 co2=307 tvoc_raw=30991 nox_raw=15733 pres=973.3
I (1257660) Orchestrator: display update done
I (1258650) Orchestrator: sensor_data: temp=25.2 hum=48.6 pm25=-1.0 co2=306 tvoc_raw=30991 nox_raw=15733 pres=973.3
I (1258660) Orchestrator: display update done
I (1259650) Orchestrator: sensor_data: temp=25.2 hum=48.7 pm25=-1.0 co2=306 tvoc_raw=30991 nox_raw=15733 pres=973.3
I (1259660) Orchestrator: display update done
I (1260650) Orchestrator: sensor_data: temp=25.3 hum=48.8 pm25=-1.0 co2=305 tvoc_raw=30991 nox_raw=15733 pres=973.3
I (1260660) Orchestrator: display update done
I (1261650) Orchestrator: sensor_data: temp=25.3 hum=48.9 pm25=-1.0 co2=305 tvoc_raw=30991 nox_raw=15733 pres=973.3
I (1261660) Orchestrator: display update done
I (1264010) Orchestrator: sensor_data: temp=25.4 hum=49.1 pm25=-1.0 co2=304 tvoc_raw=30991 nox_raw=15733 pres=973.3
I (1264020) Orchestrator: display update done
I (1265010) Orchestrator: sensor_data: temp=25.4 hum=49.1 pm25=-1.0 co2=304 tvoc_raw=30991 nox_raw=15733 pres=973.3
I (1265020) Orchestrator: display update done
I (1265650) PowerService: BMS  chg=FastCharge en=1 chg_dis=0 src=UnknownAdapter vbus=4.63V ibus=678mA ibat=+756mA vsys=3729mV vpmid=4589mV tdie=33°C
I (1265650) PowerService: FG   SOC=22% V=3.689V I=+756mA P=+2789mW rem=494/2263mAh T=30.1°C [FC=0 CHG=1 DSG=0 OCV=1 ITPOR=0 CFGUP=0 BATDET=1] src=FG
I (1265670) PowerService: FG-LRN QMAX_UP=1 RES_UP=0 VOK=1 | V=3689mV BELOW-FLAT(<3750:OCV2-zone)
W (1265680) PowerService: BMS regulation: treg=0 vsys=0 iindpm=0 vindpm=1 safety=0 wd=0
I (1266010) Orchestrator: sensor_data: temp=25.4 hum=49.0 pm25=-1.0 co2=303 tvoc_raw=30991 nox_raw=15733 pres=973.3
I (1266020) Orchestrator: display update done
I (1267010) Orchestrator: sensor_data: temp=25.3 hum=48.9 pm25=-1.0 co2=303 tvoc_raw=30991 nox_raw=15733 pres=973.3
I (1267020) Orchestrator: display update done
I (1268010) Orchestrator: sensor_data: temp=25.3 hum=49.0 pm25=-1.0 co2=303 tvoc_raw=30991 nox_raw=15733 pres=973.3
I (1268020) Orchestrator: display update done
I (1269010) Orchestrator: sensor_data: temp=25.3 hum=48.9 pm25=-1.0 co2=303 tvoc_raw=30991 nox_raw=15733 pres=973.3
I (1269020) Orchestrator: display update done
I (1270010) Orchestrator: sensor_data: temp=25.3 hum=48.9 pm25=-1.0 co2=303 tvoc_raw=30991 nox_raw=15733 pres=973.3
I (1270020) Orchestrator: display update done
I (1271010) Orchestrator: sensor_data: temp=25.3 hum=49.0 pm25=-1.0 co2=303 tvoc_raw=30991 nox_raw=15733 pres=973.3
I (1271020) Orchestrator: display update done
I (1272010) Orchestrator: sensor_data: temp=25.3 hum=49.0 pm25=-1.0 co2=304 tvoc_raw=30991 nox_raw=15733 pres=973.3
I (1272020) Orchestrator: display update done
I (1273010) Orchestrator: sensor_data: temp=25.3 hum=49.0 pm25=-1.0 co2=304 tvoc_raw=30991 nox_raw=15733 pres=973.3
I (1273020) Orchestrator: display update done
I (1274010) Orchestrator: sensor_data: temp=25.3 hum=49.1 pm25=-1.0 co2=304 tvoc_raw=30991 nox_raw=15733 pres=973.3
I (1274020) Orchestrator: display update done
I (1275010) Orchestrator: sensor_data: temp=25.3 hum=49.1 pm25=-1.0 co2=304 tvoc_raw=30991 nox_raw=15733 pres=973.3
I (1275020) Orchestrator: display update done
I (1275690) PowerService: BMS  chg=FastCharge en=1 chg_dis=0 src=UnknownAdapter vbus=4.63V ibus=678mA ibat=+760mA vsys=3731mV vpmid=4585mV tdie=33°C
I (1275690) PowerService: FG   SOC=22% V=3.690V I=+758mA P=+2797mW rem=496/2263mAh T=30.2°C [FC=0 CHG=1 DSG=0 OCV=1 ITPOR=0 CFGUP=0 BATDET=1] src=FG
I (1275710) PowerService: FG-LRN QMAX_UP=1 RES_UP=0 VOK=1 | V=3690mV BELOW-FLAT(<3750:OCV2-zone)
W (1275720) PowerService: BMS regulation: treg=0 vsys=0 iindpm=0 vindpm=1 safety=0 wd=0
I (1276010) Orchestrator: sensor_data: temp=25.3 hum=49.2 pm25=-1.0 co2=304 tvoc_raw=30991 nox_raw=15733 pres=973.3
I (1276020) Orchestrator: display update done
I (1277010) Orchestrator: sensor_data: temp=25.3 hum=49.3 pm25=-1.0 co2=304 tvoc_raw=30991 nox_raw=15733 pres=973.3
I (1277020) Orchestrator: display update done
I (1278010) Orchestrator: sensor_data: temp=25.3 hum=49.3 pm25=-1.0 co2=304 tvoc_raw=30991 nox_raw=15733 pres=973.3
I (1278020) Orchestrator: display update done
I (1279010) Orchestrator: sensor_data: temp=25.3 hum=49.3 pm25=-1.0 co2=304 tvoc_raw=30991 nox_raw=15733 pres=973.3
I (1279020) Orchestrator: display update done
I (1280010) Orchestrator: sensor_data: temp=25.3 hum=49.3 pm25=-1.0 co2=304 tvoc_raw=30991 nox_raw=15733 pres=973.3
I (1280020) Orchestrator: display update done
I (1281010) Orchestrator: sensor_data: temp=25.3 hum=49.5 pm25=-1.0 co2=304 tvoc_raw=30991 nox_raw=15733 pres=973.3
I (1281020) Orchestrator: display update done
I (1282010) Orchestrator: sensor_data: temp=25.4 hum=49.5 pm25=-1.0 co2=304 tvoc_raw=30991 nox_raw=15733 pres=973.3
I (1282020) Orchestrator: display update done
I (1283010) Orchestrator: sensor_data: temp=25.4 hum=49.4 pm25=-1.0 co2=303 tvoc_raw=30991 nox_raw=15733 pres=973.3
I (1283020) Orchestrator: display update done
I (1284010) Orchestrator: sensor_data: temp=25.4 hum=49.4 pm25=-1.0 co2=303 tvoc_raw=30991 nox_raw=15733 pres=973.3
I (1284020) Orchestrator: display update done
I (1286360) PowerService: BMS  chg=FastCharge en=1 chg_dis=0 src=UnknownAdapter vbus=4.63V ibus=680mA ibat=+760mA vsys=3733mV vpmid=4589mV tdie=33°C
I (1286360) PowerService: FG   SOC=23% V=3.691V I=+752mA P=+2776mW rem=498/2263mAh T=30.0°C [FC=0 CHG=1 DSG=0 OCV=1 ITPOR=0 CFGUP=0 BATDET=1] src=FG
I (1286380) PowerService: FG-LRN QMAX_UP=1 RES_UP=0 VOK=1 | V=3691mV BELOW-FLAT(<3750:OCV2-zone)
W (1286380) PowerService: BMS regulation: treg=0 vsys=0 iindpm=0 vindpm=1 safety=0 wd=0
I (1286390) Orchestrator: sensor_data: temp=25.4 hum=48.9 pm25=-1.0 co2=304 tvoc_raw=30991 nox_raw=15733 pres=973.3
I (1286410) Orchestrator: display update done
I (1288240) Orchestrator: sensor_data: temp=25.3 hum=48.6 pm25=-1.0 co2=303 tvoc_raw=30991 nox_raw=15733 pres=973.3
I (1288250) Orchestrator: display update done
I (1289240) Orchestrator: sensor_data: temp=25.3 hum=48.5 pm25=-1.0 co2=303 tvoc_raw=30991 nox_raw=15733 pres=973.3
I (1289250) Orchestrator: display update done
I (1290240) Orchestrator: sensor_data: temp=25.3 hum=48.4 pm25=-1.0 co2=303 tvoc_raw=30991 nox_raw=15733 pres=973.3
I (1290250) Orchestrator: display update done
I (1291240) Orchestrator: sensor_data: temp=25.4 hum=48.3 pm25=-1.0 co2=303 tvoc_raw=30991 nox_raw=15733 pres=973.3
I (1291250) Orchestrator: display update done
I (1292240) Orchestrator: sensor_data: temp=25.3 hum=48.2 pm25=-1.0 co2=303 tvoc_raw=30991 nox_raw=15733 pres=973.3
I (1292250) Orchestrator: display update done
I (1293240) Orchestrator: sensor_data: temp=25.3 hum=48.3 pm25=-1.0 co2=303 tvoc_raw=30991 nox_raw=15733 pres=973.3
I (1293250) Orchestrator: display update done
I (1294240) Orchestrator: sensor_data: temp=25.3 hum=48.5 pm25=-1.0 co2=303 tvoc_raw=30991 nox_raw=15733 pres=973.3
I (1294250) Orchestrator: display update done
I (1295240) Orchestrator: sensor_data: temp=25.3 hum=48.6 pm25=-1.0 co2=303 tvoc_raw=30991 nox_raw=15733 pres=973.3
I (1295250) Orchestrator: display update done
I (1296240) Orchestrator: sensor_data: temp=25.3 hum=48.7 pm25=-1.0 co2=303 tvoc_raw=30991 nox_raw=15733 pres=973.3
I (1296250) Orchestrator: display update done
I (1296880) PowerService: BMS  chg=FastCharge en=1 chg_dis=0 src=UnknownAdapter vbus=4.63V ibus=680mA ibat=+760mA vsys=3731mV vpmid=4589mV tdie=33°C
I (1296880) PowerService: FG   SOC=23% V=3.694V I=+757mA P=+2796mW rem=500/2264mAh T=30.0°C [FC=0 CHG=1 DSG=0 OCV=1 ITPOR=0 CFGUP=0 BATDET=1] src=FG
I (1296900) PowerService: FG-LRN QMAX_UP=1 RES_UP=0 VOK=1 | V=3694mV BELOW-FLAT(<3750:OCV2-zone)
W (1296910) PowerService: BMS regulation: treg=0 vsys=0 iindpm=0 vindpm=1 safety=0 wd=0
I (1297240) Orchestrator: sensor_data: temp=25.3 hum=48.9 pm25=-1.0 co2=303 tvoc_raw=30991 nox_raw=15733 pres=973.3
I (1297250) Orchestrator: display update done
I (1298240) Orchestrator: sensor_data: temp=25.3 hum=49.0 pm25=-1.0 co2=303 tvoc_raw=30991 nox_raw=15733 pres=973.3
I (1298250) Orchestrator: display update done
I (1299240) Orchestrator: sensor_data: temp=25.3 hum=49.1 pm25=-1.0 co2=303 tvoc_raw=30991 nox_raw=15733 pres=973.3
I (1299250) Orchestrator: display update done
I (1300240) Orchestrator: sensor_data: temp=25.3 hum=49.1 pm25=-1.0 co2=303 tvoc_raw=30991 nox_raw=15733 pres=973.3
I (1300250) Orchestrator: display update done
I (1301240) Orchestrator: sensor_data: temp=25.4 hum=49.2 pm25=-1.0 co2=303 tvoc_raw=30991 nox_raw=15733 pres=973.3
I (1301250) Orchestrator: display update done
I (1302240) Orchestrator: sensor_data: temp=25.4 hum=49.2 pm25=-1.0 co2=303 tvoc_raw=30991 nox_raw=15733 pres=973.3
I (1302250) Orchestrator: display update done
I (1303240) Orchestrator: sensor_data: temp=25.4 hum=49.4 pm25=-1.0 co2=303 tvoc_raw=30991 nox_raw=15733 pres=973.3
I (1303250) Orchestrator: display update done
I (1304240) Orchestrator: sensor_data: temp=25.5 hum=49.5 pm25=-1.0 co2=303 tvoc_raw=30991 nox_raw=15733 pres=973.3
I (1304250) Orchestrator: display update done
I (1305240) Orchestrator: sensor_data: temp=25.5 hum=49.5 pm25=-1.0 co2=303 tvoc_raw=30991 nox_raw=15733 pres=973.3
I (1305250) Orchestrator: display update done
I (1306240) Orchestrator: sensor_data: temp=25.5 hum=49.4 pm25=-1.0 co2=303 tvoc_raw=30991 nox_raw=15733 pres=973.3
I (1306250) Orchestrator: display update done
I (1306920) PowerService: BMS  chg=FastCharge en=1 chg_dis=0 src=UnknownAdapter vbus=4.63V ibus=690mA ibat=+760mA vsys=3733mV vpmid=4589mV tdie=33°C
I (1306920) PowerService: FG   SOC=23% V=3.695V I=+758mA P=+2801mW rem=502/2264mAh T=30.0°C [FC=0 CHG=1 DSG=0 OCV=1 ITPOR=0 CFGUP=0 BATDET=1] src=FG
I (1306940) PowerService: FG-LRN QMAX_UP=1 RES_UP=0 VOK=1 | V=3695mV BELOW-FLAT(<3750:OCV2-zone)
W (1306950) PowerService: BMS regulation: treg=0 vsys=0 iindpm=0 vindpm=1 safety=0 wd=0
I (1307240) Orchestrator: sensor_data: temp=25.5 hum=49.1 pm25=-1.0 co2=303 tvoc_raw=30991 nox_raw=15733 pres=973.3
I (1307240) Orchestrator: display update done
I (1309590) Orchestrator: sensor_data: temp=25.4 hum=48.7 pm25=-1.0 co2=303 tvoc_raw=30991 nox_raw=15733 pres=973.3
I (1309600) Orchestrator: display update done
I (1310590) Orchestrator: sensor_data: temp=25.5 hum=48.6 pm25=-1.0 co2=303 tvoc_raw=30991 nox_raw=15733 pres=973.3
I (1310600) Orchestrator: display update done
I (1311590) Orchestrator: sensor_data: temp=25.5 hum=48.6 pm25=-1.0 co2=303 tvoc_raw=30991 nox_raw=15733 pres=973.3
I (1311600) Orchestrator: display update done
I (1312590) Orchestrator: sensor_data: temp=25.4 hum=48.5 pm25=-1.0 co2=303 tvoc_raw=30991 nox_raw=15733 pres=973.3
I (1312600) Orchestrator: display update done
I (1313590) Orchestrator: sensor_data: temp=25.5 hum=48.6 pm25=-1.0 co2=303 tvoc_raw=30991 nox_raw=15733 pres=973.3
I (1313600) Orchestrator: display update done
I (1314590) Orchestrator: sensor_data: temp=25.4 hum=48.7 pm25=-1.0 co2=303 tvoc_raw=30991 nox_raw=15733 pres=973.3
I (1314600) Orchestrator: display update done
I (1315590) Orchestrator: sensor_data: temp=25.5 hum=48.8 pm25=-1.0 co2=303 tvoc_raw=30991 nox_raw=15733 pres=973.3
I (1315600) Orchestrator: display update done
I (1316590) Orchestrator: sensor_data: temp=25.5 hum=48.9 pm25=-1.0 co2=303 tvoc_raw=30991 nox_raw=15733 pres=973.3
I (1316600) Orchestrator: display update done
I (1317230) PowerService: BMS  chg=FastCharge en=1 chg_dis=0 src=UnknownAdapter vbus=4.63V ibus=680mA ibat=+760mA vsys=3735mV vpmid=4589mV tdie=33°C
I (1317230) PowerService: FG   SOC=23% V=3.693V I=+757mA P=+2796mW rem=505/2264mAh T=30.1°C [FC=0 CHG=1 DSG=0 OCV=1 ITPOR=0 CFGUP=0 BATDET=1] src=FG
I (1317250) PowerService: FG-LRN QMAX_UP=1 RES_UP=0 VOK=1 | V=3693mV BELOW-FLAT(<3750:OCV2-zone)
W (1317260) PowerService: BMS regulation: treg=0 vsys=0 iindpm=0 vindpm=1 safety=0 wd=0
I (1317590) Orchestrator: sensor_data: temp=25.5 hum=49.0 pm25=-1.0 co2=303 tvoc_raw=30991 nox_raw=15733 pres=973.3
I (1317600) Orchestrator: display update done
I (1318590) Orchestrator: sensor_data: temp=25.5 hum=48.9 pm25=-1.0 co2=303 tvoc_raw=30991 nox_raw=15733 pres=973.3
I (1318600) Orchestrator: display update done
I (1319590) Orchestrator: sensor_data: temp=25.4 hum=48.8 pm25=-1.0 co2=303 tvoc_raw=30991 nox_raw=15733 pres=973.3
I (1319600) Orchestrator: display update done
I (1320590) Orchestrator: sensor_data: temp=25.4 hum=48.6 pm25=-1.0 co2=303 tvoc_raw=30991 nox_raw=15733 pres=973.3
I (1320600) Orchestrator: display update done
I (1321590) Orchestrator: sensor_data: temp=25.4 hum=48.6 pm25=-1.0 co2=303 tvoc_raw=30991 nox_raw=15733 pres=973.3
I (1321590) Orchestrator: display update done
I (1322590) Orchestrator: sensor_data: temp=25.4 hum=48.6 pm25=-1.0 co2=303 tvoc_raw=30991 nox_raw=15733 pres=-1.0
I (1322590) Orchestrator: display update done
I (1323590) Orchestrator: sensor_data: temp=25.4 hum=48.5 pm25=-1.0 co2=303 tvoc_raw=30991 nox_raw=15733 pres=973.3
I (1323600) Orchestrator: display update done
I (1324590) Orchestrator: sensor_data: temp=25.4 hum=48.4 pm25=-1.0 co2=303 tvoc_raw=30991 nox_raw=15733 pres=973.3
I (1324600) Orchestrator: display update done
I (1325590) Orchestrator: sensor_data: temp=25.4 hum=48.4 pm25=-1.0 co2=303 tvoc_raw=30991 nox_raw=15733 pres=973.3
I (1325600) Orchestrator: display update done
I (1326590) Orchestrator: sensor_data: temp=25.4 hum=48.4 pm25=-1.0 co2=303 tvoc_raw=30991 nox_raw=15733 pres=973.3
I (1326600) Orchestrator: display update done
I (1327270) PowerService: BMS  chg=FastCharge en=1 chg_dis=0 src=UnknownAdapter vbus=4.63V ibus=676mA ibat=+760mA vsys=3735mV vpmid=4589mV tdie=33°C
I (1327270) PowerService: FG   SOC=23% V=3.694V I=+755mA P=+2789mW rem=507/2265mAh T=30.1°C [FC=0 CHG=1 DSG=0 OCV=1 ITPOR=0 CFGUP=0 BATDET=1] src=FG
I (1327290) PowerService: FG-LRN QMAX_UP=1 RES_UP=0 VOK=1 | V=3694mV BELOW-FLAT(<3750:OCV2-zone)
W (1327300) PowerService: BMS regulation: treg=0 vsys=0 iindpm=0 vindpm=1 safety=0 wd=0
I (1327590) Orchestrator: sensor_data: temp=25.4 hum=48.3 pm25=-1.0 co2=303 tvoc_raw=30991 nox_raw=15733 pres=973.3
I (1327600) Orchestrator: display update done
I (1328590) Orchestrator: sensor_data: temp=25.3 hum=48.2 pm25=-1.0 co2=303 tvoc_raw=30991 nox_raw=15733 pres=973.3
I (1328600) Orchestrator: display update done
I (1329590) Orchestrator: sensor_data: temp=25.3 hum=48.3 pm25=-1.0 co2=303 tvoc_raw=30991 nox_raw=15733 pres=973.3
I (1329600) Orchestrator: display update done
I (1331950) Orchestrator: sensor_data: temp=25.3 hum=48.9 pm25=-1.0 co2=303 tvoc_raw=30991 nox_raw=15733 pres=973.3
I (1331960) Orchestrator: display update done
I (1337310) PowerService: BMS  chg=FastCharge en=1 chg_dis=0 src=UnknownAdapter vbus=4.63V ibus=690mA ibat=+772mA vsys=3739mV vpmid=4589mV tdie=33°C
I (1337310) PowerService: FG   SOC=23% V=3.697V I=+765mA P=+2828mW rem=509/2265mAh T=30.2°C [FC=0 CHG=1 DSG=0 OCV=1 ITPOR=0 CFGUP=0 BATDET=1] src=FG
I (1337330) PowerService: FG-LRN QMAX_UP=1 RES_UP=0 VOK=1 | V=3697mV BELOW-FLAT(<3750:OCV2-zone)
W (1337330) PowerService: BMS regulation: treg=0 vsys=0 iindpm=0 vindpm=1 safety=0 wd=0
I (1337340) Orchestrator: sensor_data: temp=25.3 hum=49.6 pm25=-1.0 co2=303 tvoc_raw=30991 nox_raw=15733 pres=973.3
I (1337360) Orchestrator: display update done
I (1338080) Lis2dh12: MOTION src=0x65  x=+1 mg  y=+30 mg  z=+1099 mg
I (1338320) Orchestrator: sensor_data: temp=25.3 hum=49.7 pm25=-1.0 co2=303 tvoc_raw=30991 nox_raw=15733 pres=973.3
I (1338330) Orchestrator: display update done
I (1339320) Orchestrator: sensor_data: temp=25.3 hum=49.8 pm25=-1.0 co2=303 tvoc_raw=30991 nox_raw=15733 pres=973.3
I (1339330) Orchestrator: display update done
I (1340320) Orchestrator: sensor_data: temp=25.3 hum=49.8 pm25=-1.0 co2=303 tvoc_raw=30991 nox_raw=15733 pres=973.3
I (1340330) Orchestrator: display update done
I (1341320) Orchestrator: sensor_data: temp=25.4 hum=49.6 pm25=-1.0 co2=302 tvoc_raw=30991 nox_raw=15733 pres=973.3
I (1341330) Orchestrator: display update done
I (1342320) Orchestrator: sensor_data: temp=25.4 hum=49.6 pm25=-1.0 co2=302 tvoc_raw=30991 nox_raw=15733 pres=973.3
I (1342330) Orchestrator: display update done
I (1343320) Orchestrator: sensor_data: temp=25.4 hum=49.7 pm25=-1.0 co2=302 tvoc_raw=30991 nox_raw=15733 pres=973.3
I (1343330) Orchestrator: display update done
I (1344200) Lis2dh12: MOTION src=0x65  x=+37 mg  y=+40 mg  z=+1050 mg
I (1344320) Orchestrator: sensor_data: temp=25.4 hum=49.8 pm25=-1.0 co2=302 tvoc_raw=30991 nox_raw=15733 pres=973.3
I (1344330) Orchestrator: display update done
I (1345320) Orchestrator: sensor_data: temp=25.4 hum=49.7 pm25=-1.0 co2=302 tvoc_raw=30991 nox_raw=15733 pres=973.3
I (1345330) Orchestrator: display update done
I (1346320) Orchestrator: sensor_data: temp=25.4 hum=49.4 pm25=-1.0 co2=302 tvoc_raw=30991 nox_raw=15733 pres=973.3
I (1346330) Orchestrator: display update done
I (1347320) Orchestrator: sensor_data: temp=25.4 hum=49.3 pm25=-1.0 co2=302 tvoc_raw=30991 nox_raw=15733 pres=973.3
I (1347330) Orchestrator: display update done
I (1347960) PowerService: BMS  chg=FastCharge en=1 chg_dis=0 src=UnknownAdapter vbus=4.63V ibus=688mA ibat=+772mA vsys=3739mV vpmid=4589mV tdie=33°C
I (1347960) PowerService: FG   SOC=23% V=3.696V I=+756mA P=+2794mW rem=511/2265mAh T=30.1°C [FC=0 CHG=1 DSG=0 OCV=1 ITPOR=0 CFGUP=0 BATDET=1] src=FG
I (1347970) PowerService: FG-LRN QMAX_UP=1 RES_UP=0 VOK=1 | V=3696mV BELOW-FLAT(<3750:OCV2-zone)
W (1347980) PowerService: BMS regulation: treg=0 vsys=0 iindpm=0 vindpm=1 safety=0 wd=0
I (1348320) Orchestrator: sensor_data: temp=25.4 hum=49.1 pm25=-1.0 co2=302 tvoc_raw=30991 nox_raw=15733 pres=973.3
I (1348330) Orchestrator: display update done
I (1349320) Orchestrator: sensor_data: temp=25.4 hum=49.0 pm25=-1.0 co2=302 tvoc_raw=30991 nox_raw=15733 pres=973.3
I (1349330) Orchestrator: display update done
I (1350320) Orchestrator: sensor_data: temp=25.4 hum=48.7 pm25=-1.0 co2=302 tvoc_raw=30991 nox_raw=15733 pres=973.3
I (1350330) Orchestrator: display update done
I (1351320) Orchestrator: sensor_data: temp=25.3 hum=48.7 pm25=-1.0 co2=302 tvoc_raw=30991 nox_raw=15733 pres=973.3
I (1351330) Orchestrator: display update done
I (1352320) Orchestrator: sensor_data: temp=25.3 hum=48.7 pm25=-1.0 co2=302 tvoc_raw=30991 nox_raw=15733 pres=973.3
I (1352320) Orchestrator: display update done
I (1353320) Orchestrator: sensor_data: temp=25.3 hum=48.7 pm25=-1.0 co2=302 tvoc_raw=30991 nox_raw=15733 pres=-1.0
I (1353320) Orchestrator: display update done
I (1354320) Orchestrator: sensor_data: temp=25.3 hum=48.7 pm25=-1.0 co2=302 tvoc_raw=30991 nox_raw=15733 pres=973.3
I (1354330) Orchestrator: display update done
I (1355320) Orchestrator: sensor_data: temp=25.2 hum=48.6 pm25=-1.0 co2=302 tvoc_raw=30991 nox_raw=15733 pres=973.3
I (1355330) Orchestrator: display update done
I (1356320) Orchestrator: sensor_data: temp=25.3 hum=48.6 pm25=-1.0 co2=302 tvoc_raw=30991 nox_raw=15733 pres=973.3
I (1356330) Orchestrator: display update done
I (1358670) PowerService: BMS  chg=FastCharge en=1 chg_dis=0 src=UnknownAdapter vbus=4.63V ibus=676mA ibat=+756mA vsys=3735mV vpmid=4585mV tdie=33°C
I (1358670) PowerService: FG   SOC=23% V=3.696V I=+750mA P=+2772mW rem=513/2265mAh T=30.1°C [FC=0 CHG=1 DSG=0 OCV=1 ITPOR=0 CFGUP=0 BATDET=1] src=FG
I (1358690) PowerService: FG-LRN QMAX_UP=1 RES_UP=0 VOK=1 | V=3696mV BELOW-FLAT(<3750:OCV2-zone)
W (1358690) PowerService: BMS regulation: treg=0 vsys=0 iindpm=0 vindpm=1 safety=0 wd=0
I (1358700) Orchestrator: sensor_data: temp=25.3 hum=48.7 pm25=-1.0 co2=302 tvoc_raw=30991 nox_raw=15733 pres=973.3
I (1358720) Orchestrator: display update done
I (1359680) Orchestrator: sensor_data: temp=25.2 hum=48.9 pm25=-1.0 co2=302 tvoc_raw=30991 nox_raw=15733 pres=973.3
I (1359690) Orchestrator: display update done
I (1360680) Orchestrator: sensor_data: temp=25.2 hum=49.1 pm25=-1.0 co2=302 tvoc_raw=30991 nox_raw=15733 pres=973.3
I (1360690) Orchestrator: display update done
I (1361680) Orchestrator: sensor_data: temp=25.2 hum=49.1 pm25=-1.0 co2=302 tvoc_raw=30991 nox_raw=15733 pres=973.3
I (1361690) Orchestrator: display update done
I (1362680) Orchestrator: sensor_data: temp=25.2 hum=49.1 pm25=-1.0 co2=302 tvoc_raw=30991 nox_raw=15733 pres=973.3
I (1362690) Orchestrator: display update done
I (1363680) Orchestrator: sensor_data: temp=25.1 hum=49.3 pm25=-1.0 co2=302 tvoc_raw=30991 nox_raw=15733 pres=973.3
I (1363690) Orchestrator: display update done
I (1364680) Orchestrator: sensor_data: temp=25.2 hum=49.5 pm25=-1.0 co2=302 tvoc_raw=30991 nox_raw=15733 pres=973.3
I (1364690) Orchestrator: display update done
I (1365680) Orchestrator: sensor_data: temp=25.1 hum=49.6 pm25=-1.0 co2=302 tvoc_raw=30991 nox_raw=15733 pres=973.3
I (1365690) Orchestrator: display update done
I (1366680) Orchestrator: sensor_data: temp=25.1 hum=49.6 pm25=-1.0 co2=302 tvoc_raw=30991 nox_raw=15733 pres=973.3
I (1366690) Orchestrator: display update done
I (1367680) Orchestrator: sensor_data: temp=25.0 hum=49.5 pm25=-1.0 co2=302 tvoc_raw=30991 nox_raw=15733 pres=973.3
I (1367680) Orchestrator: display update done
I (1368680) Orchestrator: sensor_data: temp=25.0 hum=49.5 pm25=-1.0 co2=302 tvoc_raw=30991 nox_raw=15733 pres=-1.0
I (1368680) Orchestrator: display update done
I (1369310) PowerService: BMS  chg=FastCharge en=1 chg_dis=0 src=UnknownAdapter vbus=4.63V ibus=680mA ibat=+760mA vsys=3737mV vpmid=4589mV tdie=33°C
I (1369310) PowerService: FG   SOC=23% V=3.697V I=+755mA P=+2791mW rem=515/2266mAh T=30.1°C [FC=0 CHG=1 DSG=0 OCV=1 ITPOR=0 CFGUP=0 BATDET=1] src=FG
I (1369330) PowerService: FG-LRN QMAX_UP=1 RES_UP=0 VOK=1 | V=3697mV BELOW-FLAT(<3750:OCV2-zone)
W (1369340) PowerService: BMS regulation: treg=0 vsys=0 iindpm=0 vindpm=1 safety=0 wd=0
I (1369680) Orchestrator: sensor_data: temp=25.0 hum=49.5 pm25=-1.0 co2=302 tvoc_raw=30991 nox_raw=15733 pres=973.3
I (1369690) Orchestrator: display update done
I (1370680) Orchestrator: sensor_data: temp=25.0 hum=49.5 pm25=-1.0 co2=302 tvoc_raw=30991 nox_raw=15733 pres=973.3
I (1370690) Orchestrator: display update done
I (1371680) Orchestrator: sensor_data: temp=25.0 hum=49.6 pm25=-1.0 co2=302 tvoc_raw=30991 nox_raw=15733 pres=973.3
I (1371690) Orchestrator: display update done
I (1372680) Orchestrator: sensor_data: temp=25.0 hum=49.7 pm25=-1.0 co2=302 tvoc_raw=30991 nox_raw=15733 pres=973.3
I (1372690) Orchestrator: display update done
I (1373680) Orchestrator: sensor_data: temp=25.0 hum=49.7 pm25=-1.0 co2=302 tvoc_raw=30991 nox_raw=15733 pres=973.3
I (1373690) Orchestrator: display update done
I (1374680) Orchestrator: sensor_data: temp=25.1 hum=49.7 pm25=-1.0 co2=302 tvoc_raw=30991 nox_raw=15733 pres=973.3
I (1374690) Orchestrator: display update done
I (1375680) Orchestrator: sensor_data: temp=25.1 hum=49.7 pm25=-1.0 co2=302 tvoc_raw=30991 nox_raw=15733 pres=973.3
I (1375690) Orchestrator: display update done
I (1376680) Orchestrator: sensor_data: temp=25.1 hum=49.7 pm25=-1.0 co2=302 tvoc_raw=30991 nox_raw=15733 pres=973.3
I (1376690) Orchestrator: display update done
I (1377680) Orchestrator: sensor_data: temp=25.2 hum=49.7 pm25=-1.0 co2=302 tvoc_raw=30991 nox_raw=15733 pres=973.3
I (1377690) Orchestrator: display update done
I (1378680) Orchestrator: sensor_data: temp=25.2 hum=49.8 pm25=-1.0 co2=302 tvoc_raw=30991 nox_raw=15733 pres=973.3
I (1378690) Orchestrator: display update done
I (1381030) PowerService: BMS  chg=FastCharge en=1 chg_dis=0 src=UnknownAdapter vbus=4.63V ibus=678mA ibat=+760mA vsys=3739mV vpmid=4585mV tdie=33°C
I (1381030) PowerService: FG   SOC=23% V=3.698V I=+752mA P=+2781mW rem=518/2266mAh T=30.2°C [FC=0 CHG=1 DSG=0 OCV=1 ITPOR=0 CFGUP=0 BATDET=1] src=FG
I (1381050) PowerService: FG-LRN QMAX_UP=1 RES_UP=0 VOK=1 | V=3698mV BELOW-FLAT(<3750:OCV2-zone)
W (1381050) PowerService: BMS regulation: treg=0 vsys=0 iindpm=0 vindpm=1 safety=0 wd=0
I (1381060) Orchestrator: sensor_data: temp=25.3 hum=49.9 pm25=-1.0 co2=302 tvoc_raw=30991 nox_raw=15733 pres=973.4
I (1381080) Orchestrator: display update done
I (1382040) Orchestrator: sensor_data: temp=25.3 hum=50.0 pm25=-1.0 co2=302 tvoc_raw=30991 nox_raw=15733 pres=973.3
I (1382040) Orchestrator: display update done
I (1383040) Orchestrator: sensor_data: temp=25.4 hum=50.0 pm25=-1.0 co2=302 tvoc_raw=30991 nox_raw=15733 pres=-1.0
I (1383040) Orchestrator: display update done
I (1384040) Orchestrator: sensor_data: temp=25.4 hum=49.9 pm25=-1.0 co2=302 tvoc_raw=30991 nox_raw=15733 pres=973.4
I (1384050) Orchestrator: display update done
I (1385040) Orchestrator: sensor_data: temp=25.3 hum=49.7 pm25=-1.0 co2=302 tvoc_raw=30991 nox_raw=15733 pres=973.4
I (1385050) Orchestrator: display update done
I (1386040) Orchestrator: sensor_data: temp=25.3 hum=49.4 pm25=-1.0 co2=302 tvoc_raw=30991 nox_raw=15733 pres=973.4
I (1386050) Orchestrator: display update done
I (1387040) Orchestrator: sensor_data: temp=25.4 hum=49.3 pm25=-1.0 co2=302 tvoc_raw=30991 nox_raw=15733 pres=973.4
I (1387050) Orchestrator: display update done
I (1388040) Orchestrator: sensor_data: temp=25.3 hum=49.3 pm25=-1.0 co2=302 tvoc_raw=30991 nox_raw=15733 pres=973.3
I (1388050) Orchestrator: display update done
I (1389040) Orchestrator: sensor_data: temp=25.3 hum=49.2 pm25=-1.0 co2=302 tvoc_raw=30991 nox_raw=15733 pres=973.3
I (1389050) Orchestrator: display update done
I (1390040) Orchestrator: sensor_data: temp=25.3 hum=49.1 pm25=-1.0 co2=302 tvoc_raw=30991 nox_raw=15733 pres=973.3
I (1390050) Orchestrator: display update done
I (1391040) Orchestrator: sensor_data: temp=25.3 hum=49.0 pm25=-1.0 co2=302 tvoc_raw=30991 nox_raw=15733 pres=973.3
I (1391050) Orchestrator: display update done
I (1391680) PowerService: BMS  chg=FastCharge en=1 chg_dis=0 src=UnknownAdapter vbus=4.63V ibus=688mA ibat=+764mA vsys=3745mV vpmid=4589mV tdie=33°C
I (1391680) PowerService: FG   SOC=23% V=3.701V I=+756mA P=+2799mW rem=520/2266mAh T=30.2°C [FC=0 CHG=1 DSG=0 OCV=1 ITPOR=0 CFGUP=0 BATDET=1] src=FG
I (1391690) PowerService: FG-LRN QMAX_UP=1 RES_UP=0 VOK=1 | V=3701mV BELOW-FLAT(<3750:OCV2-zone)
W (1391700) PowerService: BMS regulation: treg=0 vsys=0 iindpm=0 vindpm=1 safety=0 wd=0
I (1392040) Orchestrator: sensor_data: temp=25.3 hum=48.9 pm25=-1.0 co2=302 tvoc_raw=30991 nox_raw=15733 pres=973.3
I (1392050) Orchestrator: display update done
I (1393730) Orchestrator: sensor_data: temp=25.3 hum=48.9 pm25=-1.0 co2=302 tvoc_raw=30991 nox_raw=15733 pres=973.4
I (1393740) Orchestrator: display update done
I (1394730) Orchestrator: sensor_data: temp=25.3 hum=48.9 pm25=-1.0 co2=302 tvoc_raw=30991 nox_raw=15733 pres=973.3
I (1394740) Orchestrator: display update done
I (1395730) Orchestrator: sensor_data: temp=25.3 hum=49.0 pm25=-1.0 co2=302 tvoc_raw=30991 nox_raw=15733 pres=973.3
I (1395740) Orchestrator: display update done
I (1396730) Orchestrator: sensor_data: temp=25.3 hum=49.1 pm25=-1.0 co2=302 tvoc_raw=30991 nox_raw=15733 pres=973.4
I (1396740) Orchestrator: display update done
I (1397730) Orchestrator: sensor_data: temp=25.3 hum=49.2 pm25=-1.0 co2=302 tvoc_raw=30991 nox_raw=15733 pres=973.4
I (1397740) Orchestrator: display update done
I (1398730) Orchestrator: sensor_data: temp=25.3 hum=49.2 pm25=-1.0 co2=302 tvoc_raw=30991 nox_raw=15733 pres=973.4
I (1398740) Orchestrator: display update done
I (1399730) Orchestrator: sensor_data: temp=25.3 hum=49.2 pm25=-1.0 co2=301 tvoc_raw=30991 nox_raw=15733 pres=973.3
I (1399740) Orchestrator: display update done
I (1400730) Orchestrator: sensor_data: temp=25.3 hum=49.2 pm25=-1.0 co2=301 tvoc_raw=30991 nox_raw=15733 pres=973.3
I (1400740) Orchestrator: display update done
I (1401720) PowerService: BMS  chg=FastCharge en=1 chg_dis=0 src=UnknownAdapter vbus=4.63V ibus=688mA ibat=+772mA vsys=3747mV vpmid=4589mV tdie=33°C
I (1401720) PowerService: FG   SOC=24% V=3.699V I=+756mA P=+2796mW rem=522/2267mAh T=30.1°C [FC=0 CHG=1 DSG=0 OCV=1 ITPOR=0 CFGUP=0 BATDET=1] src=FG
I (1401730) PowerService: FG-LRN QMAX_UP=1 RES_UP=0 VOK=1 | V=3699mV BELOW-FLAT(<3750:OCV2-zone)
W (1401740) PowerService: BMS regulation: treg=0 vsys=0 iindpm=0 vindpm=1 safety=0 wd=0
I (1401750) Orchestrator: sensor_data: temp=25.3 hum=49.1 pm25=-1.0 co2=301 tvoc_raw=30991 nox_raw=15733 pres=973.3
I (1401770) Orchestrator: display update done
I (1404120) Orchestrator: sensor_data: temp=25.3 hum=48.8 pm25=-1.0 co2=301 tvoc_raw=30991 nox_raw=15733 pres=973.3
I (1404130) Orchestrator: display update done
I (1405120) Orchestrator: sensor_data: temp=25.3 hum=48.6 pm25=-1.0 co2=302 tvoc_raw=30991 nox_raw=15733 pres=973.4
I (1405130) Orchestrator: display update done
I (1406120) Orchestrator: sensor_data: temp=25.3 hum=48.6 pm25=-1.0 co2=302 tvoc_raw=30991 nox_raw=15733 pres=973.4
I (1406130) Orchestrator: display update done
I (1407120) Orchestrator: sensor_data: temp=25.3 hum=48.6 pm25=-1.0 co2=301 tvoc_raw=30991 nox_raw=15733 pres=973.4
I (1407130) Orchestrator: display update done
I (1408120) Orchestrator: sensor_data: temp=25.2 hum=48.7 pm25=-1.0 co2=301 tvoc_raw=30991 nox_raw=15733 pres=973.4
I (1408130) Orchestrator: display update done
I (1409120) Orchestrator: sensor_data: temp=25.2 hum=48.7 pm25=-1.0 co2=301 tvoc_raw=30991 nox_raw=15733 pres=973.4
I (1409130) Orchestrator: display update done
I (1410120) Orchestrator: sensor_data: temp=25.2 hum=48.7 pm25=-1.0 co2=301 tvoc_raw=30991 nox_raw=15733 pres=973.4
I (1410130) Orchestrator: display update done
I (1411120) Orchestrator: sensor_data: temp=25.2 hum=48.8 pm25=-1.0 co2=301 tvoc_raw=30991 nox_raw=15733 pres=973.4
I (1411130) Orchestrator: display update done
I (1411760) PowerService: BMS  chg=FastCharge en=1 chg_dis=0 src=UnknownAdapter vbus=4.63V ibus=678mA ibat=+760mA vsys=3743mV vpmid=4589mV tdie=33°C
I (1411760) PowerService: FG   SOC=24% V=3.703V I=+756mA P=+2799mW rem=525/2267mAh T=30.2°C [FC=0 CHG=1 DSG=0 OCV=1 ITPOR=0 CFGUP=0 BATDET=1] src=FG
I (1411780) PowerService: FG-LRN QMAX_UP=1 RES_UP=0 VOK=1 | V=3703mV BELOW-FLAT(<3750:OCV2-zone)
W (1411790) PowerService: BMS regulation: treg=0 vsys=0 iindpm=0 vindpm=1 safety=0 wd=0
I (1412120) Orchestrator: sensor_data: temp=25.2 hum=48.9 pm25=-1.0 co2=301 tvoc_raw=30991 nox_raw=15733 pres=973.4
I (1412130) Orchestrator: display update done
I (1413120) Orchestrator: sensor_data: temp=25.2 hum=49.3 pm25=-1.0 co2=301 tvoc_raw=30991 nox_raw=15733 pres=973.4
I (1413130) Orchestrator: display update done
I (1414120) Orchestrator: sensor_data: temp=25.2 hum=49.5 pm25=-1.0 co2=301 tvoc_raw=30991 nox_raw=15733 pres=973.4
I (1414130) Orchestrator: display update done
I (1415120) Orchestrator: sensor_data: temp=25.2 hum=49.4 pm25=-1.0 co2=302 tvoc_raw=30991 nox_raw=15733 pres=973.4
I (1415130) Orchestrator: display update done
I (1416120) Orchestrator: sensor_data: temp=25.2 hum=49.3 pm25=-1.0 co2=302 tvoc_raw=30991 nox_raw=15733 pres=973.4
I (1416130) Orchestrator: display update done
I (1417120) Orchestrator: sensor_data: temp=25.2 hum=49.3 pm25=-1.0 co2=302 tvoc_raw=30991 nox_raw=15733 pres=973.4
I (1417130) Orchestrator: display update done
I (1418120) Orchestrator: sensor_data: temp=25.3 hum=49.3 pm25=-1.0 co2=302 tvoc_raw=30991 nox_raw=15733 pres=973.4
I (1418130) Orchestrator: display update done
I (1419120) Orchestrator: sensor_data: temp=25.3 hum=49.2 pm25=-1.0 co2=302 tvoc_raw=30991 nox_raw=15733 pres=973.4
I (1419130) Orchestrator: display update done
I (1420120) Orchestrator: sensor_data: temp=25.3 hum=49.3 pm25=-1.0 co2=302 tvoc_raw=30991 nox_raw=15733 pres=973.4
I (1420130) Orchestrator: display update done
I (1421120) Orchestrator: sensor_data: temp=25.4 hum=49.5 pm25=-1.0 co2=302 tvoc_raw=30991 nox_raw=15733 pres=973.4
I (1421130) Orchestrator: display update done
I (1421800) PowerService: BMS  chg=FastCharge en=1 chg_dis=0 src=UnknownAdapter vbus=4.63V ibus=680mA ibat=+760mA vsys=3747mV vpmid=4585mV tdie=33°C
I (1421800) PowerService: FG   SOC=24% V=3.703V I=+756mA P=+2799mW rem=527/2267mAh T=30.4°C [FC=0 CHG=1 DSG=0 OCV=1 ITPOR=0 CFGUP=0 BATDET=1] src=FG
I (1421820) PowerService: FG-LRN QMAX_UP=1 RES_UP=0 VOK=1 | V=3703mV BELOW-FLAT(<3750:OCV2-zone)
W (1421830) PowerService: BMS regulation: treg=0 vsys=0 iindpm=0 vindpm=1 safety=0 wd=0
I (1422120) Orchestrator: sensor_data: temp=25.4 hum=49.6 pm25=-1.0 co2=302 tvoc_raw=30991 nox_raw=15733 pres=973.4
I (1422130) Orchestrator: display update done
I (1423120) Orchestrator: sensor_data: temp=25.4 hum=49.5 pm25=-1.0 co2=302 tvoc_raw=30991 nox_raw=15733 pres=973.4
I (1423130) Orchestrator: display update done
I (1424120) Orchestrator: sensor_data: temp=25.4 hum=49.2 pm25=-1.0 co2=302 tvoc_raw=30991 nox_raw=15733 pres=973.4
I (1424130) Orchestrator: display update done
I (1426480) Orchestrator: sensor_data: temp=25.4 hum=48.8 pm25=-1.0 co2=302 tvoc_raw=30991 nox_raw=15733 pres=973.4
I (1426490) Orchestrator: display update done
I (1427480) Orchestrator: sensor_data: temp=25.4 hum=48.7 pm25=-1.0 co2=302 tvoc_raw=30991 nox_raw=15733 pres=973.4
I (1427490) Orchestrator: display update done
I (1428480) Orchestrator: sensor_data: temp=25.4 hum=48.6 pm25=-1.0 co2=302 tvoc_raw=30991 nox_raw=15733 pres=973.4
I (1428490) Orchestrator: display update done
I (1429480) Orchestrator: sensor_data: temp=25.4 hum=48.7 pm25=-1.0 co2=302 tvoc_raw=30991 nox_raw=15733 pres=973.4
I (1429490) Orchestrator: display update done
I (1430480) Orchestrator: sensor_data: temp=25.4 hum=48.6 pm25=-1.0 co2=302 tvoc_raw=30991 nox_raw=15733 pres=973.4
I (1430490) Orchestrator: display update done
I (1431480) Orchestrator: sensor_data: temp=25.4 hum=48.5 pm25=-1.0 co2=302 tvoc_raw=30991 nox_raw=15733 pres=973.4
I (1431490) Orchestrator: display update done
I (1432120) PowerService: BMS  chg=FastCharge en=1 chg_dis=0 src=UnknownAdapter vbus=4.63V ibus=678mA ibat=+760mA vsys=3747mV vpmid=4589mV tdie=33°C
I (1432120) PowerService: FG   SOC=24% V=3.702V I=+756mA P=+2799mW rem=529/2268mAh T=30.2°C [FC=0 CHG=1 DSG=0 OCV=1 ITPOR=0 CFGUP=0 BATDET=1] src=FG
I (1432140) PowerService: FG-LRN QMAX_UP=1 RES_UP=0 VOK=1 | V=3702mV BELOW-FLAT(<3750:OCV2-zone)
W (1432150) PowerService: BMS regulation: treg=0 vsys=0 iindpm=0 vindpm=1 safety=0 wd=0
I (1432480) Orchestrator: sensor_data: temp=25.4 hum=48.5 pm25=-1.0 co2=302 tvoc_raw=30991 nox_raw=15733 pres=973.4
I (1432490) Orchestrator: display update done
I (1433480) Orchestrator: sensor_data: temp=25.3 hum=49.1 pm25=-1.0 co2=303 tvoc_raw=30991 nox_raw=15733 pres=973.4
I (1433490) Orchestrator: display update done
I (1434480) Orchestrator: sensor_data: temp=25.3 hum=49.4 pm25=-1.0 co2=303 tvoc_raw=30991 nox_raw=15733 pres=973.4
I (1434490) Orchestrator: display update done
I (1435480) Orchestrator: sensor_data: temp=25.3 hum=49.3 pm25=-1.0 co2=304 tvoc_raw=30991 nox_raw=15733 pres=973.4
I (1435490) Orchestrator: display update done
I (1436480) Orchestrator: sensor_data: temp=25.3 hum=49.2 pm25=-1.0 co2=304 tvoc_raw=30991 nox_raw=15733 pres=973.4
I (1436490) Orchestrator: display update done
I (1437480) Orchestrator: sensor_data: temp=25.3 hum=49.1 pm25=-1.0 co2=305 tvoc_raw=30991 nox_raw=15733 pres=973.4
I (1437490) Orchestrator: display update done
I (1438480) Orchestrator: sensor_data: temp=25.3 hum=49.0 pm25=-1.0 co2=305 tvoc_raw=30991 nox_raw=15733 pres=973.4
I (1438490) Orchestrator: display update done
I (1439480) Orchestrator: sensor_data: temp=25.3 hum=49.0 pm25=-1.0 co2=306 tvoc_raw=30991 nox_raw=15733 pres=973.4
I (1439490) Orchestrator: display update done
I (1440480) Orchestrator: sensor_data: temp=25.3 hum=48.9 pm25=-1.0 co2=306 tvoc_raw=30991 nox_raw=15733 pres=973.4
I (1440490) Orchestrator: display update done
I (1441480) Orchestrator: sensor_data: temp=25.3 hum=48.7 pm25=-1.0 co2=307 tvoc_raw=30991 nox_raw=15733 pres=973.4
I (1441490) Orchestrator: display update done
I (1442160) PowerService: BMS  chg=FastCharge en=1 chg_dis=0 src=UnknownAdapter vbus=4.63V ibus=678mA ibat=+760mA vsys=3747mV vpmid=4589mV tdie=33°C
I (1442160) PowerService: FG   SOC=24% V=3.703V I=+757mA P=+2803mW rem=531/2268mAh T=30.2°C [FC=0 CHG=1 DSG=0 OCV=1 ITPOR=0 CFGUP=0 BATDET=1] src=FG
I (1442180) PowerService: FG-LRN QMAX_UP=1 RES_UP=0 VOK=1 | V=3703mV BELOW-FLAT(<3750:OCV2-zone)
W (1442190) PowerService: BMS regulation: treg=0 vsys=0 iindpm=0 vindpm=1 safety=0 wd=0
I (1442480) Orchestrator: sensor_data: temp=25.3 hum=48.7 pm25=-1.0 co2=307 tvoc_raw=30991 nox_raw=15733 pres=973.4
I (1442480) Orchestrator: display update done
I (1443480) Orchestrator: sensor_data: temp=25.2 hum=48.7 pm25=-1.0 co2=309 tvoc_raw=30991 nox_raw=15733 pres=-1.0
I (1443480) Orchestrator: display update done
I (1444480) Orchestrator: sensor_data: temp=25.2 hum=48.6 pm25=-1.0 co2=309 tvoc_raw=30991 nox_raw=15733 pres=973.4
I (1444490) Orchestrator: display update done
I (1445480) Orchestrator: sensor_data: temp=25.3 hum=48.5 pm25=-1.0 co2=311 tvoc_raw=30991 nox_raw=15733 pres=973.4
I (1445490) Orchestrator: display update done
I (1446480) Orchestrator: sensor_data: temp=25.3 hum=48.6 pm25=-1.0 co2=311 tvoc_raw=30991 nox_raw=15733 pres=973.4
I (1446490) Orchestrator: display update done
I (1448840) Orchestrator: sensor_data: temp=25.2 hum=48.7 pm25=-1.0 co2=312 tvoc_raw=30991 nox_raw=15733 pres=973.4
I (1448850) Orchestrator: display update done
I (1449840) Orchestrator: sensor_data: temp=25.2 hum=48.8 pm25=-1.0 co2=313 tvoc_raw=30991 nox_raw=15733 pres=973.4
I (1449850) Orchestrator: display update done
I (1450840) Orchestrator: sensor_data: temp=25.3 hum=48.8 pm25=-1.0 co2=313 tvoc_raw=30991 nox_raw=15733 pres=973.4
I (1450850) Orchestrator: display update done
I (1451840) Orchestrator: sensor_data: temp=25.2 hum=49.1 pm25=-1.0 co2=313 tvoc_raw=30991 nox_raw=15733 pres=973.4
I (1451850) Orchestrator: display update done
I (1452480) PowerService: BMS  chg=FastCharge en=1 chg_dis=0 src=UnknownAdapter vbus=4.63V ibus=680mA ibat=+760mA vsys=3749mV vpmid=4589mV tdie=33°C
I (1452480) PowerService: FG   SOC=24% V=3.706V I=+757mA P=+2805mW rem=533/2268mAh T=30.2°C [FC=0 CHG=1 DSG=0 OCV=1 ITPOR=0 CFGUP=0 BATDET=1] src=FG
I (1452500) PowerService: FG-LRN QMAX_UP=1 RES_UP=0 VOK=1 | V=3706mV BELOW-FLAT(<3750:OCV2-zone)
W (1452510) PowerService: BMS regulation: treg=0 vsys=0 iindpm=0 vindpm=1 safety=0 wd=0
I (1452840) Orchestrator: sensor_data: temp=25.2 hum=49.2 pm25=-1.0 co2=313 tvoc_raw=30991 nox_raw=15733 pres=973.4
I (1452850) Orchestrator: display update done
I (1453840) Orchestrator: sensor_data: temp=25.2 hum=49.1 pm25=-1.0 co2=314 tvoc_raw=30991 nox_raw=15733 pres=973.4
I (1453850) Orchestrator: display update done
I (1454840) Orchestrator: sensor_data: temp=25.2 hum=49.1 pm25=-1.0 co2=314 tvoc_raw=30991 nox_raw=15733 pres=973.4
I (1454850) Orchestrator: display update done
I (1455840) Orchestrator: sensor_data: temp=25.2 hum=49.1 pm25=-1.0 co2=315 tvoc_raw=30991 nox_raw=15733 pres=973.4
I (1455850) Orchestrator: display update done
I (1456840) Orchestrator: sensor_data: temp=25.3 hum=49.3 pm25=-1.0 co2=315 tvoc_raw=30991 nox_raw=15733 pres=973.4
I (1456850) Orchestrator: display update done
I (1457840) Orchestrator: sensor_data: temp=25.3 hum=49.5 pm25=-1.0 co2=316 tvoc_raw=30991 nox_raw=15733 pres=973.4
I (1457840) Orchestrator: display update done
I (1458840) Orchestrator: sensor_data: temp=25.3 hum=49.6 pm25=-1.0 co2=316 tvoc_raw=30991 nox_raw=15733 pres=-1.0
I (1458840) Orchestrator: display update done
I (1459840) Orchestrator: sensor_data: temp=25.4 hum=49.6 pm25=-1.0 co2=316 tvoc_raw=30991 nox_raw=15733 pres=973.4
I (1459850) Orchestrator: display update done
I (1460840) Orchestrator: sensor_data: temp=25.4 hum=49.6 pm25=-1.0 co2=316 tvoc_raw=30991 nox_raw=15733 pres=973.4
I (1460850) Orchestrator: display update done
I (1461840) Orchestrator: sensor_data: temp=25.4 hum=49.5 pm25=-1.0 co2=317 tvoc_raw=30991 nox_raw=15733 pres=973.4
I (1461850) Orchestrator: display update done
I (1462520) PowerService: BMS  chg=FastCharge en=1 chg_dis=0 src=UnknownAdapter vbus=4.63V ibus=678mA ibat=+760mA vsys=3747mV vpmid=4589mV tdie=33°C
I (1462520) PowerService: FG   SOC=24% V=3.707V I=+758mA P=+2810mW rem=535/2268mAh T=30.4°C [FC=0 CHG=1 DSG=0 OCV=1 ITPOR=0 CFGUP=0 BATDET=1] src=FG
I (1462540) PowerService: FG-LRN QMAX_UP=1 RES_UP=0 VOK=1 | V=3707mV BELOW-FLAT(<3750:OCV2-zone)
W (1462550) PowerService: BMS regulation: treg=0 vsys=0 iindpm=0 vindpm=1 safety=0 wd=0
I (1462840) Orchestrator: sensor_data: temp=25.4 hum=49.3 pm25=-1.0 co2=317 tvoc_raw=30991 nox_raw=15733 pres=973.4
I (1462850) Orchestrator: display update done
I (1463840) Orchestrator: sensor_data: temp=25.4 hum=49.1 pm25=-1.0 co2=318 tvoc_raw=30991 nox_raw=15733 pres=973.4
I (1463850) Orchestrator: display update done
I (1464840) Orchestrator: sensor_data: temp=25.4 hum=49.0 pm25=-1.0 co2=318 tvoc_raw=30991 nox_raw=15733 pres=973.4
I (1464850) Orchestrator: display update done
I (1465840) Orchestrator: sensor_data: temp=25.4 hum=49.0 pm25=-1.0 co2=318 tvoc_raw=30991 nox_raw=15733 pres=973.4
I (1465850) Orchestrator: display update done
I (1466840) Orchestrator: sensor_data: temp=25.4 hum=48.9 pm25=-1.0 co2=318 tvoc_raw=30991 nox_raw=15733 pres=973.4
I (1466850) Orchestrator: display update done
I (1467840) Orchestrator: sensor_data: temp=25.4 hum=49.1 pm25=-1.0 co2=318 tvoc_raw=30991 nox_raw=15733 pres=973.4
I (1467850) Orchestrator: display update done
I (1468840) Orchestrator: sensor_data: temp=25.4 hum=49.2 pm25=-1.0 co2=318 tvoc_raw=30991 nox_raw=15733 pres=973.4
I (1468850) Orchestrator: display update done
I (1471200) Orchestrator: sensor_data: temp=25.4 hum=49.2 pm25=-1.0 co2=319 tvoc_raw=30991 nox_raw=15733 pres=973.4
I (1471210) Orchestrator: display update done
I (1472200) Orchestrator: sensor_data: temp=25.4 hum=49.1 pm25=-1.0 co2=320 tvoc_raw=30991 nox_raw=15733 pres=973.4
I (1472200) Orchestrator: display update done
I (1472830) PowerService: BMS  chg=FastCharge en=1 chg_dis=0 src=UnknownAdapter vbus=4.63V ibus=680mA ibat=+760mA vsys=3749mV vpmid=4585mV tdie=33°C
I (1472830) PowerService: FG   SOC=24% V=3.706V I=+757mA P=+2805mW rem=537/2269mAh T=30.2°C [FC=0 CHG=1 DSG=0 OCV=1 ITPOR=0 CFGUP=0 BATDET=1] src=FG
I (1472850) PowerService: FG-LRN QMAX_UP=1 RES_UP=0 VOK=1 | V=3706mV BELOW-FLAT(<3750:OCV2-zone)
W (1472860) PowerService: BMS regulation: treg=0 vsys=0 iindpm=0 vindpm=1 safety=0 wd=0
I (1473200) Orchestrator: sensor_data: temp=25.4 hum=49.2 pm25=-1.0 co2=320 tvoc_raw=30991 nox_raw=15733 pres=973.4
I (1473210) Orchestrator: display update done
I (1474200) Orchestrator: sensor_data: temp=25.4 hum=49.1 pm25=-1.0 co2=320 tvoc_raw=30991 nox_raw=15733 pres=-1.0
I (1474200) Orchestrator: display update done
I (1475200) Orchestrator: sensor_data: temp=25.4 hum=49.0 pm25=-1.0 co2=320 tvoc_raw=30991 nox_raw=15733 pres=973.4
I (1475210) Orchestrator: display update done
I (1476200) Orchestrator: sensor_data: temp=25.4 hum=48.9 pm25=-1.0 co2=320 tvoc_raw=30991 nox_raw=15733 pres=973.4
I (1476210) Orchestrator: display update done
I (1477200) Orchestrator: sensor_data: temp=25.4 hum=48.7 pm25=-1.0 co2=320 tvoc_raw=30991 nox_raw=15733 pres=973.4
I (1477210) Orchestrator: display update done
I (1478200) Orchestrator: sensor_data: temp=25.4 hum=48.6 pm25=-1.0 co2=320 tvoc_raw=30991 nox_raw=15733 pres=973.4
I (1478210) Orchestrator: display update done
I (1479200) Orchestrator: sensor_data: temp=25.4 hum=48.5 pm25=-1.0 co2=320 tvoc_raw=30991 nox_raw=15733 pres=973.4
I (1479210) Orchestrator: display update done
I (1480200) Orchestrator: sensor_data: temp=25.5 hum=48.3 pm25=-1.0 co2=320 tvoc_raw=30991 nox_raw=15733 pres=973.4
I (1480210) Orchestrator: display update done
I (1481200) Orchestrator: sensor_data: temp=25.4 hum=48.2 pm25=-1.0 co2=320 tvoc_raw=30991 nox_raw=15733 pres=973.4
I (1481210) Orchestrator: display update done
I (1482200) Orchestrator: sensor_data: temp=25.4 hum=48.1 pm25=-1.0 co2=321 tvoc_raw=30991 nox_raw=15733 pres=973.4
I (1482210) Orchestrator: display update done
I (1482870) PowerService: BMS  chg=FastCharge en=1 chg_dis=0 src=UnknownAdapter vbus=4.63V ibus=680mA ibat=+760mA vsys=3749mV vpmid=4589mV tdie=33°C
I (1482870) PowerService: FG   SOC=24% V=3.706V I=+758mA P=+2809mW rem=539/2269mAh T=30.2°C [FC=0 CHG=1 DSG=0 OCV=1 ITPOR=0 CFGUP=0 BATDET=1] src=FG
I (1482890) PowerService: FG-LRN QMAX_UP=1 RES_UP=0 VOK=1 | V=3706mV BELOW-FLAT(<3750:OCV2-zone)
W (1482900) PowerService: BMS regulation: treg=0 vsys=0 iindpm=0 vindpm=1 safety=0 wd=0
I (1483200) Orchestrator: sensor_data: temp=25.4 hum=47.8 pm25=-1.0 co2=321 tvoc_raw=30991 nox_raw=15733 pres=973.4
I (1483210) Orchestrator: display update done
I (1484200) Orchestrator: sensor_data: temp=25.3 hum=47.7 pm25=-1.0 co2=322 tvoc_raw=30991 nox_raw=15733 pres=973.4
I (1484210) Orchestrator: display update done
I (1485200) Orchestrator: sensor_data: temp=25.3 hum=47.7 pm25=-1.0 co2=322 tvoc_raw=30991 nox_raw=15733 pres=973.4
I (1485210) Orchestrator: display update done
I (1486200) Orchestrator: sensor_data: temp=25.3 hum=47.8 pm25=-1.0 co2=322 tvoc_raw=30991 nox_raw=15733 pres=973.4
I (1486210) Orchestrator: display update done
I (1487200) Orchestrator: sensor_data: temp=25.3 hum=48.0 pm25=-1.0 co2=322 tvoc_raw=30991 nox_raw=15733 pres=973.4
I (1487210) Orchestrator: display update done
I (1488200) Orchestrator: sensor_data: temp=25.3 hum=48.2 pm25=-1.0 co2=321 tvoc_raw=30991 nox_raw=15733 pres=973.4
I (1488210) Orchestrator: display update done
I (1489200) Orchestrator: sensor_data: temp=25.3 hum=48.1 pm25=-1.0 co2=321 tvoc_raw=30991 nox_raw=15733 pres=973.4
I (1489210) Orchestrator: display update done
I (1490200) Orchestrator: sensor_data: temp=25.2 hum=48.1 pm25=-1.0 co2=321 tvoc_raw=30991 nox_raw=15733 pres=973.4
I (1490210) Orchestrator: display update done
I (1491200) Orchestrator: sensor_data: temp=25.2 hum=48.2 pm25=-1.0 co2=321 tvoc_raw=30991 nox_raw=15733 pres=973.4
I (1491210) Orchestrator: display update done
I (1493550) PowerService: BMS  chg=FastCharge en=1 chg_dis=0 src=UnknownAdapter vbus=4.63V ibus=678mA ibat=+760mA vsys=3751mV vpmid=4585mV tdie=33°C
I (1493550) PowerService: FG   SOC=24% V=3.707V I=+752mA P=+2788mW rem=542/2269mAh T=30.1°C [FC=0 CHG=1 DSG=0 OCV=1 ITPOR=0 CFGUP=0 BATDET=1] src=FG
I (1493570) PowerService: FG-LRN QMAX_UP=1 RES_UP=0 VOK=1 | V=3707mV BELOW-FLAT(<3750:OCV2-zone)
W (1493570) PowerService: BMS regulation: treg=0 vsys=0 iindpm=0 vindpm=1 safety=0 wd=0
I (1493580) Orchestrator: sensor_data: temp=25.2 hum=48.7 pm25=-1.0 co2=321 tvoc_raw=30991 nox_raw=15733 pres=973.4
I (1493600) Orchestrator: display update done
I (1494560) Orchestrator: sensor_data: temp=25.2 hum=48.5 pm25=-1.0 co2=321 tvoc_raw=30991 nox_raw=15733 pres=973.4
I (1494570) Orchestrator: display update done
I (1495560) Orchestrator: sensor_data: temp=25.2 hum=48.5 pm25=-1.0 co2=322 tvoc_raw=30991 nox_raw=15733 pres=973.4
I (1495570) Orchestrator: display update done
I (1496560) Orchestrator: sensor_data: temp=25.2 hum=48.4 pm25=-1.0 co2=322 tvoc_raw=30991 nox_raw=15733 pres=973.4
I (1496570) Orchestrator: display update done
I (1497560) Orchestrator: sensor_data: temp=25.3 hum=48.5 pm25=-1.0 co2=322 tvoc_raw=30991 nox_raw=15733 pres=973.4
I (1497570) Orchestrator: display update done
I (1498560) Orchestrator: sensor_data: temp=25.3 hum=48.6 pm25=-1.0 co2=321 tvoc_raw=30991 nox_raw=15733 pres=973.4
I (1498570) Orchestrator: display update done
I (1499560) Orchestrator: sensor_data: temp=25.4 hum=48.7 pm25=-1.0 co2=321 tvoc_raw=30991 nox_raw=15733 pres=973.4
I (1499570) Orchestrator: display update done
I (1500560) Orchestrator: sensor_data: temp=25.4 hum=48.8 pm25=-1.0 co2=322 tvoc_raw=30991 nox_raw=15733 pres=973.4
I (1500570) Orchestrator: display update done
I (1501560) Orchestrator: sensor_data: temp=25.4 hum=48.8 pm25=-1.0 co2=322 tvoc_raw=30991 nox_raw=15733 pres=973.4
I (1501570) Orchestrator: display update done
I (1502560) Orchestrator: sensor_data: temp=25.4 hum=48.6 pm25=-1.0 co2=322 tvoc_raw=30991 nox_raw=15733 pres=973.4
I (1502570) Orchestrator: display update done
I (1503560) Orchestrator: sensor_data: temp=25.3 hum=48.4 pm25=-1.0 co2=322 tvoc_raw=30991 nox_raw=15733 pres=973.4
I (1503570) Orchestrator: display update done
I (1504200) PowerService: BMS  chg=FastCharge en=1 chg_dis=0 src=UnknownAdapter vbus=4.63V ibus=690mA ibat=+772mA vsys=3753mV vpmid=4589mV tdie=33°C
I (1504200) PowerService: FG   SOC=24% V=3.708V I=+757mA P=+2807mW rem=544/2270mAh T=30.1°C [FC=0 CHG=1 DSG=0 OCV=1 ITPOR=0 CFGUP=0 BATDET=1] src=FG
I (1504210) PowerService: FG-LRN QMAX_UP=1 RES_UP=0 VOK=1 | V=3708mV BELOW-FLAT(<3750:OCV2-zone)
W (1504220) PowerService: BMS regulation: treg=0 vsys=0 iindpm=0 vindpm=1 safety=0 wd=0
I (1504560) Orchestrator: sensor_data: temp=25.3 hum=48.2 pm25=-1.0 co2=322 tvoc_raw=30991 nox_raw=15733 pres=973.4
I (1504570) Orchestrator: display update done
I (1505560) Orchestrator: sensor_data: temp=25.3 hum=48.1 pm25=-1.0 co2=322 tvoc_raw=30991 nox_raw=15733 pres=973.4
I (1505570) Orchestrator: display update done
I (1506560) Orchestrator: sensor_data: temp=25.3 hum=48.2 pm25=-1.0 co2=322 tvoc_raw=30991 nox_raw=15733 pres=973.4
I (1506570) Orchestrator: display update done
I (1507560) Orchestrator: sensor_data: temp=25.3 hum=48.1 pm25=-1.0 co2=322 tvoc_raw=30991 nox_raw=15733 pres=973.4
I (1507570) Orchestrator: display update done
I (1508560) Orchestrator: sensor_data: temp=25.4 hum=48.0 pm25=-1.0 co2=322 tvoc_raw=30991 nox_raw=15733 pres=973.4
I (1508570) Orchestrator: display update done
I (1509560) Orchestrator: sensor_data: temp=25.4 hum=48.1 pm25=-1.0 co2=322 tvoc_raw=30991 nox_raw=15733 pres=973.4
I (1509570) Orchestrator: display update done
I (1510560) Orchestrator: sensor_data: temp=25.4 hum=48.1 pm25=-1.0 co2=323 tvoc_raw=30991 nox_raw=15733 pres=973.4
I (1510570) Orchestrator: display update done
I (1511560) Orchestrator: sensor_data: temp=25.3 hum=48.0 pm25=-1.0 co2=323 tvoc_raw=30991 nox_raw=15733 pres=973.4
I (1511570) Orchestrator: display update done
I (1512560) Orchestrator: sensor_data: temp=25.4 hum=47.9 pm25=-1.0 co2=323 tvoc_raw=30991 nox_raw=15733 pres=973.4
I (1512570) Orchestrator: display update done
I (1514240) PowerService: BMS  chg=FastCharge en=1 chg_dis=0 src=UnknownAdapter vbus=4.63V ibus=690mA ibat=+772mA vsys=3753mV vpmid=4589mV tdie=33°C
I (1514240) PowerService: FG   SOC=25% V=3.709V I=+757mA P=+2808mW rem=546/2270mAh T=30.2°C [FC=0 CHG=1 DSG=0 OCV=1 ITPOR=0 CFGUP=0 BATDET=1] src=FG
I (1514250) PowerService: FG-LRN QMAX_UP=1 RES_UP=0 VOK=1 | V=3709mV BELOW-FLAT(<3750:OCV2-zone)
W (1514260) PowerService: BMS regulation: treg=0 vsys=0 iindpm=0 vindpm=1 safety=0 wd=0
I (1514270) Orchestrator: sensor_data: temp=25.3 hum=47.9 pm25=-1.0 co2=324 tvoc_raw=30991 nox_raw=15733 pres=973.4
I (1514290) Orchestrator: display update done
I (1516640) Orchestrator: sensor_data: temp=25.3 hum=48.0 pm25=-1.0 co2=324 tvoc_raw=30991 nox_raw=15733 pres=973.3
I (1516650) Orchestrator: display update done
I (1517640) Orchestrator: sensor_data: temp=25.2 hum=48.0 pm25=-1.0 co2=324 tvoc_raw=30991 nox_raw=15733 pres=973.4
I (1517650) Orchestrator: display update done
I (1518640) Orchestrator: sensor_data: temp=25.2 hum=48.0 pm25=-1.0 co2=325 tvoc_raw=30991 nox_raw=15733 pres=973.4
I (1518650) Orchestrator: display update done
I (1519640) Orchestrator: sensor_data: temp=25.2 hum=48.0 pm25=-1.0 co2=325 tvoc_raw=30991 nox_raw=15733 pres=973.4
I (1519650) Orchestrator: display update done
I (1520640) Orchestrator: sensor_data: temp=25.2 hum=48.1 pm25=-1.0 co2=324 tvoc_raw=30991 nox_raw=15733 pres=973.4
I (1520650) Orchestrator: display update done
I (1521640) Orchestrator: sensor_data: temp=25.3 hum=48.1 pm25=-1.0 co2=324 tvoc_raw=30991 nox_raw=15733 pres=973.4
I (1521650) Orchestrator: display update done
I (1522640) Orchestrator: sensor_data: temp=25.2 hum=48.2 pm25=-1.0 co2=324 tvoc_raw=30991 nox_raw=15733 pres=973.4
I (1522650) Orchestrator: display update done
I (1523640) Orchestrator: sensor_data: temp=25.2 hum=48.2 pm25=-1.0 co2=324 tvoc_raw=30991 nox_raw=15733 pres=973.4
I (1523650) Orchestrator: display update done
I (1524280) PowerService: BMS  chg=FastCharge en=1 chg_dis=0 src=UnknownAdapter vbus=4.63V ibus=680mA ibat=+760mA vsys=3751mV vpmid=4589mV tdie=33°C
I (1524290) PowerService: FG   SOC=25% V=3.711V I=+757mA P=+2809mW rem=548/2270mAh T=30.2°C [FC=0 CHG=1 DSG=0 OCV=1 ITPOR=0 CFGUP=0 BATDET=1] src=FG
I (1524300) PowerService: FG-LRN QMAX_UP=1 RES_UP=0 VOK=1 | V=3711mV BELOW-FLAT(<3750:OCV2-zone)
W (1524310) PowerService: BMS regulation: treg=0 vsys=0 iindpm=0 vindpm=1 safety=0 wd=0
I (1524640) Orchestrator: sensor_data: temp=25.3 hum=48.1 pm25=-1.0 co2=324 tvoc_raw=30991 nox_raw=15733 pres=973.4
I (1524650) Orchestrator: display update done
I (1525640) Orchestrator: sensor_data: temp=25.3 hum=48.0 pm25=-1.0 co2=324 tvoc_raw=30991 nox_raw=15733 pres=973.4
I (1525650) Orchestrator: display update done
I (1526640) Orchestrator: sensor_data: temp=25.2 hum=48.0 pm25=-1.0 co2=324 tvoc_raw=30991 nox_raw=15733 pres=973.4
I (1526650) Orchestrator: display update done
I (1527640) Orchestrator: sensor_data: temp=25.2 hum=48.0 pm25=-1.0 co2=324 tvoc_raw=30991 nox_raw=15733 pres=973.4
I (1527650) Orchestrator: display update done
I (1528640) Orchestrator: sensor_data: temp=25.2 hum=48.0 pm25=-1.0 co2=324 tvoc_raw=30991 nox_raw=15733 pres=973.4
I (1528650) Orchestrator: display update done
I (1529640) Orchestrator: sensor_data: temp=25.2 hum=48.0 pm25=-1.0 co2=324 tvoc_raw=30991 nox_raw=15733 pres=973.4
I (1529650) Orchestrator: display update done
I (1530640) Orchestrator: sensor_data: temp=25.2 hum=47.9 pm25=-1.0 co2=324 tvoc_raw=30991 nox_raw=15733 pres=973.4
I (1530650) Orchestrator: display update done
I (1531640) Orchestrator: sensor_data: temp=25.2 hum=47.8 pm25=-1.0 co2=324 tvoc_raw=30991 nox_raw=15733 pres=973.4
I (1531650) Orchestrator: display update done
I (1532640) Orchestrator: sensor_data: temp=25.2 hum=47.9 pm25=-1.0 co2=323 tvoc_raw=30991 nox_raw=15733 pres=973.4
I (1532650) Orchestrator: display update done
I (1533640) Orchestrator: sensor_data: temp=25.1 hum=48.6 pm25=-1.0 co2=323 tvoc_raw=30991 nox_raw=15733 pres=973.4
I (1533640) Orchestrator: display update done
I (1534320) PowerService: BMS  chg=FastCharge en=1 chg_dis=0 src=UnknownAdapter vbus=4.63V ibus=690mA ibat=+760mA vsys=3753mV vpmid=4589mV tdie=33°C
I (1534320) PowerService: FG   SOC=25% V=3.713V I=+757mA P=+2811mW rem=550/2270mAh T=30.1°C [FC=0 CHG=1 DSG=0 OCV=1 ITPOR=0 CFGUP=0 BATDET=1] src=FG
I (1534340) PowerService: FG-LRN QMAX_UP=1 RES_UP=0 VOK=1 | V=3713mV BELOW-FLAT(<3750:OCV2-zone)
W (1534350) PowerService: BMS regulation: treg=0 vsys=0 iindpm=0 vindpm=1 safety=0 wd=0
I (1534640) Orchestrator: sensor_data: temp=25.2 hum=48.6 pm25=-1.0 co2=325 tvoc_raw=30991 nox_raw=15733 pres=-1.0
I (1534640) Orchestrator: display update done
I (1535640) Orchestrator: sensor_data: temp=25.2 hum=48.5 pm25=-1.0 co2=325 tvoc_raw=30991 nox_raw=15733 pres=973.4
I (1535650) Orchestrator: display update done
I (1536640) Orchestrator: sensor_data: temp=25.2 hum=48.6 pm25=-1.0 co2=328 tvoc_raw=30991 nox_raw=15733 pres=973.4
I (1536650) Orchestrator: display update done
I (1539000) Orchestrator: sensor_data: temp=25.3 hum=48.6 pm25=-1.0 co2=330 tvoc_raw=30991 nox_raw=15733 pres=973.4
I (1539010) Orchestrator: display update done
I (1540000) Orchestrator: sensor_data: temp=25.3 hum=48.5 pm25=-1.0 co2=332 tvoc_raw=30991 nox_raw=15733 pres=973.4
I (1540010) Orchestrator: display update done
I (1541000) Orchestrator: sensor_data: temp=25.3 hum=48.2 pm25=-1.0 co2=332 tvoc_raw=30991 nox_raw=15733 pres=973.4
I (1541010) Orchestrator: display update done
I (1542000) Orchestrator: sensor_data: temp=25.3 hum=48.0 pm25=-1.0 co2=337 tvoc_raw=30991 nox_raw=15733 pres=973.4
I (1542010) Orchestrator: display update done
I (1543000) Orchestrator: sensor_data: temp=25.3 hum=47.8 pm25=-1.0 co2=337 tvoc_raw=30991 nox_raw=15733 pres=973.4
I (1543010) Orchestrator: display update done
I (1544000) Orchestrator: sensor_data: temp=25.3 hum=47.7 pm25=-1.0 co2=341 tvoc_raw=30991 nox_raw=15733 pres=973.4
I (1544010) Orchestrator: display update done
I (1544640) PowerService: BMS  chg=FastCharge en=1 chg_dis=0 src=UnknownAdapter vbus=4.63V ibus=680mA ibat=+760mA vsys=3753mV vpmid=4589mV tdie=33°C
I (1544650) PowerService: FG   SOC=25% V=3.712V I=+758mA P=+2814mW rem=552/2271mAh T=30.2°C [FC=0 CHG=1 DSG=0 OCV=1 ITPOR=0 CFGUP=0 BATDET=1] src=FG
I (1544660) PowerService: FG-LRN QMAX_UP=1 RES_UP=0 VOK=1 | V=3712mV BELOW-FLAT(<3750:OCV2-zone)
W (1544670) PowerService: BMS regulation: treg=0 vsys=0 iindpm=0 vindpm=1 safety=0 wd=0
I (1545000) Orchestrator: sensor_data: temp=25.2 hum=47.6 pm25=-1.0 co2=341 tvoc_raw=30991 nox_raw=15733 pres=973.4
I (1545010) Orchestrator: display update done
I (1546000) Orchestrator: sensor_data: temp=25.3 hum=47.6 pm25=-1.0 co2=344 tvoc_raw=30991 nox_raw=15733 pres=973.4
I (1546010) Orchestrator: display update done
I (1547000) Orchestrator: sensor_data: temp=25.3 hum=47.6 pm25=-1.0 co2=344 tvoc_raw=30991 nox_raw=15733 pres=973.4
I (1547010) Orchestrator: display update done
I (1548000) Orchestrator: sensor_data: temp=25.3 hum=47.6 pm25=-1.0 co2=347 tvoc_raw=30991 nox_raw=15733 pres=973.4
I (1548000) Orchestrator: display update done
I (1549000) Orchestrator: sensor_data: temp=25.3 hum=47.7 pm25=-1.0 co2=347 tvoc_raw=30991 nox_raw=15733 pres=-1.0
I (1549000) Orchestrator: display update done
I (1550000) Orchestrator: sensor_data: temp=25.3 hum=47.8 pm25=-1.0 co2=349 tvoc_raw=30991 nox_raw=15733 pres=973.4
I (1550010) Orchestrator: display update done
I (1551000) Orchestrator: sensor_data: temp=25.3 hum=47.9 pm25=-1.0 co2=349 tvoc_raw=30991 nox_raw=15733 pres=973.4
I (1551010) Orchestrator: display update done
I (1552000) Orchestrator: sensor_data: temp=25.3 hum=47.8 pm25=-1.0 co2=350 tvoc_raw=30991 nox_raw=15733 pres=973.4
I (1552010) Orchestrator: display update done
I (1553000) Orchestrator: sensor_data: temp=25.3 hum=47.7 pm25=-1.0 co2=350 tvoc_raw=30991 nox_raw=15733 pres=973.4
I (1553010) Orchestrator: display update done
I (1554000) Orchestrator: sensor_data: temp=25.3 hum=47.6 pm25=-1.0 co2=351 tvoc_raw=30991 nox_raw=15733 pres=973.4
I (1554010) Orchestrator: display update done
I (1554680) PowerService: BMS  chg=FastCharge en=1 chg_dis=0 src=UnknownAdapter vbus=4.63V ibus=678mA ibat=+760mA vsys=3753mV vpmid=4589mV tdie=33°C
I (1554680) PowerService: FG   SOC=25% V=3.713V I=+757mA P=+2811mW rem=555/2271mAh T=30.2°C [FC=0 CHG=1 DSG=0 OCV=1 ITPOR=0 CFGUP=0 BATDET=1] src=FG
I (1554700) PowerService: FG-LRN QMAX_UP=1 RES_UP=0 VOK=1 | V=3713mV BELOW-FLAT(<3750:OCV2-zone)
W (1554710) PowerService: BMS regulation: treg=0 vsys=0 iindpm=0 vindpm=1 safety=0 wd=0
I (1555000) Orchestrator: sensor_data: temp=25.3 hum=47.6 pm25=-1.0 co2=351 tvoc_raw=30991 nox_raw=15733 pres=973.4
I (1555010) Orchestrator: display update done
I (1556000) Orchestrator: sensor_data: temp=25.3 hum=47.5 pm25=-1.0 co2=351 tvoc_raw=30991 nox_raw=15733 pres=973.4
I (1556010) Orchestrator: display update done
I (1557000) Orchestrator: sensor_data: temp=25.3 hum=47.4 pm25=-1.0 co2=351 tvoc_raw=30991 nox_raw=15733 pres=973.4
I (1557010) Orchestrator: display update done
I (1558000) Orchestrator: sensor_data: temp=25.3 hum=47.3 pm25=-1.0 co2=351 tvoc_raw=30991 nox_raw=15733 pres=973.4
I (1558010) Orchestrator: display update done
I (1559000) Orchestrator: sensor_data: temp=25.3 hum=47.2 pm25=-1.0 co2=351 tvoc_raw=30991 nox_raw=15733 pres=973.3
I (1559010) Orchestrator: display update done
I (1561360) Orchestrator: sensor_data: temp=25.3 hum=46.9 pm25=-1.0 co2=351 tvoc_raw=30991 nox_raw=15733 pres=973.4
I (1561370) Orchestrator: display update done
I (1562360) Orchestrator: sensor_data: temp=25.3 hum=46.8 pm25=-1.0 co2=350 tvoc_raw=30991 nox_raw=15733 pres=973.4
I (1562370) Orchestrator: display update done
I (1563360) Orchestrator: sensor_data: temp=25.2 hum=47.0 pm25=-1.0 co2=350 tvoc_raw=30991 nox_raw=15733 pres=973.4
I (1563360) Orchestrator: display update done
I (1564360) Orchestrator: sensor_data: temp=25.2 hum=47.2 pm25=-1.0 co2=350 tvoc_raw=30991 nox_raw=15733 pres=-1.0
I (1564360) Orchestrator: display update done
I (1564990) PowerService: BMS  chg=FastCharge en=1 chg_dis=0 src=UnknownAdapter vbus=4.63V ibus=680mA ibat=+756mA vsys=3753mV vpmid=4589mV tdie=33°C
I (1564990) PowerService: FG   SOC=25% V=3.713V I=+757mA P=+2811mW rem=557/2271mAh T=30.2°C [FC=0 CHG=1 DSG=0 OCV=1 ITPOR=0 CFGUP=0 BATDET=1] src=FG
I (1565010) PowerService: FG-LRN QMAX_UP=1 RES_UP=0 VOK=1 | V=3713mV BELOW-FLAT(<3750:OCV2-zone)
W (1565020) PowerService: BMS regulation: treg=0 vsys=0 iindpm=0 vindpm=1 safety=0 wd=0
I (1565360) Orchestrator: sensor_data: temp=25.2 hum=47.4 pm25=-1.0 co2=350 tvoc_raw=30991 nox_raw=15733 pres=973.4
I (1565370) Orchestrator: display update done
I (1566360) Orchestrator: sensor_data: temp=25.2 hum=47.4 pm25=-1.0 co2=350 tvoc_raw=30991 nox_raw=15733 pres=973.4
I (1566370) Orchestrator: display update done
I (1567360) Orchestrator: sensor_data: temp=25.2 hum=47.4 pm25=-1.0 co2=350 tvoc_raw=30991 nox_raw=15733 pres=973.4
I (1567370) Orchestrator: display update done
I (1568360) Orchestrator: sensor_data: temp=25.1 hum=47.5 pm25=-1.0 co2=350 tvoc_raw=30991 nox_raw=15733 pres=973.3
I (1568370) Orchestrator: display update done
I (1569360) Orchestrator: sensor_data: temp=25.1 hum=47.5 pm25=-1.0 co2=350 tvoc_raw=30991 nox_raw=15733 pres=973.4
I (1569370) Orchestrator: display update done
I (1570360) Orchestrator: sensor_data: temp=25.1 hum=47.6 pm25=-1.0 co2=350 tvoc_raw=30991 nox_raw=15733 pres=973.4
I (1570370) Orchestrator: display update done
I (1571360) Orchestrator: sensor_data: temp=25.1 hum=47.7 pm25=-1.0 co2=350 tvoc_raw=30991 nox_raw=15733 pres=973.4
I (1571370) Orchestrator: display update done
I (1572360) Orchestrator: sensor_data: temp=25.1 hum=47.8 pm25=-1.0 co2=349 tvoc_raw=30991 nox_raw=15733 pres=973.4
I (1572370) Orchestrator: display update done
I (1573360) Orchestrator: sensor_data: temp=25.1 hum=47.9 pm25=-1.0 co2=349 tvoc_raw=30991 nox_raw=15733 pres=973.4
I (1573370) Orchestrator: display update done
I (1574360) Orchestrator: sensor_data: temp=25.1 hum=48.0 pm25=-1.0 co2=349 tvoc_raw=30991 nox_raw=15733 pres=973.4
I (1574370) Orchestrator: display update done
I (1575030) PowerService: BMS  chg=FastCharge en=1 chg_dis=0 src=UnknownAdapter vbus=4.63V ibus=678mA ibat=+760mA vsys=3755mV vpmid=4589mV tdie=33°C
I (1575030) PowerService: FG   SOC=25% V=3.714V I=+757mA P=+2811mW rem=559/2271mAh T=30.2°C [FC=0 CHG=1 DSG=0 OCV=1 ITPOR=0 CFGUP=0 BATDET=1] src=FG
I (1575050) PowerService: FG-LRN QMAX_UP=1 RES_UP=0 VOK=1 | V=3714mV BELOW-FLAT(<3750:OCV2-zone)
W (1575060) PowerService: BMS regulation: treg=0 vsys=0 iindpm=0 vindpm=1 safety=0 wd=0
I (1575360) Orchestrator: sensor_data: temp=25.2 hum=48.1 pm25=-1.0 co2=349 tvoc_raw=30991 nox_raw=15733 pres=973.4
I (1575370) Orchestrator: display update done
I (1576360) Orchestrator: sensor_data: temp=25.2 hum=48.2 pm25=-1.0 co2=348 tvoc_raw=30991 nox_raw=15733 pres=973.4
I (1576370) Orchestrator: display update done
I (1577360) Orchestrator: sensor_data: temp=25.2 hum=48.3 pm25=-1.0 co2=348 tvoc_raw=30991 nox_raw=15733 pres=973.4
I (1577370) Orchestrator: display update done
I (1578360) Orchestrator: sensor_data: temp=25.3 hum=48.3 pm25=-1.0 co2=348 tvoc_raw=30991 nox_raw=15733 pres=973.4
I (1578370) Orchestrator: display update done
I (1579360) Orchestrator: sensor_data: temp=25.3 hum=48.3 pm25=-1.0 co2=348 tvoc_raw=30991 nox_raw=15733 pres=973.4
I (1579370) Orchestrator: display update done
I (1580360) Orchestrator: sensor_data: temp=25.3 hum=48.2 pm25=-1.0 co2=348 tvoc_raw=30991 nox_raw=15733 pres=973.4
I (1580370) Orchestrator: display update done
I (1581360) Orchestrator: sensor_data: temp=25.3 hum=48.1 pm25=-1.0 co2=348 tvoc_raw=30991 nox_raw=15733 pres=973.4
I (1581370) Orchestrator: display update done
I (1583720) Orchestrator: sensor_data: temp=25.3 hum=47.7 pm25=-1.0 co2=349 tvoc_raw=30991 nox_raw=15733 pres=973.4
I (1583730) Orchestrator: display update done
I (1584720) Orchestrator: sensor_data: temp=25.3 hum=47.6 pm25=-1.0 co2=348 tvoc_raw=30991 nox_raw=15733 pres=973.4
I (1584730) Orchestrator: display update done
I (1585360) PowerService: BMS  chg=FastCharge en=1 chg_dis=0 src=UnknownAdapter vbus=4.63V ibus=680mA ibat=+756mA vsys=3757mV vpmid=4589mV tdie=33°C
I (1585360) PowerService: FG   SOC=25% V=3.718V I=+757mA P=+2815mW rem=561/2272mAh T=30.2°C [FC=0 CHG=1 DSG=0 OCV=1 ITPOR=0 CFGUP=0 BATDET=1] src=FG
I (1585380) PowerService: FG-LRN QMAX_UP=1 RES_UP=0 VOK=1 | V=3718mV BELOW-FLAT(<3750:OCV2-zone)
W (1585390) PowerService: BMS regulation: treg=0 vsys=0 iindpm=0 vindpm=1 safety=0 wd=0
I (1585720) Orchestrator: sensor_data: temp=25.3 hum=47.5 pm25=-1.0 co2=348 tvoc_raw=30991 nox_raw=15733 pres=973.4
I (1585730) Orchestrator: display update done
I (1586720) Orchestrator: sensor_data: temp=25.3 hum=47.4 pm25=-1.0 co2=347 tvoc_raw=30991 nox_raw=15733 pres=973.4
I (1586730) Orchestrator: display update done
I (1587720) Orchestrator: sensor_data: temp=25.3 hum=47.4 pm25=-1.0 co2=347 tvoc_raw=30991 nox_raw=15733 pres=973.4
I (1587730) Orchestrator: display update done
I (1588720) Orchestrator: sensor_data: temp=25.3 hum=47.4 pm25=-1.0 co2=347 tvoc_raw=30991 nox_raw=15733 pres=973.4
I (1588730) Orchestrator: display update done
I (1589720) Orchestrator: sensor_data: temp=25.3 hum=47.5 pm25=-1.0 co2=347 tvoc_raw=30991 nox_raw=15733 pres=973.4
I (1589730) Orchestrator: display update done
I (1590720) Orchestrator: sensor_data: temp=25.3 hum=47.6 pm25=-1.0 co2=346 tvoc_raw=30991 nox_raw=15733 pres=973.4
I (1590730) Orchestrator: display update done
I (1591720) Orchestrator: sensor_data: temp=25.3 hum=47.7 pm25=-1.0 co2=346 tvoc_raw=30991 nox_raw=15733 pres=973.4
I (1591730) Orchestrator: display update done
I (1592720) Orchestrator: sensor_data: temp=25.3 hum=47.8 pm25=-1.0 co2=345 tvoc_raw=30991 nox_raw=15733 pres=973.4
I (1592730) Orchestrator: display update done
I (1593720) Orchestrator: sensor_data: temp=25.3 hum=47.6 pm25=-1.0 co2=345 tvoc_raw=30991 nox_raw=15733 pres=973.4
I (1593730) Orchestrator: display update done
I (1594720) Orchestrator: sensor_data: temp=25.3 hum=47.5 pm25=-1.0 co2=344 tvoc_raw=30991 nox_raw=15733 pres=973.4
I (1594730) Orchestrator: display update done
I (1595400) PowerService: BMS  chg=FastCharge en=1 chg_dis=0 src=UnknownAdapter vbus=4.63V ibus=678mA ibat=+760mA vsys=3759mV vpmid=4589mV tdie=33°C
I (1595400) PowerService: FG   SOC=25% V=3.718V I=+757mA P=+2815mW rem=563/2272mAh T=30.2°C [FC=0 CHG=1 DSG=0 OCV=1 ITPOR=0 CFGUP=0 BATDET=1] src=FG
I (1595420) PowerService: FG-LRN QMAX_UP=1 RES_UP=0 VOK=1 | V=3718mV BELOW-FLAT(<3750:OCV2-zone)
W (1595430) PowerService: BMS regulation: treg=0 vsys=0 iindpm=0 vindpm=1 safety=0 wd=0
I (1595720) Orchestrator: sensor_data: temp=25.3 hum=47.4 pm25=-1.0 co2=344 tvoc_raw=30991 nox_raw=15733 pres=973.4
I (1595730) Orchestrator: display update done
I (1596720) Orchestrator: sensor_data: temp=25.3 hum=47.5 pm25=-1.0 co2=344 tvoc_raw=30991 nox_raw=15733 pres=973.4
I (1596730) Orchestrator: display update done
I (1597720) Orchestrator: sensor_data: temp=25.3 hum=47.5 pm25=-1.0 co2=344 tvoc_raw=30991 nox_raw=15733 pres=973.4
I (1597730) Orchestrator: display update done
I (1598720) Orchestrator: sensor_data: temp=25.3 hum=47.4 pm25=-1.0 co2=343 tvoc_raw=30991 nox_raw=15733 pres=973.4
I (1598730) Orchestrator: display update done
I (1599720) Orchestrator: sensor_data: temp=25.3 hum=47.3 pm25=-1.0 co2=343 tvoc_raw=30991 nox_raw=15733 pres=973.4
I (1599730) Orchestrator: display update done
I (1600720) Orchestrator: sensor_data: temp=25.2 hum=47.1 pm25=-1.0 co2=342 tvoc_raw=30991 nox_raw=15733 pres=973.4
I (1600730) Orchestrator: display update done
I (1601720) Orchestrator: sensor_data: temp=25.2 hum=47.1 pm25=-1.0 co2=342 tvoc_raw=30991 nox_raw=15733 pres=973.4
I (1601730) Orchestrator: display update done
I (1602720) Orchestrator: sensor_data: temp=25.2 hum=47.0 pm25=-1.0 co2=341 tvoc_raw=30991 nox_raw=15733 pres=973.4
I (1602730) Orchestrator: display update done
I (1603720) Orchestrator: sensor_data: temp=25.2 hum=47.0 pm25=-1.0 co2=341 tvoc_raw=30991 nox_raw=15733 pres=973.4
I (1603730) Orchestrator: display update done
I (1606070) PowerService: BMS  chg=FastCharge en=1 chg_dis=0 src=UnknownAdapter vbus=4.63V ibus=680mA ibat=+760mA vsys=3759mV vpmid=4589mV tdie=33°C
I (1606070) PowerService: FG   SOC=25% V=3.717V I=+751mA P=+2791mW rem=565/2272mAh T=30.2°C [FC=0 CHG=1 DSG=0 OCV=1 ITPOR=0 CFGUP=0 BATDET=1] src=FG
I (1606090) PowerService: FG-LRN QMAX_UP=1 RES_UP=0 VOK=1 | V=3717mV BELOW-FLAT(<3750:OCV2-zone)
W (1606090) PowerService: BMS regulation: treg=0 vsys=0 iindpm=0 vindpm=1 safety=0 wd=0
I (1606100) Orchestrator: sensor_data: temp=25.2 hum=47.1 pm25=-1.0 co2=340 tvoc_raw=30991 nox_raw=15733 pres=973.4
I (1606120) Orchestrator: display update done
I (1607080) Orchestrator: sensor_data: temp=25.2 hum=47.2 pm25=-1.0 co2=339 tvoc_raw=30991 nox_raw=15733 pres=973.4
I (1607090) Orchestrator: display update done
I (1608080) Orchestrator: sensor_data: temp=25.2 hum=47.3 pm25=-1.0 co2=339 tvoc_raw=30991 nox_raw=15733 pres=973.4
I (1608090) Orchestrator: display update done
I (1609080) Orchestrator: sensor_data: temp=25.2 hum=47.4 pm25=-1.0 co2=338 tvoc_raw=30991 nox_raw=15733 pres=973.4
I (1609090) Orchestrator: display update done
I (1610080) Orchestrator: sensor_data: temp=25.1 hum=47.4 pm25=-1.0 co2=338 tvoc_raw=30991 nox_raw=15733 pres=973.4
I (1610090) Orchestrator: display update done
I (1611080) Orchestrator: sensor_data: temp=25.1 hum=47.6 pm25=-1.0 co2=338 tvoc_raw=30991 nox_raw=15733 pres=973.4
I (1611090) Orchestrator: display update done
I (1612080) Orchestrator: sensor_data: temp=25.2 hum=47.7 pm25=-1.0 co2=338 tvoc_raw=30991 nox_raw=15733 pres=973.4
I (1612090) Orchestrator: display update done
I (1613080) Orchestrator: sensor_data: temp=25.2 hum=47.7 pm25=-1.0 co2=336 tvoc_raw=30991 nox_raw=15733 pres=973.4
I (1613090) Orchestrator: display update done
I (1614080) Orchestrator: sensor_data: temp=25.2 hum=47.7 pm25=-1.0 co2=336 tvoc_raw=30991 nox_raw=15733 pres=973.4
I (1614090) Orchestrator: display update done
I (1615080) Orchestrator: sensor_data: temp=25.3 hum=47.7 pm25=-1.0 co2=334 tvoc_raw=30991 nox_raw=15733 pres=973.4
I (1615090) Orchestrator: display update done
I (1616080) Orchestrator: sensor_data: temp=25.3 hum=47.6 pm25=-1.0 co2=334 tvoc_raw=30991 nox_raw=15733 pres=973.4
I (1616090) Orchestrator: display update done
I (1616720) PowerService: BMS  chg=FastCharge en=1 chg_dis=0 src=UnknownAdapter vbus=4.63V ibus=690mA ibat=+768mA vsys=3763mV vpmid=4589mV tdie=33°C
I (1616720) PowerService: FG   SOC=25% V=3.718V I=+756mA P=+2811mW rem=568/2273mAh T=30.2°C [FC=0 CHG=1 DSG=0 OCV=1 ITPOR=0 CFGUP=0 BATDET=1] src=FG
I (1616730) PowerService: FG-LRN QMAX_UP=1 RES_UP=0 VOK=1 | V=3718mV BELOW-FLAT(<3750:OCV2-zone)
W (1616740) PowerService: BMS regulation: treg=0 vsys=0 iindpm=0 vindpm=1 safety=0 wd=0
I (1617080) Orchestrator: sensor_data: temp=25.3 hum=47.7 pm25=-1.0 co2=333 tvoc_raw=30991 nox_raw=15733 pres=973.4
I (1617090) Orchestrator: display update done
I (1618080) Orchestrator: sensor_data: temp=25.3 hum=47.7 pm25=-1.0 co2=333 tvoc_raw=30991 nox_raw=15733 pres=973.4
I (1618090) Orchestrator: display update done
I (1619080) Orchestrator: sensor_data: temp=25.3 hum=47.6 pm25=-1.0 co2=332 tvoc_raw=30991 nox_raw=15733 pres=973.4
I (1619090) Orchestrator: display update done
I (1620080) Orchestrator: sensor_data: temp=25.4 hum=47.5 pm25=-1.0 co2=332 tvoc_raw=30991 nox_raw=15733 pres=973.4
I (1620090) Orchestrator: display update done
I (1621080) Orchestrator: sensor_data: temp=25.4 hum=47.3 pm25=-1.0 co2=331 tvoc_raw=30991 nox_raw=15733 pres=973.4
I (1621090) Orchestrator: display update done
I (1622080) Orchestrator: sensor_data: temp=25.4 hum=47.2 pm25=-1.0 co2=331 tvoc_raw=30991 nox_raw=15733 pres=973.4
I (1622090) Orchestrator: display update done
I (1623080) Orchestrator: sensor_data: temp=25.4 hum=46.9 pm25=-1.0 co2=331 tvoc_raw=30991 nox_raw=15733 pres=973.3
I (1623090) Orchestrator: display update done
I (1624080) Orchestrator: sensor_data: temp=25.4 hum=46.7 pm25=-1.0 co2=331 tvoc_raw=30991 nox_raw=15733 pres=973.4
I (1624090) Orchestrator: display update done
I (1625080) Orchestrator: sensor_data: temp=25.4 hum=46.5 pm25=-1.0 co2=331 tvoc_raw=30991 nox_raw=15733 pres=973.4
I (1625090) Orchestrator: display update done
I (1626080) Orchestrator: sensor_data: temp=25.4 hum=46.4 pm25=-1.0 co2=331 tvoc_raw=30991 nox_raw=15733 pres=973.4
I (1626090) Orchestrator: display update done
I (1628430) PowerService: BMS  chg=FastCharge en=1 chg_dis=0 src=UnknownAdapter vbus=4.63V ibus=678mA ibat=+760mA vsys=3761mV vpmid=4585mV tdie=33°C
I (1628430) PowerService: FG   SOC=26% V=3.719V I=+751mA P=+2793mW rem=570/2273mAh T=30.2°C [FC=0 CHG=1 DSG=0 OCV=1 ITPOR=0 CFGUP=0 BATDET=1] src=FG
I (1628450) PowerService: FG-LRN QMAX_UP=1 RES_UP=0 VOK=1 | V=3719mV BELOW-FLAT(<3750:OCV2-zone)
W (1628450) PowerService: BMS regulation: treg=0 vsys=0 iindpm=0 vindpm=1 safety=0 wd=0
I (1628460) Orchestrator: sensor_data: temp=25.3 hum=46.5 pm25=-1.0 co2=331 tvoc_raw=30991 nox_raw=15733 pres=973.3
I (1628480) Orchestrator: display update done
I (1630310) Orchestrator: sensor_data: temp=25.3 hum=46.7 pm25=-1.0 co2=330 tvoc_raw=30991 nox_raw=15733 pres=973.3
I (1630320) Orchestrator: display update done
I (1631310) Orchestrator: sensor_data: temp=25.3 hum=46.9 pm25=-1.0 co2=330 tvoc_raw=30991 nox_raw=15733 pres=973.4
I (1631320) Orchestrator: display update done
I (1632310) Orchestrator: sensor_data: temp=25.2 hum=47.1 pm25=-1.0 co2=330 tvoc_raw=30991 nox_raw=15733 pres=973.4
I (1632320) Orchestrator: display update done
I (1633310) Orchestrator: sensor_data: temp=25.2 hum=47.4 pm25=-1.0 co2=330 tvoc_raw=30991 nox_raw=15733 pres=973.4
I (1633320) Orchestrator: display update done
I (1638470) PowerService: BMS  chg=FastCharge en=1 chg_dis=0 src=UnknownAdapter vbus=4.63V ibus=690mA ibat=+768mA vsys=3765mV vpmid=4589mV tdie=33°C
I (1638470) PowerService: FG   SOC=26% V=3.722V I=+763mA P=+2840mW rem=572/2273mAh T=30.2°C [FC=0 CHG=1 DSG=0 OCV=1 ITPOR=0 CFGUP=0 BATDET=1] src=FG
I (1638480) PowerService: FG-LRN QMAX_UP=1 RES_UP=0 VOK=1 | V=3722mV BELOW-FLAT(<3750:OCV2-zone)
W (1638490) PowerService: BMS regulation: treg=0 vsys=0 iindpm=0 vindpm=1 safety=0 wd=0
I (1638500) Orchestrator: sensor_data: temp=25.2 hum=48.1 pm25=-1.0 co2=330 tvoc_raw=30991 nox_raw=15733 pres=973.4
I (1638520) Orchestrator: display update done
I (1639480) Orchestrator: sensor_data: temp=25.2 hum=48.2 pm25=-1.0 co2=331 tvoc_raw=30991 nox_raw=15733 pres=973.4
I (1639490) Orchestrator: display update done
I (1640480) Orchestrator: sensor_data: temp=25.2 hum=48.3 pm25=-1.0 co2=331 tvoc_raw=30991 nox_raw=15733 pres=973.4
I (1640490) Orchestrator: display update done
I (1641480) Orchestrator: sensor_data: temp=25.3 hum=48.5 pm25=-1.0 co2=332 tvoc_raw=30991 nox_raw=15733 pres=973.4
I (1641490) Orchestrator: display update done
I (1642480) Orchestrator: sensor_data: temp=25.3 hum=48.6 pm25=-1.0 co2=332 tvoc_raw=30991 nox_raw=15733 pres=973.4
I (1642490) Orchestrator: display update done
I (1643480) Orchestrator: sensor_data: temp=25.3 hum=48.8 pm25=-1.0 co2=333 tvoc_raw=30991 nox_raw=15733 pres=973.4
I (1643490) Orchestrator: display update done
I (1644480) Orchestrator: sensor_data: temp=25.4 hum=49.0 pm25=-1.0 co2=333 tvoc_raw=30991 nox_raw=15733 pres=973.4
I (1644490) Orchestrator: display update done
I (1645480) Orchestrator: sensor_data: temp=25.4 hum=49.2 pm25=-1.0 co2=333 tvoc_raw=30991 nox_raw=15733 pres=973.4
I (1645490) Orchestrator: display update done
I (1646480) Orchestrator: sensor_data: temp=25.4 hum=49.5 pm25=-1.0 co2=333 tvoc_raw=30991 nox_raw=15733 pres=973.4
I (1646490) Orchestrator: display update done
I (1647480) Orchestrator: sensor_data: temp=25.4 hum=49.7 pm25=-1.0 co2=333 tvoc_raw=30991 nox_raw=15733 pres=973.4
I (1647490) Orchestrator: display update done
I (1648480) Orchestrator: sensor_data: temp=25.4 hum=49.9 pm25=-1.0 co2=333 tvoc_raw=30991 nox_raw=15733 pres=973.4
I (1648490) Orchestrator: display update done
I (1649120) PowerService: BMS  chg=FastCharge en=1 chg_dis=0 src=UnknownAdapter vbus=4.63V ibus=690mA ibat=+768mA vsys=3765mV vpmid=4589mV tdie=33°C
I (1649120) PowerService: FG   SOC=26% V=3.723V I=+755mA P=+2811mW rem=574/2274mAh T=30.2°C [FC=0 CHG=1 DSG=0 OCV=1 ITPOR=0 CFGUP=0 BATDET=1] src=FG
I (1649130) PowerService: FG-LRN QMAX_UP=1 RES_UP=0 VOK=1 | V=3723mV BELOW-FLAT(<3750:OCV2-zone)
W (1649140) PowerService: BMS regulation: treg=0 vsys=0 iindpm=0 vindpm=1 safety=0 wd=0
I (1649480) Orchestrator: sensor_data: temp=25.4 hum=50.2 pm25=-1.0 co2=334 tvoc_raw=30991 nox_raw=15733 pres=973.4
I (1649490) Orchestrator: display update done
I (1650480) Orchestrator: sensor_data: temp=25.4 hum=50.3 pm25=-1.0 co2=334 tvoc_raw=30991 nox_raw=15733 pres=973.4
I (1650490) Orchestrator: display update done
I (1651480) Orchestrator: sensor_data: temp=25.4 hum=50.5 pm25=-1.0 co2=334 tvoc_raw=30991 nox_raw=15733 pres=973.4
I (1651490) Orchestrator: display update done
I (1652480) Orchestrator: sensor_data: temp=25.4 hum=50.6 pm25=-1.0 co2=334 tvoc_raw=30991 nox_raw=15733 pres=973.4
I (1652480) Orchestrator: display update done
I (1653480) Orchestrator: sensor_data: temp=25.5 hum=50.9 pm25=-1.0 co2=335 tvoc_raw=30991 nox_raw=15733 pres=-1.0
I (1653480) Orchestrator: display update done
I (1655830) Orchestrator: sensor_data: temp=25.5 hum=51.2 pm25=-1.0 co2=335 tvoc_raw=30991 nox_raw=15733 pres=973.4
I (1655840) Orchestrator: display update done
I (1656830) Orchestrator: sensor_data: temp=25.5 hum=51.2 pm25=-1.0 co2=335 tvoc_raw=30991 nox_raw=15733 pres=973.4
I (1656840) Orchestrator: display update done
I (1657830) Orchestrator: sensor_data: temp=25.5 hum=51.4 pm25=-1.0 co2=335 tvoc_raw=30991 nox_raw=15733 pres=973.4
I (1657840) Orchestrator: display update done
I (1658830) Orchestrator: sensor_data: temp=25.5 hum=51.5 pm25=-1.0 co2=335 tvoc_raw=30991 nox_raw=15733 pres=973.4
I (1658840) Orchestrator: display update done
I (1659470) PowerService: BMS  chg=FastCharge en=1 chg_dis=0 src=UnknownAdapter vbus=4.63V ibus=678mA ibat=+760mA vsys=3763mV vpmid=4589mV tdie=33°C
I (1659470) PowerService: FG   SOC=26% V=3.721V I=+754mA P=+2806mW rem=577/2274mAh T=30.2°C [FC=0 CHG=1 DSG=0 OCV=1 ITPOR=0 CFGUP=0 BATDET=1] src=FG
I (1659490) PowerService: FG-LRN QMAX_UP=1 RES_UP=0 VOK=1 | V=3721mV BELOW-FLAT(<3750:OCV2-zone)
W (1659500) PowerService: BMS regulation: treg=0 vsys=0 iindpm=0 vindpm=1 safety=0 wd=0
I (1659830) Orchestrator: sensor_data: temp=25.5 hum=51.7 pm25=-1.0 co2=335 tvoc_raw=30991 nox_raw=15733 pres=973.4
I (1659840) Orchestrator: display update done
I (1660830) Orchestrator: sensor_data: temp=25.5 hum=51.9 pm25=-1.0 co2=335 tvoc_raw=30991 nox_raw=15733 pres=973.4
I (1660840) Orchestrator: display update done
I (1661830) Orchestrator: sensor_data: temp=25.6 hum=52.0 pm25=-1.0 co2=335 tvoc_raw=30991 nox_raw=15733 pres=973.4
I (1661840) Orchestrator: display update done
I (1662470) Lis2dh12: MOTION src=0x65  x=+9 mg  y=+30 mg  z=+941 mg
I (1662830) Orchestrator: sensor_data: temp=25.6 hum=52.3 pm25=-1.0 co2=335 tvoc_raw=30991 nox_raw=15733 pres=973.4
I (1662840) Orchestrator: display update done
I (1663830) Orchestrator: sensor_data: temp=25.6 hum=52.3 pm25=-1.0 co2=335 tvoc_raw=30991 nox_raw=15733 pres=973.4
I (1663840) Orchestrator: display update done
I (1664830) Orchestrator: sensor_data: temp=25.6 hum=51.8 pm25=-1.0 co2=336 tvoc_raw=30991 nox_raw=15733 pres=973.4
I (1664840) Orchestrator: display update done
I (1665830) Orchestrator: sensor_data: temp=25.6 hum=51.2 pm25=-1.0 co2=336 tvoc_raw=30991 nox_raw=15733 pres=973.4
I (1665840) Orchestrator: display update done
I (1666830) Orchestrator: sensor_data: temp=25.6 hum=51.2 pm25=-1.0 co2=336 tvoc_raw=30991 nox_raw=15733 pres=973.4
I (1666830) Orchestrator: display update done
I (1667830) Orchestrator: sensor_data: temp=25.6 hum=51.4 pm25=-1.0 co2=336 tvoc_raw=30991 nox_raw=15733 pres=-1.0
I (1667830) Orchestrator: display update done
I (1668830) Orchestrator: sensor_data: temp=25.6 hum=51.6 pm25=-1.0 co2=338 tvoc_raw=30991 nox_raw=15733 pres=973.4
I (1668840) Orchestrator: display update done
I (1669510) PowerService: BMS  chg=FastCharge en=1 chg_dis=0 src=UnknownAdapter vbus=4.63V ibus=680mA ibat=+760mA vsys=3763mV vpmid=4589mV tdie=33°C
I (1669510) PowerService: FG   SOC=26% V=3.722V I=+753mA P=+2803mW rem=579/2274mAh T=30.2°C [FC=0 CHG=1 DSG=0 OCV=1 ITPOR=0 CFGUP=0 BATDET=1] src=FG
I (1669530) PowerService: FG-LRN QMAX_UP=1 RES_UP=0 VOK=1 | V=3722mV BELOW-FLAT(<3750:OCV2-zone)
W (1669540) PowerService: BMS regulation: treg=0 vsys=0 iindpm=0 vindpm=1 safety=0 wd=0
I (1669830) Orchestrator: sensor_data: temp=25.6 hum=52.0 pm25=-1.0 co2=338 tvoc_raw=30991 nox_raw=15733 pres=973.4
I (1669840) Orchestrator: display update done
I (1670830) Orchestrator: sensor_data: temp=25.6 hum=52.2 pm25=-1.0 co2=339 tvoc_raw=30991 nox_raw=15733 pres=973.4
I (1670840) Orchestrator: display update done
I (1671830) Orchestrator: sensor_data: temp=25.6 hum=52.4 pm25=-1.0 co2=339 tvoc_raw=30991 nox_raw=15733 pres=973.4
I (1671840) Orchestrator: display update done
I (1672830) Orchestrator: sensor_data: temp=25.6 hum=52.6 pm25=-1.0 co2=340 tvoc_raw=30991 nox_raw=15733 pres=973.4
I (1672840) Orchestrator: display update done
I (1673830) Orchestrator: sensor_data: temp=25.7 hum=52.9 pm25=-1.0 co2=340 tvoc_raw=30991 nox_raw=15733 pres=973.4
I (1673840) Orchestrator: display update done
I (1674830) Orchestrator: sensor_data: temp=25.7 hum=52.8 pm25=-1.0 co2=341 tvoc_raw=30991 nox_raw=15733 pres=973.4
I (1674840) Orchestrator: display update done
I (1675830) Orchestrator: sensor_data: temp=25.7 hum=52.8 pm25=-1.0 co2=341 tvoc_raw=30991 nox_raw=15733 pres=973.4
I (1675840) Orchestrator: display update done
I (1678190) Orchestrator: sensor_data: temp=25.6 hum=52.9 pm25=-1.0 co2=343 tvoc_raw=30991 nox_raw=15733 pres=973.4
I (1678200) Orchestrator: display update done
I (1679190) Orchestrator: sensor_data: temp=25.7 hum=52.9 pm25=-1.0 co2=344 tvoc_raw=30991 nox_raw=15733 pres=973.4
I (1679200) Orchestrator: display update done
I (1679830) PowerService: BMS  chg=FastCharge en=1 chg_dis=0 src=UnknownAdapter vbus=4.63V ibus=678mA ibat=+756mA vsys=3765mV vpmid=4589mV tdie=33°C
I (1679830) PowerService: FG   SOC=26% V=3.722V I=+753mA P=+2803mW rem=581/2274mAh T=30.4°C [FC=0 CHG=1 DSG=0 OCV=1 ITPOR=0 CFGUP=0 BATDET=1] src=FG
I (1679850) PowerService: FG-LRN QMAX_UP=1 RES_UP=0 VOK=1 | V=3722mV BELOW-FLAT(<3750:OCV2-zone)
W (1679860) PowerService: BMS regulation: treg=0 vsys=0 iindpm=0 vindpm=1 safety=0 wd=0
I (1680190) Orchestrator: sensor_data: temp=25.6 hum=52.8 pm25=-1.0 co2=344 tvoc_raw=30991 nox_raw=15733 pres=973.4
I (1680200) Orchestrator: display update done
I (1681190) Orchestrator: sensor_data: temp=25.7 hum=52.9 pm25=-1.0 co2=345 tvoc_raw=30991 nox_raw=15733 pres=973.4
I (1681200) Orchestrator: display update done
I (1682190) Orchestrator: sensor_data: temp=25.7 hum=53.1 pm25=-1.0 co2=345 tvoc_raw=30991 nox_raw=15733 pres=973.4
I (1682190) Orchestrator: display update done
I (1683190) Orchestrator: sensor_data: temp=25.7 hum=53.2 pm25=-1.0 co2=346 tvoc_raw=30991 nox_raw=15733 pres=-1.0
I (1683190) Orchestrator: display update done
I (1684190) Orchestrator: sensor_data: temp=25.7 hum=53.3 pm25=-1.0 co2=346 tvoc_raw=30991 nox_raw=15733 pres=973.4
I (1684200) Orchestrator: display update done
I (1685190) Orchestrator: sensor_data: temp=25.7 hum=53.7 pm25=-1.0 co2=346 tvoc_raw=30991 nox_raw=15733 pres=973.4
I (1685200) Orchestrator: display update done
I (1686190) Orchestrator: sensor_data: temp=25.7 hum=53.9 pm25=-1.0 co2=346 tvoc_raw=30991 nox_raw=15733 pres=973.4
I (1686200) Orchestrator: display update done
I (1687190) Orchestrator: sensor_data: temp=25.8 hum=54.0 pm25=-1.0 co2=346 tvoc_raw=30991 nox_raw=15733 pres=973.4
I (1687200) Orchestrator: display update done
I (1688190) Orchestrator: sensor_data: temp=25.8 hum=54.1 pm25=-1.0 co2=346 tvoc_raw=30991 nox_raw=15733 pres=973.4
I (1688200) Orchestrator: display update done
I (1689190) Orchestrator: sensor_data: temp=25.8 hum=54.1 pm25=-1.0 co2=346 tvoc_raw=30991 nox_raw=15733 pres=973.4
I (1689200) Orchestrator: display update done
I (1689870) PowerService: BMS  chg=FastCharge en=1 chg_dis=0 src=UnknownAdapter vbus=4.63V ibus=678mA ibat=+764mA vsys=3767mV vpmid=4589mV tdie=33°C
I (1689870) PowerService: FG   SOC=26% V=3.723V I=+752mA P=+2800mW rem=583/2275mAh T=30.4°C [FC=0 CHG=1 DSG=0 OCV=1 ITPOR=0 CFGUP=0 BATDET=1] src=FG
I (1689890) PowerService: FG-LRN QMAX_UP=1 RES_UP=0 VOK=1 | V=3723mV BELOW-FLAT(<3750:OCV2-zone)
W (1689900) PowerService: BMS regulation: treg=0 vsys=0 iindpm=0 vindpm=1 safety=0 wd=0
I (1690190) Orchestrator: sensor_data: temp=25.8 hum=54.0 pm25=-1.0 co2=346 tvoc_raw=30991 nox_raw=15733 pres=973.4
I (1690200) Orchestrator: display update done
I (1691190) Orchestrator: sensor_data: temp=25.8 hum=53.9 pm25=-1.0 co2=347 tvoc_raw=30991 nox_raw=15733 pres=973.4
I (1691200) Orchestrator: display update done
I (1692190) Orchestrator: sensor_data: temp=25.8 hum=53.9 pm25=-1.0 co2=347 tvoc_raw=30991 nox_raw=15733 pres=973.4
I (1692200) Orchestrator: display update done
I (1693190) Orchestrator: sensor_data: temp=25.9 hum=54.0 pm25=-1.0 co2=347 tvoc_raw=30991 nox_raw=15733 pres=973.4
I (1693200) Orchestrator: display update done
I (1694190) Orchestrator: sensor_data: temp=25.9 hum=54.1 pm25=-1.0 co2=347 tvoc_raw=30991 nox_raw=15733 pres=973.4
I (1694200) Orchestrator: display update done
I (1695190) Orchestrator: sensor_data: temp=25.9 hum=54.1 pm25=-1.0 co2=348 tvoc_raw=30991 nox_raw=15733 pres=973.4
I (1695200) Orchestrator: display update done
I (1696190) Orchestrator: sensor_data: temp=25.9 hum=54.1 pm25=-1.0 co2=348 tvoc_raw=30991 nox_raw=15733 pres=973.4
I (1696200) Orchestrator: display update done
I (1697190) Orchestrator: sensor_data: temp=25.9 hum=54.1 pm25=-1.0 co2=348 tvoc_raw=30991 nox_raw=15733 pres=973.4
I (1697200) Orchestrator: display update done
I (1698190) Orchestrator: sensor_data: temp=26.0 hum=54.2 pm25=-1.0 co2=348 tvoc_raw=30991 nox_raw=15733 pres=973.4
I (1698200) Orchestrator: display update done
I (1700540) PowerService: BMS  chg=FastCharge en=1 chg_dis=0 src=UnknownAdapter vbus=4.64V ibus=676mA ibat=+752mA vsys=3767mV vpmid=4589mV tdie=33°C
I (1700540) PowerService: FG   SOC=26% V=3.724V I=+747mA P=+2782mW rem=585/2275mAh T=30.5°C [FC=0 CHG=1 DSG=0 OCV=1 ITPOR=0 CFGUP=0 BATDET=1] src=FG
I (1700560) PowerService: FG-LRN QMAX_UP=1 RES_UP=0 VOK=1 | V=3724mV BELOW-FLAT(<3750:OCV2-zone)
W (1700560) PowerService: BMS regulation: treg=0 vsys=0 iindpm=0 vindpm=1 safety=0 wd=0
I (1700570) Orchestrator: sensor_data: temp=26.0 hum=54.1 pm25=-1.0 co2=348 tvoc_raw=30991 nox_raw=15733 pres=973.4
I (1700590) Orchestrator: display update done
I (1701550) Orchestrator: sensor_data: temp=25.9 hum=54.0 pm25=-1.0 co2=347 tvoc_raw=30991 nox_raw=15733 pres=973.4
I (1701560) Orchestrator: display update done
I (1702550) Orchestrator: sensor_data: temp=26.0 hum=53.7 pm25=-1.0 co2=347 tvoc_raw=30991 nox_raw=15733 pres=973.4
I (1702560) Orchestrator: display update done
I (1703550) Orchestrator: sensor_data: temp=26.0 hum=53.7 pm25=-1.0 co2=347 tvoc_raw=30991 nox_raw=15733 pres=973.4
I (1703560) Orchestrator: display update done
I (1704550) Orchestrator: sensor_data: temp=26.0 hum=53.7 pm25=-1.0 co2=347 tvoc_raw=30991 nox_raw=15733 pres=973.4
I (1704560) Orchestrator: display update done
I (1705550) Orchestrator: sensor_data: temp=26.0 hum=53.8 pm25=-1.0 co2=346 tvoc_raw=30991 nox_raw=15733 pres=973.4
I (1705560) Orchestrator: display update done
I (1706550) Orchestrator: sensor_data: temp=26.0 hum=53.7 pm25=-1.0 co2=346 tvoc_raw=30991 nox_raw=15733 pres=973.4
I (1706560) Orchestrator: display update done
I (1707550) Orchestrator: sensor_data: temp=26.0 hum=53.7 pm25=-1.0 co2=345 tvoc_raw=30991 nox_raw=15733 pres=973.4
I (1707560) Orchestrator: display update done
I (1708550) Orchestrator: sensor_data: temp=26.1 hum=53.6 pm25=-1.0 co2=345 tvoc_raw=30991 nox_raw=15733 pres=973.4
I (1708560) Orchestrator: display update done
I (1709550) Orchestrator: sensor_data: temp=26.1 hum=53.6 pm25=-1.0 co2=344 tvoc_raw=30991 nox_raw=15733 pres=973.4
I (1709560) Orchestrator: display update done
I (1710550) Orchestrator: sensor_data: temp=26.1 hum=53.6 pm25=-1.0 co2=344 tvoc_raw=30991 nox_raw=15733 pres=973.4
I (1710560) Orchestrator: display update done
I (1711190) PowerService: BMS  chg=FastCharge en=1 chg_dis=0 src=UnknownAdapter vbus=4.63V ibus=688mA ibat=+764mA vsys=3769mV vpmid=4589mV tdie=33°C
I (1711190) PowerService: FG   SOC=26% V=3.727V I=+751mA P=+2799mW rem=587/2275mAh T=30.5°C [FC=0 CHG=1 DSG=0 OCV=1 ITPOR=0 CFGUP=0 BATDET=1] src=FG
I (1711200) PowerService: FG-LRN QMAX_UP=1 RES_UP=0 VOK=1 | V=3727mV BELOW-FLAT(<3750:OCV2-zone)
W (1711210) PowerService: BMS regulation: treg=0 vsys=0 iindpm=0 vindpm=1 safety=0 wd=0
I (1711550) Orchestrator: sensor_data: temp=26.1 hum=53.5 pm25=-1.0 co2=343 tvoc_raw=30991 nox_raw=15733 pres=973.4
I (1711560) Orchestrator: display update done
I (1712550) Orchestrator: sensor_data: temp=26.1 hum=53.6 pm25=-1.0 co2=343 tvoc_raw=30991 nox_raw=15733 pres=973.4
I (1712560) Orchestrator: display update done
I (1713550) Orchestrator: sensor_data: temp=26.0 hum=53.6 pm25=-1.0 co2=343 tvoc_raw=30991 nox_raw=15733 pres=973.4
I (1713560) Orchestrator: display update done
I (1714550) Orchestrator: sensor_data: temp=26.0 hum=53.7 pm25=-1.0 co2=343 tvoc_raw=30991 nox_raw=15733 pres=973.4
I (1714560) Orchestrator: display update done
I (1715550) Orchestrator: sensor_data: temp=26.0 hum=53.9 pm25=-1.0 co2=343 tvoc_raw=30991 nox_raw=15733 pres=973.4
I (1715560) Orchestrator: display update done
I (1716550) Orchestrator: sensor_data: temp=26.0 hum=54.1 pm25=-1.0 co2=343 tvoc_raw=30991 nox_raw=15733 pres=973.4
I (1716560) Orchestrator: display update done
I (1717550) Orchestrator: sensor_data: temp=26.1 hum=54.2 pm25=-1.0 co2=341 tvoc_raw=30991 nox_raw=15733 pres=973.4
I (1717560) Orchestrator: display update done
I (1718550) Orchestrator: sensor_data: temp=26.0 hum=54.1 pm25=-1.0 co2=341 tvoc_raw=30991 nox_raw=15733 pres=973.4
I (1718560) Orchestrator: display update done
I (1719550) Orchestrator: sensor_data: temp=26.1 hum=54.3 pm25=-1.0 co2=340 tvoc_raw=30991 nox_raw=15733 pres=973.4
I (1719560) Orchestrator: display update done
I (1720550) Orchestrator: sensor_data: temp=26.0 hum=54.3 pm25=-1.0 co2=340 tvoc_raw=30991 nox_raw=15733 pres=973.4
I (1720560) Orchestrator: display update done
I (1722900) PowerService: BMS  chg=FastCharge en=1 chg_dis=0 src=UnknownAdapter vbus=4.63V ibus=676mA ibat=+756mA vsys=3767mV vpmid=4589mV tdie=33°C
I (1722900) PowerService: FG   SOC=26% V=3.726V I=+747mA P=+2783mW rem=590/2276mAh T=30.6°C [FC=0 CHG=1 DSG=0 OCV=1 ITPOR=0 CFGUP=0 BATDET=1] src=FG
I (1722920) PowerService: FG-LRN QMAX_UP=1 RES_UP=0 VOK=1 | V=3726mV BELOW-FLAT(<3750:OCV2-zone)
W (1722920) PowerService: BMS regulation: treg=0 vsys=0 iindpm=0 vindpm=1 safety=0 wd=0
I (1722930) Orchestrator: sensor_data: temp=26.0 hum=54.4 pm25=-1.0 co2=339 tvoc_raw=30991 nox_raw=15733 pres=973.4
I (1722950) Orchestrator: display update done
I (1723910) Orchestrator: sensor_data: temp=26.0 hum=54.3 pm25=-1.0 co2=338 tvoc_raw=30991 nox_raw=15733 pres=973.4
I (1723920) Orchestrator: display update done
I (1724910) Orchestrator: sensor_data: temp=26.0 hum=54.1 pm25=-1.0 co2=338 tvoc_raw=30991 nox_raw=15733 pres=973.4
I (1724920) Orchestrator: display update done
I (1725910) Orchestrator: sensor_data: temp=26.0 hum=54.2 pm25=-1.0 co2=338 tvoc_raw=30991 nox_raw=15733 pres=973.4
I (1725920) Orchestrator: display update done
I (1726910) Orchestrator: sensor_data: temp=26.1 hum=54.2 pm25=-1.0 co2=338 tvoc_raw=30991 nox_raw=15733 pres=973.4
I (1726920) Orchestrator: display update done
I (1727910) Orchestrator: sensor_data: temp=26.1 hum=54.3 pm25=-1.0 co2=336 tvoc_raw=30991 nox_raw=15733 pres=973.4
I (1727920) Orchestrator: display update done
I (1728910) Orchestrator: sensor_data: temp=26.1 hum=54.4 pm25=-1.0 co2=336 tvoc_raw=30991 nox_raw=15733 pres=973.4
I (1728920) Orchestrator: display update done
I (1729910) Orchestrator: sensor_data: temp=26.1 hum=54.4 pm25=-1.0 co2=335 tvoc_raw=30991 nox_raw=15733 pres=973.4
I (1729920) Orchestrator: display update done
I (1730910) Orchestrator: sensor_data: temp=26.1 hum=54.4 pm25=-1.0 co2=335 tvoc_raw=30991 nox_raw=15733 pres=973.4
I (1730920) Orchestrator: display update done
I (1731910) Orchestrator: sensor_data: temp=26.1 hum=54.4 pm25=-1.0 co2=335 tvoc_raw=30991 nox_raw=15733 pres=973.4
I (1731920) Orchestrator: display update done
I (1732910) Orchestrator: sensor_data: temp=26.1 hum=54.4 pm25=-1.0 co2=335 tvoc_raw=30991 nox_raw=15733 pres=973.4
I (1732920) Orchestrator: display update done
I (1733550) PowerService: BMS  chg=FastCharge en=1 chg_dis=0 src=UnknownAdapter vbus=4.63V ibus=688mA ibat=+752mA vsys=3771mV vpmid=4589mV tdie=33°C
I (1733550) PowerService: FG   SOC=27% V=3.726V I=+750mA P=+2795mW rem=592/2276mAh T=30.7°C [FC=0 CHG=1 DSG=0 OCV=1 ITPOR=0 CFGUP=0 BATDET=1] src=FG
I (1733570) PowerService: FG-LRN QMAX_UP=1 RES_UP=0 VOK=1 | V=3726mV BELOW-FLAT(<3750:OCV2-zone)
W (1733570) PowerService: BMS regulation: treg=0 vsys=0 iindpm=0 vindpm=1 safety=0 wd=0
I (1733910) Orchestrator: sensor_data: temp=26.0 hum=54.4 pm25=-1.0 co2=334 tvoc_raw=30991 nox_raw=15733 pres=973.4
I (1733920) Orchestrator: display update done
I (1735750) Orchestrator: sensor_data: temp=26.1 hum=54.6 pm25=-1.0 co2=334 tvoc_raw=30991 nox_raw=15733 pres=973.4
I (1735760) Orchestrator: display update done
I (1736750) Orchestrator: sensor_data: temp=26.0 hum=54.7 pm25=-1.0 co2=334 tvoc_raw=30991 nox_raw=15733 pres=973.4
I (1736760) Orchestrator: display update done
I (1737750) Orchestrator: sensor_data: temp=26.1 hum=54.7 pm25=-1.0 co2=333 tvoc_raw=30991 nox_raw=15733 pres=973.4
I (1737760) Orchestrator: display update done
I (1738750) Orchestrator: sensor_data: temp=26.1 hum=54.8 pm25=-1.0 co2=333 tvoc_raw=30991 nox_raw=15733 pres=973.4
I (1738760) Orchestrator: display update done
I (1739750) Orchestrator: sensor_data: temp=26.1 hum=54.9 pm25=-1.0 co2=333 tvoc_raw=30991 nox_raw=15733 pres=973.4
I (1739760) Orchestrator: display update done
I (1740750) Orchestrator: sensor_data: temp=26.1 hum=54.8 pm25=-1.0 co2=333 tvoc_raw=30991 nox_raw=15733 pres=973.4
I (1740760) Orchestrator: display update done
I (1741750) Orchestrator: sensor_data: temp=26.1 hum=54.9 pm25=-1.0 co2=332 tvoc_raw=30991 nox_raw=15733 pres=973.4
I (1741760) Orchestrator: display update done
I (1742750) Orchestrator: sensor_data: temp=26.2 hum=54.9 pm25=-1.0 co2=332 tvoc_raw=30991 nox_raw=15733 pres=973.4
I (1742760) Orchestrator: display update done
I (1743590) PowerService: BMS  chg=FastCharge en=1 chg_dis=0 src=UnknownAdapter vbus=4.63V ibus=686mA ibat=+764mA vsys=3773mV vpmid=4589mV tdie=33°C
I (1743590) PowerService: FG   SOC=27% V=3.727V I=+751mA P=+2799mW rem=594/2276mAh T=30.7°C [FC=0 CHG=1 DSG=0 OCV=1 ITPOR=0 CFGUP=0 BATDET=1] src=FG
I (1743600) PowerService: FG-LRN QMAX_UP=1 RES_UP=0 VOK=1 | V=3727mV BELOW-FLAT(<3750:OCV2-zone)
W (1743610) PowerService: BMS regulation: treg=0 vsys=0 iindpm=0 vindpm=1 safety=0 wd=0
I (1743750) Orchestrator: sensor_data: temp=26.2 hum=54.8 pm25=-1.0 co2=332 tvoc_raw=30991 nox_raw=15733 pres=973.4
I (1743760) Orchestrator: display update done
I (1746110) Orchestrator: sensor_data: temp=26.1 hum=54.9 pm25=-1.0 co2=332 tvoc_raw=30991 nox_raw=15733 pres=973.4
I (1746120) Orchestrator: display update done
I (1747110) Orchestrator: sensor_data: temp=26.1 hum=55.0 pm25=-1.0 co2=332 tvoc_raw=30991 nox_raw=15733 pres=973.4
I (1747120) Orchestrator: display update done
I (1748110) Orchestrator: sensor_data: temp=26.2 hum=55.0 pm25=-1.0 co2=331 tvoc_raw=30991 nox_raw=15733 pres=973.4
I (1748120) Orchestrator: display update done
I (1749110) Orchestrator: sensor_data: temp=26.2 hum=55.0 pm25=-1.0 co2=331 tvoc_raw=30991 nox_raw=15733 pres=973.4
I (1749120) Orchestrator: display update done
I (1750110) Orchestrator: sensor_data: temp=26.2 hum=55.0 pm25=-1.0 co2=331 tvoc_raw=30991 nox_raw=15733 pres=973.4
I (1750120) Orchestrator: display update done
I (1751110) Orchestrator: sensor_data: temp=26.1 hum=55.0 pm25=-1.0 co2=331 tvoc_raw=30991 nox_raw=15733 pres=973.4
I (1751120) Orchestrator: display update done
I (1752110) Orchestrator: sensor_data: temp=26.1 hum=55.1 pm25=-1.0 co2=331 tvoc_raw=30991 nox_raw=15733 pres=973.4
I (1752120) Orchestrator: display update done
I (1753110) Orchestrator: sensor_data: temp=26.2 hum=55.2 pm25=-1.0 co2=331 tvoc_raw=30991 nox_raw=15733 pres=973.4
I (1753120) Orchestrator: display update done
I (1753750) PowerService: BMS  chg=FastCharge en=1 chg_dis=0 src=UnknownAdapter vbus=4.63V ibus=678mA ibat=+752mA vsys=3769mV vpmid=4589mV tdie=33°C
I (1753750) PowerService: FG   SOC=27% V=3.728V I=+751mA P=+2800mW rem=596/2276mAh T=30.8°C [FC=0 CHG=1 DSG=0 OCV=1 ITPOR=0 CFGUP=0 BATDET=1] src=FG
I (1753770) PowerService: FG-LRN QMAX_UP=1 RES_UP=0 VOK=1 | V=3728mV BELOW-FLAT(<3750:OCV2-zone)
W (1753780) PowerService: BMS regulation: treg=0 vsys=0 iindpm=0 vindpm=1 safety=0 wd=0
I (1754110) Orchestrator: sensor_data: temp=26.1 hum=55.2 pm25=-1.0 co2=331 tvoc_raw=30991 nox_raw=15733 pres=973.4
I (1754120) Orchestrator: display update done
I (1755800) Orchestrator: sensor_data: temp=26.1 hum=55.0 pm25=-1.0 co2=331 tvoc_raw=30991 nox_raw=15733 pres=973.4
I (1755810) Orchestrator: display update done
I (1756800) Orchestrator: sensor_data: temp=26.2 hum=55.0 pm25=-1.0 co2=331 tvoc_raw=30991 nox_raw=15733 pres=973.4
I (1756810) Orchestrator: display update done
I (1757800) Orchestrator: sensor_data: temp=26.2 hum=55.1 pm25=-1.0 co2=332 tvoc_raw=30991 nox_raw=15733 pres=973.4
I (1757810) Orchestrator: display update done
I (1758800) Orchestrator: sensor_data: temp=26.2 hum=55.2 pm25=-1.0 co2=332 tvoc_raw=30991 nox_raw=15733 pres=973.4
I (1758810) Orchestrator: display update done
I (1759800) Orchestrator: sensor_data: temp=26.2 hum=55.2 pm25=-1.0 co2=332 tvoc_raw=30991 nox_raw=15733 pres=973.4
I (1759810) Orchestrator: display update done
I (1760800) Orchestrator: sensor_data: temp=26.2 hum=55.2 pm25=-1.0 co2=332 tvoc_raw=30991 nox_raw=15733 pres=973.4
I (1760810) Orchestrator: display update done
I (1761800) Orchestrator: sensor_data: temp=26.2 hum=55.2 pm25=-1.0 co2=331 tvoc_raw=30991 nox_raw=15733 pres=973.4
I (1761810) Orchestrator: display update done
I (1762800) Orchestrator: sensor_data: temp=26.2 hum=55.3 pm25=-1.0 co2=331 tvoc_raw=30991 nox_raw=15733 pres=973.4
I (1762810) Orchestrator: display update done
I (1763790) PowerService: BMS  chg=FastCharge en=1 chg_dis=0 src=UnknownAdapter vbus=4.63V ibus=686mA ibat=+764mA vsys=3773mV vpmid=4589mV tdie=33°C
I (1763790) PowerService: FG   SOC=27% V=3.729V I=+750mA P=+2797mW rem=598/2277mAh T=30.8°C [FC=0 CHG=1 DSG=0 OCV=1 ITPOR=0 CFGUP=0 BATDET=1] src=FG
I (1763810) PowerService: FG-LRN QMAX_UP=1 RES_UP=0 VOK=1 | V=3729mV BELOW-FLAT(<3750:OCV2-zone)
W (1763820) PowerService: BMS regulation: treg=0 vsys=0 iindpm=0 vindpm=1 safety=0 wd=0
I (1763820) Orchestrator: sensor_data: temp=26.2 hum=55.3 pm25=-1.0 co2=331 tvoc_raw=30991 nox_raw=15733 pres=973.4
I (1763840) Orchestrator: display update done
I (1764800) Orchestrator: sensor_data: temp=26.2 hum=55.3 pm25=-1.0 co2=331 tvoc_raw=30991 nox_raw=15733 pres=973.4
I (1764810) Orchestrator: display update done
I (1765800) Orchestrator: sensor_data: temp=26.2 hum=55.3 pm25=-1.0 co2=331 tvoc_raw=30991 nox_raw=15733 pres=973.4
I (1765810) Orchestrator: display update done
I (1766800) Orchestrator: sensor_data: temp=26.2 hum=55.4 pm25=-1.0 co2=331 tvoc_raw=30991 nox_raw=15733 pres=973.4
I (1766810) Orchestrator: display update done
I (1769160) Orchestrator: sensor_data: temp=26.3 hum=55.2 pm25=-1.0 co2=331 tvoc_raw=30991 nox_raw=15733 pres=973.4
I (1769170) Orchestrator: display update done
I (1770160) Orchestrator: sensor_data: temp=26.3 hum=55.4 pm25=-1.0 co2=330 tvoc_raw=30991 nox_raw=15733 pres=973.4
I (1770170) Orchestrator: display update done
I (1771160) Orchestrator: sensor_data: temp=26.3 hum=55.3 pm25=-1.0 co2=330 tvoc_raw=30991 nox_raw=15733 pres=973.4
I (1771170) Orchestrator: display update done
I (1772160) Orchestrator: sensor_data: temp=26.3 hum=55.5 pm25=-1.0 co2=331 tvoc_raw=30991 nox_raw=15733 pres=973.4
I (1772170) Orchestrator: display update done
I (1773160) Orchestrator: sensor_data: temp=26.3 hum=55.5 pm25=-1.0 co2=331 tvoc_raw=30991 nox_raw=15733 pres=973.4
I (1773170) Orchestrator: display update done
I (1773830) PowerService: BMS  chg=FastCharge en=1 chg_dis=0 src=UnknownAdapter vbus=4.63V ibus=674mA ibat=+752mA vsys=3771mV vpmid=4589mV tdie=33°C
I (1773830) PowerService: FG   SOC=27% V=3.730V I=+750mA P=+2798mW rem=600/2277mAh T=30.8°C [FC=0 CHG=1 DSG=0 OCV=1 ITPOR=0 CFGUP=0 BATDET=1] src=FG
I (1773850) PowerService: FG-LRN QMAX_UP=1 RES_UP=0 VOK=1 | V=3730mV BELOW-FLAT(<3750:OCV2-zone)
W (1773850) PowerService: BMS regulation: treg=0 vsys=0 iindpm=0 vindpm=1 safety=0 wd=0
I (1774160) Orchestrator: sensor_data: temp=26.3 hum=55.5 pm25=-1.0 co2=331 tvoc_raw=30991 nox_raw=15733 pres=973.4
I (1774170) Orchestrator: display update done
I (1775160) Orchestrator: sensor_data: temp=26.2 hum=55.6 pm25=-1.0 co2=331 tvoc_raw=30991 nox_raw=15733 pres=973.4
I (1775170) Orchestrator: display update done
I (1776160) Orchestrator: sensor_data: temp=26.3 hum=55.7 pm25=-1.0 co2=330 tvoc_raw=30991 nox_raw=15733 pres=973.4
I (1776170) Orchestrator: display update done
I (1777160) Orchestrator: sensor_data: temp=26.3 hum=55.8 pm25=-1.0 co2=330 tvoc_raw=30991 nox_raw=15733 pres=973.4
I (1777170) Orchestrator: display update done
I (1778160) Orchestrator: sensor_data: temp=26.2 hum=55.7 pm25=-1.0 co2=331 tvoc_raw=30991 nox_raw=15733 pres=973.4
I (1778170) Orchestrator: display update done
I (1779160) Orchestrator: sensor_data: temp=26.3 hum=55.6 pm25=-1.0 co2=331 tvoc_raw=30991 nox_raw=15733 pres=973.4
I (1779170) Orchestrator: display update done
I (1780160) Orchestrator: sensor_data: temp=26.3 hum=55.6 pm25=-1.0 co2=331 tvoc_raw=30991 nox_raw=15733 pres=973.4
I (1780170) Orchestrator: display update done
I (1781160) Orchestrator: sensor_data: temp=26.3 hum=55.6 pm25=-1.0 co2=331 tvoc_raw=30991 nox_raw=15733 pres=973.4
I (1781170) Orchestrator: display update done
I (1782160) Orchestrator: sensor_data: temp=26.3 hum=55.5 pm25=-1.0 co2=331 tvoc_raw=30991 nox_raw=15733 pres=973.4
I (1782170) Orchestrator: display update done
I (1783160) Orchestrator: sensor_data: temp=26.3 hum=55.5 pm25=-1.0 co2=331 tvoc_raw=30991 nox_raw=15733 pres=973.4
I (1783170) Orchestrator: display update done
I (1783870) PowerService: BMS  chg=FastCharge en=1 chg_dis=0 src=UnknownAdapter vbus=4.63V ibus=676mA ibat=+756mA vsys=3773mV vpmid=4589mV tdie=34°C
I (1783870) PowerService: FG   SOC=27% V=3.731V I=+750mA P=+2798mW rem=602/2277mAh T=30.9°C [FC=0 CHG=1 DSG=0 OCV=1 ITPOR=0 CFGUP=0 BATDET=1] src=FG
I (1783890) PowerService: FG-LRN QMAX_UP=1 RES_UP=0 VOK=1 | V=3731mV BELOW-FLAT(<3750:OCV2-zone)
W (1783890) PowerService: BMS regulation: treg=0 vsys=0 iindpm=0 vindpm=1 safety=0 wd=0
I (1784160) Orchestrator: sensor_data: temp=26.3 hum=55.5 pm25=-1.0 co2=331 tvoc_raw=30991 nox_raw=15733 pres=973.4
I (1784170) Orchestrator: display update done
I (1785160) Orchestrator: sensor_data: temp=26.3 hum=55.5 pm25=-1.0 co2=331 tvoc_raw=30991 nox_raw=15733 pres=973.4
I (1785170) Orchestrator: display update done
I (1786160) Orchestrator: sensor_data: temp=26.3 hum=55.5 pm25=-1.0 co2=331 tvoc_raw=30991 nox_raw=15733 pres=973.4
I (1786170) Orchestrator: display update done
I (1787160) Orchestrator: sensor_data: temp=26.3 hum=55.7 pm25=-1.0 co2=331 tvoc_raw=30991 nox_raw=15733 pres=973.4
I (1787170) Orchestrator: display update done
I (1788160) Orchestrator: sensor_data: temp=26.3 hum=55.9 pm25=-1.0 co2=331 tvoc_raw=30991 nox_raw=15733 pres=973.4
I (1788170) Orchestrator: display update done
I (1789160) Orchestrator: sensor_data: temp=26.3 hum=55.7 pm25=-1.0 co2=331 tvoc_raw=30991 nox_raw=15733 pres=973.4
I (1789170) Orchestrator: display update done
I (1791520) Orchestrator: sensor_data: temp=26.3 hum=55.6 pm25=-1.0 co2=332 tvoc_raw=30991 nox_raw=15733 pres=973.4
I (1791530) Orchestrator: display update done
I (1792520) Orchestrator: sensor_data: temp=26.3 hum=55.6 pm25=-1.0 co2=333 tvoc_raw=30991 nox_raw=15733 pres=973.4
I (1792530) Orchestrator: display update done
I (1793520) Orchestrator: sensor_data: temp=26.3 hum=55.7 pm25=-1.0 co2=333 tvoc_raw=30991 nox_raw=15733 pres=973.4
I (1793530) Orchestrator: display update done
I (1794160) PowerService: BMS  chg=FastCharge en=1 chg_dis=0 src=UnknownAdapter vbus=4.63V ibus=674mA ibat=+752mA vsys=3775mV vpmid=4589mV tdie=34°C
I (1794160) PowerService: FG   SOC=27% V=3.732V I=+749mA P=+2795mW rem=605/2278mAh T=30.9°C [FC=0 CHG=1 DSG=0 OCV=1 ITPOR=0 CFGUP=0 BATDET=1] src=FG
I (1794180) PowerService: FG-LRN QMAX_UP=1 RES_UP=0 VOK=1 | V=3732mV BELOW-FLAT(<3750:OCV2-zone)
W (1794190) PowerService: BMS regulation: treg=0 vsys=0 iindpm=0 vindpm=1 safety=0 wd=0
I (1794520) Orchestrator: sensor_data: temp=26.3 hum=55.8 pm25=-1.0 co2=334 tvoc_raw=30991 nox_raw=15733 pres=973.4
I (1794530) Orchestrator: display update done
I (1795520) Orchestrator: sensor_data: temp=26.3 hum=55.8 pm25=-1.0 co2=334 tvoc_raw=30991 nox_raw=15733 pres=973.4
I (1795530) Orchestrator: display update done
I (1796520) Orchestrator: sensor_data: temp=26.4 hum=55.9 pm25=-1.0 co2=336 tvoc_raw=30991 nox_raw=15733 pres=973.4
I (1796530) Orchestrator: display update done
I (1797520) Orchestrator: sensor_data: temp=26.3 hum=55.9 pm25=-1.0 co2=336 tvoc_raw=30991 nox_raw=15733 pres=973.4
I (1797530) Orchestrator: display update done
I (1798520) Orchestrator: sensor_data: temp=26.4 hum=56.0 pm25=-1.0 co2=338 tvoc_raw=30991 nox_raw=15733 pres=973.4
I (1798530) Orchestrator: display update done
I (1799520) Orchestrator: sensor_data: temp=26.4 hum=56.1 pm25=-1.0 co2=338 tvoc_raw=30991 nox_raw=15733 pres=973.4
I (1799530) Orchestrator: display update done
I (1800520) Orchestrator: sensor_data: temp=26.4 hum=56.1 pm25=-1.0 co2=338 tvoc_raw=30991 nox_raw=15733 pres=973.4
I (1800530) Orchestrator: display update done
I (1801520) Orchestrator: sensor_data: temp=26.4 hum=56.1 pm25=-1.0 co2=338 tvoc_raw=30991 nox_raw=15733 pres=973.4
I (1801530) Orchestrator: display update done
I (1802520) Orchestrator: sensor_data: temp=26.4 hum=56.1 pm25=-1.0 co2=339 tvoc_raw=30991 nox_raw=15733 pres=973.4
I (1802530) Orchestrator: display update done
I (1803520) Orchestrator: sensor_data: temp=26.4 hum=56.1 pm25=-1.0 co2=339 tvoc_raw=30991 nox_raw=15733 pres=973.4
I (1803530) Orchestrator: display update done
I (1804200) PowerService: BMS  chg=FastCharge en=1 chg_dis=0 src=UnknownAdapter vbus=4.63V ibus=676mA ibat=+752mA vsys=3775mV vpmid=4589mV tdie=34°C
I (1804200) PowerService: FG   SOC=27% V=3.732V I=+749mA P=+2795mW rem=607/2278mAh T=31.0°C [FC=0 CHG=1 DSG=0 OCV=1 ITPOR=0 CFGUP=0 BATDET=1] src=FG
I (1804220) PowerService: FG-LRN QMAX_UP=1 RES_UP=0 VOK=1 | V=3732mV BELOW-FLAT(<3750:OCV2-zone)
W (1804230) PowerService: BMS regulation: treg=0 vsys=0 iindpm=0 vindpm=1 safety=0 wd=0
I (1804520) Orchestrator: sensor_data: temp=26.4 hum=56.0 pm25=-1.0 co2=339 tvoc_raw=30991 nox_raw=15733 pres=973.4
I (1804530) Orchestrator: display update done
I (1805520) Orchestrator: sensor_data: temp=26.4 hum=56.0 pm25=-1.0 co2=339 tvoc_raw=30991 nox_raw=15733 pres=973.4
I (1805530) Orchestrator: display update done
I (1806520) Orchestrator: sensor_data: temp=26.4 hum=56.0 pm25=-1.0 co2=340 tvoc_raw=30991 nox_raw=15733 pres=973.4
I (1806530) Orchestrator: display update done
I (1807520) Orchestrator: sensor_data: temp=26.4 hum=56.0 pm25=-1.0 co2=340 tvoc_raw=30991 nox_raw=15733 pres=973.4
I (1807530) Orchestrator: display update done
I (1808520) Orchestrator: sensor_data: temp=26.4 hum=56.1 pm25=-1.0 co2=340 tvoc_raw=30991 nox_raw=15733 pres=973.4
I (1808530) Orchestrator: display update done
I (1809520) Orchestrator: sensor_data: temp=26.4 hum=56.1 pm25=-1.0 co2=340 tvoc_raw=30991 nox_raw=15733 pres=973.4
I (1809530) Orchestrator: display update done
I (1810520) Orchestrator: sensor_data: temp=26.4 hum=56.2 pm25=-1.0 co2=340 tvoc_raw=30991 nox_raw=15733 pres=973.4
I (1810530) Orchestrator: display update done
I (1811520) Orchestrator: sensor_data: temp=26.4 hum=56.1 pm25=-1.0 co2=340 tvoc_raw=30991 nox_raw=15733 pres=973.4
I (1811530) Orchestrator: display update done
I (1813880) Orchestrator: sensor_data: temp=26.4 hum=56.1 pm25=-1.0 co2=340 tvoc_raw=30991 nox_raw=15733 pres=973.4
I (1813890) Orchestrator: display update done
I (1814520) PowerService: BMS  chg=FastCharge en=1 chg_dis=0 src=UnknownAdapter vbus=4.63V ibus=674mA ibat=+752mA vsys=3775mV vpmid=4589mV tdie=34°C
I (1814520) PowerService: FG   SOC=27% V=3.733V I=+744mA P=+2777mW rem=609/2278mAh T=31.0°C [FC=0 CHG=1 DSG=0 OCV=1 ITPOR=0 CFGUP=0 BATDET=1] src=FG
I (1814540) PowerService: FG-LRN QMAX_UP=1 RES_UP=0 VOK=1 | V=3733mV BELOW-FLAT(<3750:OCV2-zone)
W (1814550) PowerService: BMS regulation: treg=0 vsys=0 iindpm=0 vindpm=1 safety=0 wd=0
I (1814880) Orchestrator: sensor_data: temp=26.4 hum=56.1 pm25=-1.0 co2=340 tvoc_raw=30991 nox_raw=15733 pres=973.4
I (1814890) Orchestrator: display update done
I (1815880) Orchestrator: sensor_data: temp=26.4 hum=56.1 pm25=-1.0 co2=340 tvoc_raw=30991 nox_raw=15733 pres=973.4
I (1815890) Orchestrator: display update done
I (1816880) Orchestrator: sensor_data: temp=26.4 hum=56.1 pm25=-1.0 co2=340 tvoc_raw=30991 nox_raw=15733 pres=973.4
I (1816890) Orchestrator: display update done
I (1817880) Orchestrator: sensor_data: temp=26.4 hum=56.1 pm25=-1.0 co2=340 tvoc_raw=30991 nox_raw=15733 pres=973.4
I (1817890) Orchestrator: display update done
I (1818880) Orchestrator: sensor_data: temp=26.4 hum=56.0 pm25=-1.0 co2=340 tvoc_raw=30991 nox_raw=15733 pres=973.4
I (1818890) Orchestrator: display update done
I (1819880) Orchestrator: sensor_data: temp=26.4 hum=56.1 pm25=-1.0 co2=340 tvoc_raw=30991 nox_raw=15733 pres=973.4
I (1819890) Orchestrator: display update done
I (1820880) Orchestrator: sensor_data: temp=26.5 hum=56.0 pm25=-1.0 co2=340 tvoc_raw=30991 nox_raw=15733 pres=973.4
I (1820890) Orchestrator: display update done
I (1821880) Orchestrator: sensor_data: temp=26.5 hum=55.9 pm25=-1.0 co2=340 tvoc_raw=30991 nox_raw=15733 pres=973.4
I (1821890) Orchestrator: display update done
I (1822880) Orchestrator: sensor_data: temp=26.5 hum=55.9 pm25=-1.0 co2=340 tvoc_raw=30991 nox_raw=15733 pres=973.4
I (1822890) Orchestrator: display update done
I (1823880) Orchestrator: sensor_data: temp=26.5 hum=56.0 pm25=-1.0 co2=340 tvoc_raw=30991 nox_raw=15733 pres=973.4
I (1823890) Orchestrator: display update done
I (1824560) PowerService: BMS  chg=FastCharge en=1 chg_dis=0 src=UnknownAdapter vbus=4.63V ibus=676mA ibat=+752mA vsys=3779mV vpmid=4589mV tdie=34°C
I (1824560) PowerService: FG   SOC=27% V=3.734V I=+748mA P=+2793mW rem=611/2278mAh T=31.0°C [FC=0 CHG=1 DSG=0 OCV=1 ITPOR=0 CFGUP=0 BATDET=1] src=FG
I (1824580) PowerService: FG-LRN QMAX_UP=1 RES_UP=0 VOK=1 | V=3734mV BELOW-FLAT(<3750:OCV2-zone)
W (1824590) PowerService: BMS regulation: treg=0 vsys=0 iindpm=0 vindpm=1 safety=0 wd=0
I (1824880) Orchestrator: sensor_data: temp=26.5 hum=56.1 pm25=-1.0 co2=340 tvoc_raw=30991 nox_raw=15733 pres=973.4
I (1824890) Orchestrator: display update done
I (1825880) Orchestrator: sensor_data: temp=26.5 hum=56.1 pm25=-1.0 co2=340 tvoc_raw=30991 nox_raw=15733 pres=973.4
I (1825890) Orchestrator: display update done
I (1826880) Orchestrator: sensor_data: temp=26.5 hum=56.4 pm25=-1.0 co2=340 tvoc_raw=30991 nox_raw=15733 pres=973.4
I (1826890) Orchestrator: display update done
I (1827880) Orchestrator: sensor_data: temp=26.5 hum=56.2 pm25=-1.0 co2=340 tvoc_raw=30991 nox_raw=15733 pres=973.4
I (1827890) Orchestrator: display update done
I (1828880) Orchestrator: sensor_data: temp=26.5 hum=56.1 pm25=-1.0 co2=340 tvoc_raw=30991 nox_raw=15733 pres=973.4
I (1828890) Orchestrator: display update done
I (1829880) Orchestrator: sensor_data: temp=26.5 hum=56.1 pm25=-1.0 co2=340 tvoc_raw=30991 nox_raw=15733 pres=973.4
I (1829890) Orchestrator: display update done
I (1830880) Orchestrator: sensor_data: temp=26.5 hum=56.1 pm25=-1.0 co2=340 tvoc_raw=30991 nox_raw=15733 pres=973.4
I (1830890) Orchestrator: display update done
I (1831880) Orchestrator: sensor_data: temp=26.5 hum=56.0 pm25=-1.0 co2=340 tvoc_raw=30991 nox_raw=15733 pres=973.4
I (1831890) Orchestrator: display update done
I (1832880) Orchestrator: sensor_data: temp=26.5 hum=56.0 pm25=-1.0 co2=340 tvoc_raw=30991 nox_raw=15733 pres=973.4
I (1832890) Orchestrator: display update done
I (1833880) Orchestrator: sensor_data: temp=26.5 hum=56.0 pm25=-1.0 co2=340 tvoc_raw=30991 nox_raw=15733 pres=973.4
I (1833890) Orchestrator: display update done
I (1836230) PowerService: BMS  chg=FastCharge en=1 chg_dis=0 src=UnknownAdapter vbus=4.63V ibus=676mA ibat=+752mA vsys=3777mV vpmid=4589mV tdie=34°C
I (1836230) PowerService: FG   SOC=27% V=3.734V I=+743mA P=+2774mW rem=613/2279mAh T=31.2°C [FC=0 CHG=1 DSG=0 OCV=1 ITPOR=0 CFGUP=0 BATDET=1] src=FG
I (1836250) PowerService: FG-LRN QMAX_UP=1 RES_UP=0 VOK=1 | V=3734mV BELOW-FLAT(<3750:OCV2-zone)
W (1836250) PowerService: BMS regulation: treg=0 vsys=0 iindpm=0 vindpm=1 safety=0 wd=0
I (1836260) Orchestrator: sensor_data: temp=26.4 hum=56.2 pm25=-1.0 co2=340 tvoc_raw=30991 nox_raw=15733 pres=973.4
I (1836280) Orchestrator: display update done
I (1837240) Orchestrator: sensor_data: temp=26.4 hum=56.1 pm25=-1.0 co2=340 tvoc_raw=30991 nox_raw=15733 pres=973.4
I (1837250) Orchestrator: display update done
I (1838240) Orchestrator: sensor_data: temp=26.5 hum=56.1 pm25=-1.0 co2=340 tvoc_raw=30991 nox_raw=15733 pres=973.4
I (1838250) Orchestrator: display update done
I (1839240) Orchestrator: sensor_data: temp=26.5 hum=56.1 pm25=-1.0 co2=340 tvoc_raw=30991 nox_raw=15733 pres=973.4
I (1839250) Orchestrator: display update done
I (1840240) Orchestrator: sensor_data: temp=26.5 hum=56.0 pm25=-1.0 co2=339 tvoc_raw=30991 nox_raw=15733 pres=973.4
I (1840250) Orchestrator: display update done
I (1841240) Orchestrator: sensor_data: temp=26.5 hum=56.1 pm25=-1.0 co2=339 tvoc_raw=30991 nox_raw=15733 pres=973.4
I (1841250) Orchestrator: display update done
I (1842240) Orchestrator: sensor_data: temp=26.5 hum=56.1 pm25=-1.0 co2=339 tvoc_raw=30991 nox_raw=15733 pres=973.4
I (1842250) Orchestrator: display update done
I (1843240) Orchestrator: sensor_data: temp=26.5 hum=56.2 pm25=-1.0 co2=339 tvoc_raw=30991 nox_raw=15733 pres=973.4
I (1843250) Orchestrator: display update done
I (1844240) Orchestrator: sensor_data: temp=26.5 hum=56.0 pm25=-1.0 co2=339 tvoc_raw=30991 nox_raw=15733 pres=973.4
I (1844250) Orchestrator: display update done
I (1845240) Orchestrator: sensor_data: temp=26.5 hum=56.0 pm25=-1.0 co2=339 tvoc_raw=30991 nox_raw=15733 pres=973.4
I (1845250) Orchestrator: display update done
I (1846240) Orchestrator: sensor_data: temp=26.5 hum=56.1 pm25=-1.0 co2=339 tvoc_raw=30991 nox_raw=15733 pres=973.4
I (1846250) Orchestrator: display update done
I (1846880) PowerService: BMS  chg=FastCharge en=1 chg_dis=0 src=UnknownAdapter vbus=4.63V ibus=686mA ibat=+752mA vsys=3779mV vpmid=4589mV tdie=34°C
I (1846880) PowerService: FG   SOC=28% V=3.737V I=+747mA P=+2792mW rem=616/2279mAh T=31.2°C [FC=0 CHG=1 DSG=0 OCV=1 ITPOR=0 CFGUP=0 BATDET=1] src=FG
I (1846890) PowerService: FG-LRN QMAX_UP=1 RES_UP=0 VOK=1 | V=3737mV BELOW-FLAT(<3750:OCV2-zone)
W (1846900) PowerService: BMS regulation: treg=0 vsys=0 iindpm=0 vindpm=1 safety=0 wd=0
I (1847240) Orchestrator: sensor_data: temp=26.5 hum=56.2 pm25=-1.0 co2=339 tvoc_raw=30991 nox_raw=15733 pres=973.4
I (1847250) Orchestrator: display update done
I (1849080) Orchestrator: sensor_data: temp=26.5 hum=56.4 pm25=-1.0 co2=339 tvoc_raw=30991 nox_raw=15733 pres=973.4
I (1849090) Orchestrator: display update done
I (1850080) Orchestrator: sensor_data: temp=26.5 hum=56.5 pm25=-1.0 co2=338 tvoc_raw=30991 nox_raw=15733 pres=973.4
I (1850090) Orchestrator: display update done
I (1851080) Orchestrator: sensor_data: temp=26.6 hum=56.6 pm25=-1.0 co2=338 tvoc_raw=30991 nox_raw=15733 pres=973.4
I (1851090) Orchestrator: display update done
I (1852080) Orchestrator: sensor_data: temp=26.5 hum=56.7 pm25=-1.0 co2=338 tvoc_raw=30991 nox_raw=15733 pres=973.4
I (1852090) Orchestrator: display update done
I (1853080) Orchestrator: sensor_data: temp=26.5 hum=56.6 pm25=-1.0 co2=338 tvoc_raw=30991 nox_raw=15733 pres=973.4
I (1853090) Orchestrator: display update done
I (1854080) Orchestrator: sensor_data: temp=26.6 hum=56.5 pm25=-1.0 co2=338 tvoc_raw=30991 nox_raw=15733 pres=973.4
I (1854090) Orchestrator: display update done
I (1855080) Orchestrator: sensor_data: temp=26.6 hum=56.4 pm25=-1.0 co2=339 tvoc_raw=30991 nox_raw=15733 pres=973.4
I (1855090) Orchestrator: display update done
I (1856080) Orchestrator: sensor_data: temp=26.6 hum=56.4 pm25=-1.0 co2=339 tvoc_raw=30991 nox_raw=15733 pres=973.4
I (1856090) Orchestrator: display update done
I (1856920) PowerService: BMS  chg=FastCharge en=1 chg_dis=0 src=UnknownAdapter vbus=4.63V ibus=686mA ibat=+760mA vsys=3781mV vpmid=4589mV tdie=34°C
I (1856920) PowerService: FG   SOC=28% V=3.737V I=+748mA P=+2795mW rem=618/2279mAh T=31.2°C [FC=0 CHG=1 DSG=0 OCV=1 ITPOR=0 CFGUP=0 BATDET=1] src=FG
I (1856930) PowerService: FG-LRN QMAX_UP=1 RES_UP=0 VOK=1 | V=3737mV BELOW-FLAT(<3750:OCV2-zone)
W (1856940) PowerService: BMS regulation: treg=0 vsys=0 iindpm=0 vindpm=1 safety=0 wd=0
I (1857080) Orchestrator: sensor_data: temp=26.6 hum=56.4 pm25=-1.0 co2=339 tvoc_raw=30991 nox_raw=15733 pres=973.4
I (1857090) Orchestrator: display update done
I (1859440) Orchestrator: sensor_data: temp=26.6 hum=56.5 pm25=-1.0 co2=339 tvoc_raw=30991 nox_raw=15733 pres=973.4
I (1859450) Orchestrator: display update done
I (1860440) Orchestrator: sensor_data: temp=26.6 hum=56.4 pm25=-1.0 co2=339 tvoc_raw=30991 nox_raw=15733 pres=-1.0
I (1860440) Orchestrator: display update done
I (1861440) Orchestrator: sensor_data: temp=26.6 hum=56.3 pm25=-1.0 co2=339 tvoc_raw=30991 nox_raw=15733 pres=973.4
I (1861450) Orchestrator: display update done
I (1862440) Orchestrator: sensor_data: temp=26.6 hum=56.3 pm25=-1.0 co2=339 tvoc_raw=30991 nox_raw=15733 pres=973.4
I (1862450) Orchestrator: display update done
I (1863440) Orchestrator: sensor_data: temp=26.6 hum=56.4 pm25=-1.0 co2=339 tvoc_raw=30991 nox_raw=15733 pres=973.4
I (1863450) Orchestrator: display update done
I (1864440) Orchestrator: sensor_data: temp=26.6 hum=56.5 pm25=-1.0 co2=339 tvoc_raw=30991 nox_raw=15733 pres=973.4
I (1864450) Orchestrator: display update done
I (1865440) Orchestrator: sensor_data: temp=26.6 hum=56.6 pm25=-1.0 co2=339 tvoc_raw=30991 nox_raw=15733 pres=973.4
I (1865450) Orchestrator: display update done
I (1866440) Orchestrator: sensor_data: temp=26.6 hum=56.6 pm25=-1.0 co2=339 tvoc_raw=30991 nox_raw=15733 pres=973.4
I (1866450) Orchestrator: display update done
I (1867080) PowerService: BMS  chg=FastCharge en=1 chg_dis=0 src=UnknownAdapter vbus=4.63V ibus=676mA ibat=+748mA vsys=3779mV vpmid=4589mV tdie=34°C
I (1867080) PowerService: FG   SOC=28% V=3.737V I=+747mA P=+2792mW rem=620/2280mAh T=31.2°C [FC=0 CHG=1 DSG=0 OCV=1 ITPOR=0 CFGUP=0 BATDET=1] src=FG
I (1867100) PowerService: FG-LRN QMAX_UP=1 RES_UP=0 VOK=1 | V=3737mV BELOW-FLAT(<3750:OCV2-zone)
W (1867110) PowerService: BMS regulation: treg=0 vsys=0 iindpm=0 vindpm=1 safety=0 wd=0
I (1867440) Orchestrator: sensor_data: temp=26.6 hum=56.6 pm25=-1.0 co2=339 tvoc_raw=30991 nox_raw=15733 pres=973.4
I (1867450) Orchestrator: display update done
I (1868440) Orchestrator: sensor_data: temp=26.6 hum=56.6 pm25=-1.0 co2=339 tvoc_raw=30991 nox_raw=15733 pres=973.4
I (1868450) Orchestrator: display update done
I (1869440) Orchestrator: sensor_data: temp=26.6 hum=56.6 pm25=-1.0 co2=339 tvoc_raw=30991 nox_raw=15733 pres=973.4
I (1869450) Orchestrator: display update done
I (1870440) Orchestrator: sensor_data: temp=26.7 hum=56.6 pm25=-1.0 co2=339 tvoc_raw=30991 nox_raw=15733 pres=973.4
I (1870450) Orchestrator: display update done
I (1871440) Orchestrator: sensor_data: temp=26.7 hum=56.6 pm25=-1.0 co2=339 tvoc_raw=30991 nox_raw=15733 pres=973.4
I (1871450) Orchestrator: display update done
I (1872440) Orchestrator: sensor_data: temp=26.6 hum=56.6 pm25=-1.0 co2=339 tvoc_raw=30991 nox_raw=15733 pres=973.4
I (1872450) Orchestrator: display update done
I (1873440) Orchestrator: sensor_data: temp=26.7 hum=56.7 pm25=-1.0 co2=339 tvoc_raw=30991 nox_raw=15733 pres=973.4
I (1873450) Orchestrator: display update done
I (1874440) Orchestrator: sensor_data: temp=26.7 hum=56.7 pm25=-1.0 co2=339 tvoc_raw=30991 nox_raw=15733 pres=973.4
I (1874450) Orchestrator: display update done
I (1875440) Orchestrator: sensor_data: temp=26.7 hum=56.7 pm25=-1.0 co2=339 tvoc_raw=30991 nox_raw=15733 pres=973.4
I (1875450) Orchestrator: display update done
I (1876440) Orchestrator: sensor_data: temp=26.7 hum=56.7 pm25=-1.0 co2=339 tvoc_raw=30991 nox_raw=15733 pres=973.4
I (1876450) Orchestrator: display update done
I (1877120) PowerService: BMS  chg=FastCharge en=1 chg_dis=0 src=UnknownAdapter vbus=4.63V ibus=674mA ibat=+748mA vsys=3779mV vpmid=4589mV tdie=34°C
I (1877120) PowerService: FG   SOC=28% V=3.738V I=+747mA P=+2792mW rem=622/2280mAh T=31.2°C [FC=0 CHG=1 DSG=0 OCV=1 ITPOR=0 CFGUP=0 BATDET=1] src=FG
I (1877140) PowerService: FG-LRN QMAX_UP=1 RES_UP=0 VOK=1 | V=3738mV BELOW-FLAT(<3750:OCV2-zone)
W (1877150) PowerService: BMS regulation: treg=0 vsys=0 iindpm=0 vindpm=1 safety=0 wd=0
I (1877440) Orchestrator: sensor_data: temp=26.7 hum=56.7 pm25=-1.0 co2=339 tvoc_raw=30991 nox_raw=15733 pres=973.4
I (1877450) Orchestrator: display update done
I (1878440) Orchestrator: sensor_data: temp=26.7 hum=56.7 pm25=-1.0 co2=339 tvoc_raw=30991 nox_raw=15733 pres=973.4
I (1878450) Orchestrator: display update done
I (1879440) Orchestrator: sensor_data: temp=26.7 hum=56.7 pm25=-1.0 co2=339 tvoc_raw=30991 nox_raw=15733 pres=973.4
I (1879450) Orchestrator: display update done
I (1881800) Orchestrator: sensor_data: temp=26.7 hum=56.7 pm25=-1.0 co2=339 tvoc_raw=30991 nox_raw=15733 pres=973.4
I (1881810) Orchestrator: display update done
I (1882800) Orchestrator: sensor_data: temp=26.7 hum=56.6 pm25=-1.0 co2=338 tvoc_raw=30991 nox_raw=15733 pres=973.4
I (1882810) Orchestrator: display update done
I (1883800) Orchestrator: sensor_data: temp=26.7 hum=56.6 pm25=-1.0 co2=338 tvoc_raw=30991 nox_raw=15733 pres=973.4
I (1883810) Orchestrator: display update done
I (1884800) Orchestrator: sensor_data: temp=26.7 hum=56.5 pm25=-1.0 co2=338 tvoc_raw=30991 nox_raw=15733 pres=973.4
I (1884810) Orchestrator: display update done
I (1885800) Orchestrator: sensor_data: temp=26.7 hum=56.5 pm25=-1.0 co2=338 tvoc_raw=30991 nox_raw=15733 pres=973.4
I (1885810) Orchestrator: display update done
I (1886800) Orchestrator: sensor_data: temp=26.7 hum=56.5 pm25=-1.0 co2=338 tvoc_raw=30991 nox_raw=15733 pres=973.4
I (1886810) Orchestrator: display update done
I (1887440) PowerService: BMS  chg=FastCharge en=1 chg_dis=0 src=UnknownAdapter vbus=4.63V ibus=676mA ibat=+748mA vsys=3781mV vpmid=4589mV tdie=34°C
I (1887440) PowerService: FG   SOC=28% V=3.738V I=+747mA P=+2792mW rem=624/2280mAh T=31.2°C [FC=0 CHG=1 DSG=0 OCV=1 ITPOR=0 CFGUP=0 BATDET=1] src=FG
I (1887460) PowerService: FG-LRN QMAX_UP=1 RES_UP=0 VOK=1 | V=3738mV BELOW-FLAT(<3750:OCV2-zone)
W (1887470) PowerService: BMS regulation: treg=0 vsys=0 iindpm=0 vindpm=1 safety=0 wd=0
I (1887800) Orchestrator: sensor_data: temp=26.7 hum=56.5 pm25=-1.0 co2=338 tvoc_raw=30991 nox_raw=15733 pres=973.4
I (1887810) Orchestrator: display update done
I (1888800) Orchestrator: sensor_data: temp=26.7 hum=56.5 pm25=-1.0 co2=337 tvoc_raw=30991 nox_raw=15733 pres=973.4
I (1888810) Orchestrator: display update done
I (1889800) Orchestrator: sensor_data: temp=26.7 hum=56.5 pm25=-1.0 co2=337 tvoc_raw=30991 nox_raw=15733 pres=973.4
I (1889810) Orchestrator: display update done
I (1890800) Orchestrator: sensor_data: temp=26.7 hum=56.4 pm25=-1.0 co2=338 tvoc_raw=30991 nox_raw=15733 pres=973.4
I (1890810) Orchestrator: display update done
I (1891440) Lis2dh12: MOTION src=0x65  x=+14 mg  y=+38 mg  z=+1057 mg
I (1891800) Orchestrator: sensor_data: temp=26.7 hum=56.4 pm25=-1.0 co2=338 tvoc_raw=30991 nox_raw=15733 pres=973.4
I (1891810) Orchestrator: display update done
I (1892800) Orchestrator: sensor_data: temp=26.7 hum=56.3 pm25=-1.0 co2=338 tvoc_raw=30991 nox_raw=15733 pres=973.4
I (1892810) Orchestrator: display update done
I (1893800) Orchestrator: sensor_data: temp=26.7 hum=56.4 pm25=-1.0 co2=338 tvoc_raw=30991 nox_raw=15733 pres=973.4
I (1893810) Orchestrator: display update done
I (1894800) Orchestrator: sensor_data: temp=26.7 hum=56.4 pm25=-1.0 co2=338 tvoc_raw=30991 nox_raw=15733 pres=973.4
I (1894810) Orchestrator: display update done
I (1895800) Orchestrator: sensor_data: temp=26.7 hum=56.5 pm25=-1.0 co2=338 tvoc_raw=30991 nox_raw=15733 pres=973.4
I (1895810) Orchestrator: display update done
I (1896800) Orchestrator: sensor_data: temp=26.7 hum=56.7 pm25=-1.0 co2=337 tvoc_raw=30991 nox_raw=15733 pres=973.4
I (1896810) Orchestrator: display update done
I (1897480) PowerService: BMS  chg=FastCharge en=1 chg_dis=0 src=UnknownAdapter vbus=4.63V ibus=674mA ibat=+748mA vsys=3781mV vpmid=4589mV tdie=34°C
I (1897480) PowerService: FG   SOC=28% V=3.739V I=+747mA P=+2793mW rem=626/2280mAh T=31.4°C [FC=0 CHG=1 DSG=0 OCV=1 ITPOR=0 CFGUP=0 BATDET=1] src=FG
I (1897500) PowerService: FG-LRN QMAX_UP=1 RES_UP=0 VOK=1 | V=3739mV BELOW-FLAT(<3750:OCV2-zone)
W (1897510) PowerService: BMS regulation: treg=0 vsys=0 iindpm=0 vindpm=1 safety=0 wd=0
I (1897800) Orchestrator: sensor_data: temp=26.6 hum=56.9 pm25=-1.0 co2=337 tvoc_raw=30991 nox_raw=15733 pres=973.4
I (1897810) Orchestrator: display update done
I (1898800) Orchestrator: sensor_data: temp=26.7 hum=57.0 pm25=-1.0 co2=337 tvoc_raw=30991 nox_raw=15733 pres=973.4
I (1898810) Orchestrator: display update done
I (1899800) Orchestrator: sensor_data: temp=26.7 hum=57.1 pm25=-1.0 co2=337 tvoc_raw=30991 nox_raw=15733 pres=973.4
I (1899810) Orchestrator: display update done
I (1900800) Orchestrator: sensor_data: temp=26.7 hum=57.1 pm25=-1.0 co2=337 tvoc_raw=30991 nox_raw=15733 pres=973.4
I (1900810) Orchestrator: display update done
I (1901800) Orchestrator: sensor_data: temp=26.7 hum=57.1 pm25=-1.0 co2=337 tvoc_raw=30991 nox_raw=15733 pres=973.4
I (1901810) Orchestrator: display update done
I (1904160) Orchestrator: sensor_data: temp=26.7 hum=57.2 pm25=-1.0 co2=337 tvoc_raw=30991 nox_raw=15733 pres=973.4
I (1904170) Orchestrator: display update done
I (1905160) Orchestrator: sensor_data: temp=26.6 hum=57.4 pm25=-1.0 co2=337 tvoc_raw=30991 nox_raw=15733 pres=973.4
I (1905170) Orchestrator: display update done
I (1906160) Orchestrator: sensor_data: temp=26.7 hum=57.5 pm25=-1.0 co2=337 tvoc_raw=30991 nox_raw=15733 pres=973.4
I (1906170) Orchestrator: display update done
I (1907160) Orchestrator: sensor_data: temp=26.7 hum=57.6 pm25=-1.0 co2=337 tvoc_raw=30991 nox_raw=15733 pres=973.4
I (1907170) Orchestrator: display update done
I (1907800) PowerService: BMS  chg=FastCharge en=1 chg_dis=0 src=UnknownAdapter vbus=4.63V ibus=674mA ibat=+748mA vsys=3781mV vpmid=4589mV tdie=34°C
I (1907800) PowerService: FG   SOC=28% V=3.742V I=+747mA P=+2795mW rem=628/2281mAh T=31.2°C [FC=0 CHG=1 DSG=0 OCV=1 ITPOR=0 CFGUP=0 BATDET=1] src=FG
I (1907820) PowerService: FG-LRN QMAX_UP=1 RES_UP=0 VOK=1 | V=3742mV BELOW-FLAT(<3750:OCV2-zone)
W (1907830) PowerService: BMS regulation: treg=0 vsys=0 iindpm=0 vindpm=1 safety=0 wd=0
I (1908160) Orchestrator: sensor_data: temp=26.7 hum=57.6 pm25=-1.0 co2=337 tvoc_raw=30991 nox_raw=15733 pres=973.4
I (1908170) Orchestrator: display update done
I (1909160) Orchestrator: sensor_data: temp=26.7 hum=57.6 pm25=-1.0 co2=337 tvoc_raw=30991 nox_raw=15733 pres=973.4
I (1909170) Orchestrator: display update done
I (1910160) Orchestrator: sensor_data: temp=26.7 hum=57.5 pm25=-1.0 co2=337 tvoc_raw=30991 nox_raw=15733 pres=973.4
I (1910170) Orchestrator: display update done
I (1911160) Orchestrator: sensor_data: temp=26.7 hum=57.4 pm25=-1.0 co2=337 tvoc_raw=30991 nox_raw=15733 pres=973.4
I (1911170) Orchestrator: display update done
I (1912160) Orchestrator: sensor_data: temp=26.6 hum=57.3 pm25=-1.0 co2=337 tvoc_raw=30991 nox_raw=15733 pres=973.4
I (1912170) Orchestrator: display update done
I (1913160) Orchestrator: sensor_data: temp=26.7 hum=57.3 pm25=-1.0 co2=337 tvoc_raw=30991 nox_raw=15733 pres=973.4
I (1913170) Orchestrator: display update done
I (1914160) Orchestrator: sensor_data: temp=26.7 hum=57.2 pm25=-1.0 co2=337 tvoc_raw=30991 nox_raw=15733 pres=973.4
I (1914170) Orchestrator: display update done
I (1915160) Orchestrator: sensor_data: temp=26.7 hum=57.2 pm25=-1.0 co2=337 tvoc_raw=30991 nox_raw=15733 pres=973.4
I (1915170) Orchestrator: display update done
I (1916160) Orchestrator: sensor_data: temp=26.7 hum=57.2 pm25=-1.0 co2=337 tvoc_raw=30991 nox_raw=15733 pres=973.4
I (1916170) Orchestrator: display update done
I (1917160) Orchestrator: sensor_data: temp=26.7 hum=57.2 pm25=-1.0 co2=336 tvoc_raw=30991 nox_raw=15733 pres=973.4
I (1917170) Orchestrator: display update done
I (1917840) PowerService: BMS  chg=FastCharge en=1 chg_dis=0 src=UnknownAdapter vbus=4.63V ibus=674mA ibat=+748mA vsys=3782mV vpmid=4589mV tdie=34°C
I (1917840) PowerService: FG   SOC=28% V=3.743V I=+746mA P=+2792mW rem=630/2281mAh T=31.4°C [FC=0 CHG=1 DSG=0 OCV=1 ITPOR=0 CFGUP=0 BATDET=1] src=FG
I (1917860) PowerService: FG-LRN QMAX_UP=1 RES_UP=0 VOK=1 | V=3743mV BELOW-FLAT(<3750:OCV2-zone)
W (1917870) PowerService: BMS regulation: treg=0 vsys=0 iindpm=0 vindpm=1 safety=0 wd=0
I (1918160) Orchestrator: sensor_data: temp=26.7 hum=57.3 pm25=-1.0 co2=336 tvoc_raw=30991 nox_raw=15733 pres=973.4
I (1918170) Orchestrator: display update done
I (1919160) Orchestrator: sensor_data: temp=26.7 hum=57.4 pm25=-1.0 co2=336 tvoc_raw=30991 nox_raw=15733 pres=973.4
I (1919170) Orchestrator: display update done
I (1920160) Orchestrator: sensor_data: temp=26.7 hum=57.4 pm25=-1.0 co2=336 tvoc_raw=30991 nox_raw=15733 pres=973.4
I (1920170) Orchestrator: display update done
I (1921160) Orchestrator: sensor_data: temp=26.7 hum=57.4 pm25=-1.0 co2=337 tvoc_raw=30991 nox_raw=15733 pres=973.4
I (1921170) Orchestrator: display update done
I (1922160) Orchestrator: sensor_data: temp=26.7 hum=57.4 pm25=-1.0 co2=337 tvoc_raw=30991 nox_raw=15733 pres=973.4
I (1922170) Orchestrator: display update done
I (1923160) Orchestrator: sensor_data: temp=26.7 hum=57.4 pm25=-1.0 co2=336 tvoc_raw=30991 nox_raw=15733 pres=973.4
I (1923170) Orchestrator: display update done
I (1924160) Orchestrator: sensor_data: temp=26.7 hum=57.4 pm25=-1.0 co2=336 tvoc_raw=30991 nox_raw=15733 pres=973.4
I (1924170) Orchestrator: display update done
I (1926520) Orchestrator: sensor_data: temp=26.7 hum=57.5 pm25=-1.0 co2=336 tvoc_raw=30991 nox_raw=15733 pres=973.4
I (1926530) Orchestrator: display update done
I (1927520) Orchestrator: sensor_data: temp=26.7 hum=57.5 pm25=-1.0 co2=336 tvoc_raw=30991 nox_raw=15733 pres=973.4
I (1927530) Orchestrator: display update done
I (1928160) PowerService: BMS  chg=FastCharge en=1 chg_dis=0 src=UnknownAdapter vbus=4.64V ibus=674mA ibat=+748mA vsys=3782mV vpmid=4589mV tdie=34°C
I (1928160) PowerService: FG   SOC=28% V=3.741V I=+746mA P=+2791mW rem=633/2281mAh T=31.4°C [FC=0 CHG=1 DSG=0 OCV=1 ITPOR=0 CFGUP=0 BATDET=1] src=FG
I (1928180) PowerService: FG-LRN QMAX_UP=1 RES_UP=0 VOK=1 | V=3741mV BELOW-FLAT(<3750:OCV2-zone)
W (1928190) PowerService: BMS regulation: treg=0 vsys=0 iindpm=0 vindpm=1 safety=0 wd=0
I (1928520) Orchestrator: sensor_data: temp=26.7 hum=57.5 pm25=-1.0 co2=336 tvoc_raw=30991 nox_raw=15733 pres=973.4
I (1928530) Orchestrator: display update done
I (1929520) Orchestrator: sensor_data: temp=26.7 hum=57.5 pm25=-1.0 co2=336 tvoc_raw=30991 nox_raw=15733 pres=973.4
I (1929530) Orchestrator: display update done
I (1930520) Orchestrator: sensor_data: temp=26.7 hum=57.5 pm25=-1.0 co2=336 tvoc_raw=30991 nox_raw=15733 pres=973.4
I (1930530) Orchestrator: display update done
I (1931520) Orchestrator: sensor_data: temp=26.7 hum=57.5 pm25=-1.0 co2=336 tvoc_raw=30991 nox_raw=15733 pres=973.4
I (1931530) Orchestrator: display update done
I (1932520) Orchestrator: sensor_data: temp=26.7 hum=57.4 pm25=-1.0 co2=336 tvoc_raw=30991 nox_raw=15733 pres=973.4
I (1932530) Orchestrator: display update done
I (1933520) Orchestrator: sensor_data: temp=26.7 hum=57.3 pm25=-1.0 co2=336 tvoc_raw=30991 nox_raw=15733 pres=973.4
I (1933530) Orchestrator: display update done
I (1934520) Orchestrator: sensor_data: temp=26.7 hum=57.2 pm25=-1.0 co2=336 tvoc_raw=30991 nox_raw=15733 pres=973.4
I (1934530) Orchestrator: display update done
I (1935160) Lis2dh12: MOTION src=0x65  x=+24 mg  y=+36 mg  z=+1055 mg
I (1935520) Orchestrator: sensor_data: temp=26.7 hum=57.2 pm25=-1.0 co2=336 tvoc_raw=30991 nox_raw=15733 pres=973.4
I (1935530) Orchestrator: display update done
I (1936520) Orchestrator: sensor_data: temp=26.8 hum=57.1 pm25=-1.0 co2=336 tvoc_raw=30991 nox_raw=15733 pres=973.4
I (1936530) Orchestrator: display update done
I (1937520) Orchestrator: sensor_data: temp=26.8 hum=57.1 pm25=-1.0 co2=336 tvoc_raw=30991 nox_raw=15733 pres=973.4
I (1937530) Orchestrator: display update done
I (1938160) Lis2dh12: MOTION src=0x65  x=+14 mg  y=+30 mg  z=+1027 mg
I (1938200) PowerService: BMS  chg=FastCharge en=1 chg_dis=0 src=UnknownAdapter vbus=4.63V ibus=674mA ibat=+748mA vsys=3784mV vpmid=4589mV tdie=35°C
I (1938200) PowerService: FG   SOC=28% V=3.742V I=+746mA P=+2792mW rem=635/2281mAh T=31.4°C [FC=0 CHG=1 DSG=0 OCV=1 ITPOR=0 CFGUP=0 BATDET=1] src=FG
I (1938220) PowerService: FG-LRN QMAX_UP=1 RES_UP=0 VOK=1 | V=3742mV BELOW-FLAT(<3750:OCV2-zone)
W (1938230) PowerService: BMS regulation: treg=0 vsys=0 iindpm=0 vindpm=1 safety=0 wd=0
I (1938520) Orchestrator: sensor_data: temp=26.8 hum=57.1 pm25=-1.0 co2=336 tvoc_raw=30991 nox_raw=15733 pres=973.4
I (1938530) Orchestrator: display update done
I (1939520) Orchestrator: sensor_data: temp=26.8 hum=57.1 pm25=-1.0 co2=336 tvoc_raw=30991 nox_raw=15733 pres=973.4
I (1939530) Orchestrator: display update done
I (1940520) Orchestrator: sensor_data: temp=26.8 hum=57.1 pm25=-1.0 co2=336 tvoc_raw=30991 nox_raw=15733 pres=973.4
I (1940530) Orchestrator: display update done
I (1941520) Orchestrator: sensor_data: temp=26.8 hum=57.0 pm25=-1.0 co2=336 tvoc_raw=30991 nox_raw=15733 pres=973.4
I (1941530) Orchestrator: display update done
I (1942520) Orchestrator: sensor_data: temp=26.8 hum=57.1 pm25=-1.0 co2=336 tvoc_raw=30991 nox_raw=15733 pres=973.4
I (1942530) Orchestrator: display update done
I (1943520) Orchestrator: sensor_data: temp=26.8 hum=57.1 pm25=-1.0 co2=336 tvoc_raw=30991 nox_raw=15733 pres=973.4
I (1943530) Orchestrator: display update done
I (1944520) Orchestrator: sensor_data: temp=26.8 hum=57.1 pm25=-1.0 co2=336 tvoc_raw=30991 nox_raw=15733 pres=973.4
I (1944530) Orchestrator: display update done
I (1945520) Orchestrator: sensor_data: temp=26.8 hum=57.1 pm25=-1.0 co2=336 tvoc_raw=30991 nox_raw=15733 pres=973.4
I (1945530) Orchestrator: display update done
I (1946520) Orchestrator: sensor_data: temp=26.8 hum=57.1 pm25=-1.0 co2=336 tvoc_raw=30991 nox_raw=15733 pres=973.4
I (1946520) Orchestrator: display update done
I (1948860) PowerService: BMS  chg=FastCharge en=1 chg_dis=0 src=UnknownAdapter vbus=4.63V ibus=674mA ibat=+748mA vsys=3784mV vpmid=4589mV tdie=34°C
I (1948860) PowerService: FG   SOC=28% V=3.743V I=+740mA P=+2770mW rem=637/2282mAh T=31.4°C [FC=0 CHG=1 DSG=0 OCV=1 ITPOR=0 CFGUP=0 BATDET=1] src=FG
I (1948870) PowerService: FG-LRN QMAX_UP=1 RES_UP=0 VOK=1 | V=3743mV BELOW-FLAT(<3750:OCV2-zone)
W (1948880) PowerService: BMS regulation: treg=0 vsys=0 iindpm=0 vindpm=1 safety=0 wd=0
I (1948890) Orchestrator: sensor_data: temp=26.8 hum=57.2 pm25=-1.0 co2=336 tvoc_raw=30991 nox_raw=15733 pres=973.4
I (1948910) Orchestrator: display update done
I (1949870) Orchestrator: sensor_data: temp=26.8 hum=57.2 pm25=-1.0 co2=336 tvoc_raw=30991 nox_raw=15733 pres=973.4
I (1949880) Orchestrator: display update done
I (1950870) Orchestrator: sensor_data: temp=26.8 hum=57.3 pm25=-1.0 co2=336 tvoc_raw=30991 nox_raw=15733 pres=973.4
I (1950880) Orchestrator: display update done
I (1951870) Orchestrator: sensor_data: temp=26.8 hum=57.3 pm25=-1.0 co2=336 tvoc_raw=30991 nox_raw=15733 pres=973.4
I (1951880) Orchestrator: display update done
I (1952870) Orchestrator: sensor_data: temp=26.8 hum=57.3 pm25=-1.0 co2=336 tvoc_raw=30991 nox_raw=15733 pres=973.4
I (1952880) Orchestrator: display update done
I (1953870) Orchestrator: sensor_data: temp=26.8 hum=57.3 pm25=-1.0 co2=336 tvoc_raw=30991 nox_raw=15733 pres=973.4
I (1953880) Orchestrator: display update done
I (1954870) Orchestrator: sensor_data: temp=26.8 hum=57.3 pm25=-1.0 co2=336 tvoc_raw=30991 nox_raw=15733 pres=973.4
I (1954880) Orchestrator: display update done
I (1955870) Orchestrator: sensor_data: temp=26.8 hum=57.3 pm25=-1.0 co2=336 tvoc_raw=30991 nox_raw=15733 pres=973.4
I (1955880) Orchestrator: display update done
I (1956870) Orchestrator: sensor_data: temp=26.8 hum=57.2 pm25=-1.0 co2=337 tvoc_raw=30991 nox_raw=15733 pres=973.4
I (1956880) Orchestrator: display update done
I (1957870) Orchestrator: sensor_data: temp=26.8 hum=57.2 pm25=-1.0 co2=337 tvoc_raw=30991 nox_raw=15733 pres=973.4
I (1957880) Orchestrator: display update done
I (1958870) Orchestrator: sensor_data: temp=26.8 hum=57.2 pm25=-1.0 co2=337 tvoc_raw=30991 nox_raw=15733 pres=973.4
I (1958880) Orchestrator: display update done
I (1959510) PowerService: BMS  chg=FastCharge en=1 chg_dis=0 src=UnknownAdapter vbus=4.64V ibus=684mA ibat=+760mA vsys=3786mV vpmid=4589mV tdie=35°C
I (1959510) PowerService: FG   SOC=29% V=3.743V I=+745mA P=+2789mW rem=639/2282mAh T=31.4°C [FC=0 CHG=1 DSG=0 OCV=1 ITPOR=0 CFGUP=0 BATDET=1] src=FG
I (1959520) PowerService: FG-LRN QMAX_UP=1 RES_UP=0 VOK=1 | V=3743mV BELOW-FLAT(<3750:OCV2-zone)
W (1959530) PowerService: BMS regulation: treg=0 vsys=0 iindpm=0 vindpm=1 safety=0 wd=0
I (1959870) Orchestrator: sensor_data: temp=26.8 hum=57.2 pm25=-1.0 co2=337 tvoc_raw=30991 nox_raw=15733 pres=973.4
I (1959880) Orchestrator: display update done
I (1961710) Orchestrator: sensor_data: temp=26.8 hum=57.3 pm25=-1.0 co2=337 tvoc_raw=30991 nox_raw=15733 pres=973.4
I (1961720) Orchestrator: display update done
I (1962710) Orchestrator: sensor_data: temp=26.8 hum=57.3 pm25=-1.0 co2=337 tvoc_raw=30991 nox_raw=15733 pres=973.4
I (1962720) Orchestrator: display update done
I (1963710) Orchestrator: sensor_data: temp=26.8 hum=57.4 pm25=-1.0 co2=337 tvoc_raw=30991 nox_raw=15733 pres=973.4
I (1963720) Orchestrator: display update done
I (1964710) Orchestrator: sensor_data: temp=26.8 hum=57.5 pm25=-1.0 co2=337 tvoc_raw=30991 nox_raw=15733 pres=973.4
I (1964720) Orchestrator: display update done
I (1965710) Orchestrator: sensor_data: temp=26.8 hum=57.6 pm25=-1.0 co2=337 tvoc_raw=30991 nox_raw=15733 pres=973.4
I (1965720) Orchestrator: display update done
I (1966710) Orchestrator: sensor_data: temp=26.8 hum=57.7 pm25=-1.0 co2=337 tvoc_raw=30991 nox_raw=15733 pres=973.4
I (1966720) Orchestrator: display update done
I (1967710) Orchestrator: sensor_data: temp=26.8 hum=57.7 pm25=-1.0 co2=338 tvoc_raw=30991 nox_raw=15733 pres=973.4
I (1967720) Orchestrator: display update done
I (1968710) Orchestrator: sensor_data: temp=26.8 hum=57.5 pm25=-1.0 co2=338 tvoc_raw=30991 nox_raw=15733 pres=973.4
I (1968720) Orchestrator: display update done
I (1969550) PowerService: BMS  chg=FastCharge en=1 chg_dis=0 src=UnknownAdapter vbus=4.63V ibus=686mA ibat=+760mA vsys=3788mV vpmid=4589mV tdie=34°C
I (1969550) PowerService: FG   SOC=29% V=3.744V I=+745mA P=+2789mW rem=641/2282mAh T=31.5°C [FC=0 CHG=1 DSG=0 OCV=1 ITPOR=0 CFGUP=0 BATDET=1] src=FG
I (1969560) PowerService: FG-LRN QMAX_UP=1 RES_UP=0 VOK=1 | V=3744mV BELOW-FLAT(<3750:OCV2-zone)
W (1969570) PowerService: BMS regulation: treg=0 vsys=0 iindpm=0 vindpm=1 safety=0 wd=0
I (1969710) Orchestrator: sensor_data: temp=26.8 hum=57.5 pm25=-1.0 co2=338 tvoc_raw=30991 nox_raw=15733 pres=973.4
I (1969720) Orchestrator: display update done
I (1972070) Orchestrator: sensor_data: temp=26.9 hum=57.2 pm25=-1.0 co2=338 tvoc_raw=30991 nox_raw=15733 pres=973.4
I (1972080) Orchestrator: display update done
I (1973070) Orchestrator: sensor_data: temp=26.9 hum=57.0 pm25=-1.0 co2=338 tvoc_raw=30991 nox_raw=15733 pres=973.4
I (1973080) Orchestrator: display update done
I (1974070) Orchestrator: sensor_data: temp=26.9 hum=56.8 pm25=-1.0 co2=338 tvoc_raw=30991 nox_raw=15733 pres=973.4
I (1974080) Orchestrator: display update done
I (1975070) Orchestrator: sensor_data: temp=26.9 hum=56.6 pm25=-1.0 co2=339 tvoc_raw=30991 nox_raw=15733 pres=973.4
I (1975080) Orchestrator: display update done
I (1976070) Orchestrator: sensor_data: temp=26.8 hum=56.4 pm25=-1.0 co2=339 tvoc_raw=30991 nox_raw=15733 pres=973.4
I (1976080) Orchestrator: display update done
I (1977070) Orchestrator: sensor_data: temp=26.8 hum=56.3 pm25=-1.0 co2=338 tvoc_raw=30991 nox_raw=15733 pres=973.4
I (1977080) Orchestrator: display update done
I (1978070) Orchestrator: sensor_data: temp=26.8 hum=56.1 pm25=-1.0 co2=338 tvoc_raw=30991 nox_raw=15733 pres=973.4
I (1978080) Orchestrator: display update done
I (1979070) Orchestrator: sensor_data: temp=26.8 hum=55.9 pm25=-1.0 co2=338 tvoc_raw=30991 nox_raw=15733 pres=973.4
I (1979080) Orchestrator: display update done
I (1979710) PowerService: BMS  chg=FastCharge en=1 chg_dis=0 src=UnknownAdapter vbus=4.63V ibus=676mA ibat=+744mA vsys=3784mV vpmid=4589mV tdie=35°C
I (1979710) PowerService: FG   SOC=29% V=3.748V I=+745mA P=+2792mW rem=643/2283mAh T=31.5°C [FC=0 CHG=1 DSG=0 OCV=1 ITPOR=0 CFGUP=0 BATDET=1] src=FG
I (1979730) PowerService: FG-LRN QMAX_UP=1 RES_UP=0 VOK=1 | V=3748mV BELOW-FLAT(<3750:OCV2-zone)
W (1979740) PowerService: BMS regulation: treg=0 vsys=0 iindpm=0 vindpm=1 safety=0 wd=0
I (1980070) Orchestrator: sensor_data: temp=26.8 hum=55.7 pm25=-1.0 co2=338 tvoc_raw=30991 nox_raw=15733 pres=973.4
I (1980080) Orchestrator: display update done
I (1981070) Orchestrator: sensor_data: temp=26.8 hum=55.5 pm25=-1.0 co2=339 tvoc_raw=30991 nox_raw=15733 pres=973.4
I (1981080) Orchestrator: display update done
I (1982070) Orchestrator: sensor_data: temp=26.8 hum=55.4 pm25=-1.0 co2=339 tvoc_raw=30991 nox_raw=15733 pres=973.4
I (1982080) Orchestrator: display update done
I (1983070) Orchestrator: sensor_data: temp=26.8 hum=55.4 pm25=-1.0 co2=338 tvoc_raw=30991 nox_raw=15733 pres=973.4
I (1983080) Orchestrator: display update done
I (1984070) Orchestrator: sensor_data: temp=26.8 hum=55.4 pm25=-1.0 co2=338 tvoc_raw=30991 nox_raw=15733 pres=973.4
I (1984080) Orchestrator: display update done
I (1985070) Orchestrator: sensor_data: temp=26.8 hum=55.5 pm25=-1.0 co2=338 tvoc_raw=30991 nox_raw=15733 pres=973.4
I (1985080) Orchestrator: display update done
I (1986070) Orchestrator: sensor_data: temp=26.8 hum=55.5 pm25=-1.0 co2=338 tvoc_raw=30991 nox_raw=15733 pres=973.4
I (1986080) Orchestrator: display update done
I (1987070) Orchestrator: sensor_data: temp=26.8 hum=55.5 pm25=-1.0 co2=338 tvoc_raw=30991 nox_raw=15733 pres=973.4
I (1987080) Orchestrator: display update done
I (1988070) Orchestrator: sensor_data: temp=26.8 hum=55.5 pm25=-1.0 co2=338 tvoc_raw=30991 nox_raw=15733 pres=973.4
I (1988080) Orchestrator: display update done
I (1989070) Orchestrator: sensor_data: temp=26.8 hum=55.4 pm25=-1.0 co2=338 tvoc_raw=30991 nox_raw=15733 pres=973.4
I (1989080) Orchestrator: display update done
I (1989750) PowerService: BMS  chg=FastCharge en=1 chg_dis=0 src=UnknownAdapter vbus=4.63V ibus=674mA ibat=+748mA vsys=3786mV vpmid=4589mV tdie=35°C
I (1989750) PowerService: FG   SOC=29% V=3.748V I=+745mA P=+2792mW rem=645/2283mAh T=31.5°C [FC=0 CHG=1 DSG=0 OCV=1 ITPOR=0 CFGUP=0 BATDET=1] src=FG
I (1989770) PowerService: FG-LRN QMAX_UP=1 RES_UP=0 VOK=1 | V=3748mV BELOW-FLAT(<3750:OCV2-zone)
W (1989780) PowerService: BMS regulation: treg=0 vsys=0 iindpm=0 vindpm=1 safety=0 wd=0
I (1990070) Orchestrator: sensor_data: temp=26.8 hum=55.3 pm25=-1.0 co2=338 tvoc_raw=30991 nox_raw=15733 pres=973.4
I (1990080) Orchestrator: display update done
I (1991070) Orchestrator: sensor_data: temp=26.8 hum=55.3 pm25=-1.0 co2=339 tvoc_raw=30991 nox_raw=15733 pres=973.4
I (1991080) Orchestrator: display update done
I (1992070) Orchestrator: sensor_data: temp=26.8 hum=55.2 pm25=-1.0 co2=339 tvoc_raw=30991 nox_raw=15733 pres=973.4
I (1992080) Orchestrator: display update done
I (1994430) Orchestrator: sensor_data: temp=26.8 hum=54.9 pm25=-1.0 co2=339 tvoc_raw=30991 nox_raw=15733 pres=973.4
I (1994440) Orchestrator: display update done
I (1995430) Orchestrator: sensor_data: temp=26.8 hum=54.8 pm25=-1.0 co2=339 tvoc_raw=30991 nox_raw=15733 pres=973.4
I (1995440) Orchestrator: display update done
I (1999790) PowerService: BMS  chg=FastCharge en=1 chg_dis=0 src=UnknownAdapter vbus=4.64V ibus=684mA ibat=+760mA vsys=3790mV vpmid=4589mV tdie=35°C
I (1999790) PowerService: FG   SOC=29% V=3.749V I=+752mA P=+2819mW rem=647/2283mAh T=31.5°C [FC=0 CHG=1 DSG=0 OCV=1 ITPOR=0 CFGUP=0 BATDET=1] src=FG
I (1999810) PowerService: FG-LRN QMAX_UP=1 RES_UP=0 VOK=1 | V=3749mV BELOW-FLAT(<3750:OCV2-zone)
W (1999810) PowerService: BMS regulation: treg=0 vsys=0 iindpm=0 vindpm=1 safety=0 wd=0
I (1999820) Orchestrator: sensor_data: temp=26.7 hum=54.9 pm25=-1.0 co2=340 tvoc_raw=30991 nox_raw=15733 pres=973.4
I (1999840) Orchestrator: display update done
I (2000800) Orchestrator: sensor_data: temp=26.7 hum=54.8 pm25=-1.0 co2=340 tvoc_raw=30991 nox_raw=15733 pres=-1.0
I (2000800) Orchestrator: display update done
I (2001800) Orchestrator: sensor_data: temp=26.7 hum=54.8 pm25=-1.0 co2=340 tvoc_raw=30991 nox_raw=15733 pres=973.4
I (2001810) Orchestrator: display update done
I (2002800) Orchestrator: sensor_data: temp=26.7 hum=54.7 pm25=-1.0 co2=340 tvoc_raw=30991 nox_raw=15733 pres=973.4
I (2002810) Orchestrator: display update done
I (2003800) Orchestrator: sensor_data: temp=26.7 hum=54.7 pm25=-1.0 co2=340 tvoc_raw=30991 nox_raw=15733 pres=973.4
I (2003810) Orchestrator: display update done
I (2004800) Orchestrator: sensor_data: temp=26.7 hum=54.5 pm25=-1.0 co2=340 tvoc_raw=30991 nox_raw=15733 pres=973.4
I (2004810) Orchestrator: display update done
I (2005800) Orchestrator: sensor_data: temp=26.7 hum=54.5 pm25=-1.0 co2=341 tvoc_raw=30991 nox_raw=15733 pres=973.4
I (2005810) Orchestrator: display update done
I (2006800) Orchestrator: sensor_data: temp=26.7 hum=54.5 pm25=-1.0 co2=341 tvoc_raw=30991 nox_raw=15733 pres=973.4
I (2006810) Orchestrator: display update done
I (2007800) Orchestrator: sensor_data: temp=26.7 hum=54.5 pm25=-1.0 co2=341 tvoc_raw=30991 nox_raw=15733 pres=973.4
I (2007810) Orchestrator: display update done
I (2008800) Orchestrator: sensor_data: temp=26.7 hum=54.3 pm25=-1.0 co2=341 tvoc_raw=30991 nox_raw=15733 pres=973.4
I (2008810) Orchestrator: display update done
I (2009800) Orchestrator: sensor_data: temp=26.7 hum=54.2 pm25=-1.0 co2=342 tvoc_raw=30991 nox_raw=15733 pres=973.4
I (2009810) Orchestrator: display update done
I (2010440) PowerService: BMS  chg=FastCharge en=1 chg_dis=0 src=UnknownAdapter vbus=4.63V ibus=686mA ibat=+760mA vsys=3790mV vpmid=4589mV tdie=35°C
I (2010440) PowerService: FG   SOC=29% V=3.747V I=+745mA P=+2792mW rem=650/2283mAh T=31.5°C [FC=0 CHG=1 DSG=0 OCV=1 ITPOR=0 CFGUP=0 BATDET=1] src=FG
I (2010450) PowerService: FG-LRN QMAX_UP=1 RES_UP=0 VOK=1 | V=3747mV BELOW-FLAT(<3750:OCV2-zone)
W (2010460) PowerService: BMS regulation: treg=0 vsys=0 iindpm=0 vindpm=1 safety=0 wd=0
I (2010800) Orchestrator: sensor_data: temp=26.7 hum=54.1 pm25=-1.0 co2=342 tvoc_raw=30991 nox_raw=15733 pres=973.4
I (2010810) Orchestrator: display update done
I (2011800) Orchestrator: sensor_data: temp=26.7 hum=54.1 pm25=-1.0 co2=342 tvoc_raw=30991 nox_raw=15733 pres=973.4
I (2011810) Orchestrator: display update done
I (2012800) Orchestrator: sensor_data: temp=26.7 hum=53.9 pm25=-1.0 co2=342 tvoc_raw=30991 nox_raw=15733 pres=973.4
I (2012810) Orchestrator: display update done
I (2013800) Orchestrator: sensor_data: temp=26.6 hum=53.9 pm25=-1.0 co2=342 tvoc_raw=30991 nox_raw=15733 pres=973.4
I (2013810) Orchestrator: display update done
I (2014800) Orchestrator: sensor_data: temp=26.6 hum=53.9 pm25=-1.0 co2=342 tvoc_raw=30991 nox_raw=15733 pres=973.4
I (2014810) Orchestrator: display update done
I (2015800) Orchestrator: sensor_data: temp=26.6 hum=53.8 pm25=-1.0 co2=342 tvoc_raw=30991 nox_raw=15733 pres=973.4
I (2015810) Orchestrator: display update done
I (2016800) Orchestrator: sensor_data: temp=26.6 hum=53.7 pm25=-1.0 co2=342 tvoc_raw=30991 nox_raw=15733 pres=973.4
I (2016810) Orchestrator: display update done
I (2017800) Orchestrator: sensor_data: temp=26.6 hum=53.6 pm25=-1.0 co2=342 tvoc_raw=30991 nox_raw=15733 pres=973.4
I (2017810) Orchestrator: display update done
I (2020160) Orchestrator: sensor_data: temp=26.6 hum=53.5 pm25=-1.0 co2=342 tvoc_raw=30991 nox_raw=15733 pres=973.4
I (2020170) Orchestrator: display update done
I (2020800) PowerService: BMS  chg=FastCharge en=1 chg_dis=0 src=UnknownAdapter vbus=4.64V ibus=676mA ibat=+748mA vsys=3790mV vpmid=4589mV tdie=35°C
I (2020800) PowerService: FG   SOC=29% V=3.748V I=+741mA P=+2777mW rem=652/2284mAh T=31.4°C [FC=0 CHG=1 DSG=0 OCV=1 ITPOR=0 CFGUP=0 BATDET=1] src=FG
I (2020820) PowerService: FG-LRN QMAX_UP=1 RES_UP=0 VOK=1 | V=3748mV BELOW-FLAT(<3750:OCV2-zone)
W (2020830) PowerService: BMS regulation: treg=0 vsys=0 iindpm=0 vindpm=1 safety=0 wd=0
I (2021160) Orchestrator: sensor_data: temp=26.6 hum=53.5 pm25=-1.0 co2=342 tvoc_raw=30991 nox_raw=15733 pres=973.4
I (2021170) Orchestrator: display update done
I (2022160) Orchestrator: sensor_data: temp=26.6 hum=53.4 pm25=-1.0 co2=342 tvoc_raw=30991 nox_raw=15733 pres=973.4
I (2022170) Orchestrator: display update done
I (2023160) Orchestrator: sensor_data: temp=26.5 hum=53.3 pm25=-1.0 co2=342 tvoc_raw=30991 nox_raw=15733 pres=973.4
I (2023170) Orchestrator: display update done
I (2024160) Orchestrator: sensor_data: temp=26.5 hum=53.2 pm25=-1.0 co2=343 tvoc_raw=30991 nox_raw=15733 pres=973.4
I (2024170) Orchestrator: display update done
I (2025160) Orchestrator: sensor_data: temp=26.5 hum=53.2 pm25=-1.0 co2=343 tvoc_raw=30991 nox_raw=15733 pres=973.4
I (2025170) Orchestrator: display update done
I (2026160) Orchestrator: sensor_data: temp=26.5 hum=53.1 pm25=-1.0 co2=342 tvoc_raw=30991 nox_raw=15733 pres=973.4
I (2026170) Orchestrator: display update done
I (2027160) Orchestrator: sensor_data: temp=26.5 hum=53.1 pm25=-1.0 co2=342 tvoc_raw=30991 nox_raw=15733 pres=973.4
I (2027170) Orchestrator: display update done
I (2028160) Orchestrator: sensor_data: temp=26.5 hum=52.8 pm25=-1.0 co2=342 tvoc_raw=30991 nox_raw=15733 pres=973.4
I (2028170) Orchestrator: display update done
I (2029160) Orchestrator: sensor_data: temp=26.6 hum=52.7 pm25=-1.0 co2=342 tvoc_raw=30991 nox_raw=15733 pres=973.4
I (2029170) Orchestrator: display update done
I (2030160) Orchestrator: sensor_data: temp=26.5 hum=52.7 pm25=-1.0 co2=343 tvoc_raw=30991 nox_raw=15733 pres=973.4
I (2030170) Orchestrator: display update done
I (2030840) PowerService: BMS  chg=FastCharge en=1 chg_dis=0 src=UnknownAdapter vbus=4.63V ibus=676mA ibat=+752mA vsys=3790mV vpmid=4589mV tdie=35°C
I (2030840) PowerService: FG   SOC=29% V=3.750V I=+745mA P=+2794mW rem=654/2284mAh T=31.4°C [FC=0 CHG=1 DSG=0 OCV=1 ITPOR=0 CFGUP=0 BATDET=1] src=FG
I (2030860) PowerService: FG-LRN QMAX_UP=1 RES_UP=0 VOK=1 | V=3750mV FLAT(Qmax-invalid)
W (2030870) PowerService: BMS regulation: treg=0 vsys=0 iindpm=0 vindpm=1 safety=0 wd=0
I (2031160) Orchestrator: sensor_data: temp=26.6 hum=52.5 pm25=-1.0 co2=343 tvoc_raw=30991 nox_raw=15733 pres=973.4
I (2031170) Orchestrator: display update done
I (2032160) Orchestrator: sensor_data: temp=26.5 hum=52.5 pm25=-1.0 co2=343 tvoc_raw=30991 nox_raw=15733 pres=973.4
I (2032170) Orchestrator: display update done
I (2033160) Orchestrator: sensor_data: temp=26.5 hum=52.4 pm25=-1.0 co2=343 tvoc_raw=30991 nox_raw=15733 pres=973.4
I (2033170) Orchestrator: display update done
I (2034160) Orchestrator: sensor_data: temp=26.5 hum=52.3 pm25=-1.0 co2=343 tvoc_raw=30991 nox_raw=15733 pres=973.4
I (2034170) Orchestrator: display update done
I (2035160) Orchestrator: sensor_data: temp=26.5 hum=52.1 pm25=-1.0 co2=343 tvoc_raw=30991 nox_raw=15733 pres=973.4
I (2035170) Orchestrator: display update done
I (2036160) Orchestrator: sensor_data: temp=26.5 hum=52.1 pm25=-1.0 co2=343 tvoc_raw=30991 nox_raw=15733 pres=973.4
I (2036170) Orchestrator: display update done
I (2037160) Orchestrator: sensor_data: temp=26.5 hum=52.1 pm25=-1.0 co2=343 tvoc_raw=30991 nox_raw=15733 pres=973.4
I (2037170) Orchestrator: display update done
I (2038160) Orchestrator: sensor_data: temp=26.5 hum=52.0 pm25=-1.0 co2=343 tvoc_raw=30991 nox_raw=15733 pres=973.4
I (2038170) Orchestrator: display update done
I (2039160) Orchestrator: sensor_data: temp=26.5 hum=51.8 pm25=-1.0 co2=343 tvoc_raw=30991 nox_raw=15733 pres=973.4
I (2039170) Orchestrator: display update done
I (2040160) Orchestrator: sensor_data: temp=26.5 hum=51.6 pm25=-1.0 co2=343 tvoc_raw=30991 nox_raw=15733 pres=973.4
I (2040170) Orchestrator: display update done
I (2042510) PowerService: BMS  chg=FastCharge en=1 chg_dis=0 src=UnknownAdapter vbus=4.63V ibus=676mA ibat=+748mA vsys=3790mV vpmid=4589mV tdie=35°C
I (2042510) PowerService: FG   SOC=29% V=3.749V I=+740mA P=+2774mW rem=656/2284mAh T=31.4°C [FC=0 CHG=1 DSG=0 OCV=1 ITPOR=0 CFGUP=0 BATDET=1] src=FG
I (2042520) PowerService: FG-LRN QMAX_UP=1 RES_UP=0 VOK=1 | V=3749mV BELOW-FLAT(<3750:OCV2-zone)
W (2042530) PowerService: BMS regulation: treg=0 vsys=0 iindpm=0 vindpm=1 safety=0 wd=0
I (2042540) Orchestrator: sensor_data: temp=26.5 hum=51.0 pm25=-1.0 co2=343 tvoc_raw=30991 nox_raw=15733 pres=973.4
I (2042560) Orchestrator: display update done
I (2043520) Orchestrator: sensor_data: temp=26.5 hum=51.0 pm25=-1.0 co2=343 tvoc_raw=30991 nox_raw=15733 pres=973.4
I (2043530) Orchestrator: display update done
I (2044520) Orchestrator: sensor_data: temp=26.5 hum=50.9 pm25=-1.0 co2=343 tvoc_raw=30991 nox_raw=15733 pres=973.4
I (2044530) Orchestrator: display update done
I (2045520) Orchestrator: sensor_data: temp=26.5 hum=50.9 pm25=-1.0 co2=344 tvoc_raw=30991 nox_raw=15733 pres=973.4
I (2045530) Orchestrator: display update done
I (2046520) Orchestrator: sensor_data: temp=26.5 hum=51.0 pm25=-1.0 co2=344 tvoc_raw=30991 nox_raw=15733 pres=973.4
I (2046530) Orchestrator: display update done
I (2047520) Orchestrator: sensor_data: temp=26.4 hum=51.0 pm25=-1.0 co2=344 tvoc_raw=30991 nox_raw=15733 pres=973.4
I (2047530) Orchestrator: display update done
I (2048520) Orchestrator: sensor_data: temp=26.4 hum=50.9 pm25=-1.0 co2=344 tvoc_raw=30991 nox_raw=15733 pres=973.4
I (2048530) Orchestrator: display update done
I (2049520) Orchestrator: sensor_data: temp=26.5 hum=50.7 pm25=-1.0 co2=344 tvoc_raw=30991 nox_raw=15733 pres=973.4
I (2049530) Orchestrator: display update done
I (2050520) Orchestrator: sensor_data: temp=26.5 hum=50.6 pm25=-1.0 co2=344 tvoc_raw=30991 nox_raw=15733 pres=973.4
I (2050530) Orchestrator: display update done
I (2051520) Orchestrator: sensor_data: temp=26.5 hum=50.5 pm25=-1.0 co2=344 tvoc_raw=30991 nox_raw=15733 pres=973.4
I (2051530) Orchestrator: display update done
I (2052520) Orchestrator: sensor_data: temp=26.5 hum=50.4 pm25=-1.0 co2=344 tvoc_raw=30991 nox_raw=15733 pres=973.4
I (2052530) Orchestrator: display update done
I (2053160) PowerService: BMS  chg=FastCharge en=1 chg_dis=0 src=UnknownAdapter vbus=4.64V ibus=680mA ibat=+760mA vsys=3794mV vpmid=4589mV tdie=35°C
I (2053160) PowerService: FG   SOC=29% V=3.750V I=+745mA P=+2794mW rem=658/2285mAh T=31.4°C [FC=0 CHG=1 DSG=0 OCV=1 ITPOR=0 CFGUP=0 BATDET=1] src=FG
I (2053170) PowerService: FG-LRN QMAX_UP=1 RES_UP=0 VOK=1 | V=3750mV FLAT(Qmax-invalid)
W (2053180) PowerService: BMS regulation: treg=0 vsys=0 iindpm=0 vindpm=1 safety=0 wd=0
I (2053520) Orchestrator: sensor_data: temp=26.4 hum=50.4 pm25=-1.0 co2=344 tvoc_raw=30991 nox_raw=15733 pres=973.4
I (2053530) Orchestrator: display update done
I (2054520) Orchestrator: sensor_data: temp=26.4 hum=50.4 pm25=-1.0 co2=344 tvoc_raw=30991 nox_raw=15733 pres=973.4
I (2054530) Orchestrator: display update done
I (2055520) Orchestrator: sensor_data: temp=26.4 hum=50.4 pm25=-1.0 co2=344 tvoc_raw=30991 nox_raw=15733 pres=973.4
I (2055530) Orchestrator: display update done
I (2057210) Orchestrator: sensor_data: temp=26.3 hum=50.5 pm25=-1.0 co2=344 tvoc_raw=30991 nox_raw=15733 pres=973.4
I (2057220) Orchestrator: display update done
I (2058210) Orchestrator: sensor_data: temp=26.4 hum=50.6 pm25=-1.0 co2=344 tvoc_raw=30991 nox_raw=15733 pres=973.4
I (2058220) Orchestrator: display update done
I (2059210) Orchestrator: sensor_data: temp=26.3 hum=50.6 pm25=-1.0 co2=344 tvoc_raw=30991 nox_raw=15733 pres=973.4
I (2059210) Orchestrator: display update done
I (2060210) Orchestrator: sensor_data: temp=26.3 hum=50.6 pm25=-1.0 co2=345 tvoc_raw=30991 nox_raw=15733 pres=-1.0
I (2060210) Orchestrator: display update done
I (2061210) Orchestrator: sensor_data: temp=26.3 hum=50.6 pm25=-1.0 co2=345 tvoc_raw=30991 nox_raw=15733 pres=973.4
I (2061220) Orchestrator: display update done
I (2062210) Orchestrator: sensor_data: temp=26.3 hum=50.5 pm25=-1.0 co2=346 tvoc_raw=30991 nox_raw=15733 pres=973.4
I (2062220) Orchestrator: display update done
I (2063200) PowerService: BMS  chg=FastCharge en=1 chg_dis=0 src=UnknownAdapter vbus=4.64V ibus=686mA ibat=+760mA vsys=3796mV vpmid=4589mV tdie=35°C
I (2063200) PowerService: FG   SOC=29% V=3.752V I=+745mA P=+2795mW rem=660/2285mAh T=31.4°C [FC=0 CHG=1 DSG=0 OCV=1 ITPOR=0 CFGUP=0 BATDET=1] src=FG
I (2063210) PowerService: FG-LRN QMAX_UP=1 RES_UP=0 VOK=1 | V=3752mV FLAT(Qmax-invalid)
W (2063220) PowerService: BMS regulation: treg=0 vsys=0 iindpm=0 vindpm=1 safety=0 wd=0
I (2063230) Orchestrator: sensor_data: temp=26.3 hum=50.5 pm25=-1.0 co2=346 tvoc_raw=30991 nox_raw=15733 pres=973.4
I (2063240) Orchestrator: display update done
I (2065590) Orchestrator: sensor_data: temp=26.3 hum=50.5 pm25=-1.0 co2=346 tvoc_raw=30991 nox_raw=15733 pres=973.4
I (2065600) Orchestrator: display update done
I (2066590) Orchestrator: sensor_data: temp=26.3 hum=50.5 pm25=-1.0 co2=346 tvoc_raw=30991 nox_raw=15733 pres=973.4
I (2066600) Orchestrator: display update done
I (2067590) Orchestrator: sensor_data: temp=26.3 hum=50.5 pm25=-1.0 co2=346 tvoc_raw=30991 nox_raw=15733 pres=973.4
I (2067600) Orchestrator: display update done
I (2068590) Orchestrator: sensor_data: temp=26.2 hum=51.7 pm25=-1.0 co2=346 tvoc_raw=30991 nox_raw=15733 pres=973.4
I (2068600) Orchestrator: display update done
I (2069590) Orchestrator: sensor_data: temp=26.2 hum=52.0 pm25=-1.0 co2=346 tvoc_raw=30991 nox_raw=15733 pres=973.4
I (2069600) Orchestrator: display update done
I (2070590) Orchestrator: sensor_data: temp=26.3 hum=51.9 pm25=-1.0 co2=347 tvoc_raw=30991 nox_raw=15733 pres=973.4
I (2070600) Orchestrator: display update done
I (2071590) Orchestrator: sensor_data: temp=26.3 hum=51.5 pm25=-1.0 co2=347 tvoc_raw=30991 nox_raw=15733 pres=973.4
I (2071600) Orchestrator: display update done
I (2072590) Orchestrator: sensor_data: temp=26.2 hum=51.3 pm25=-1.0 co2=349 tvoc_raw=30991 nox_raw=15733 pres=973.4
I (2072600) Orchestrator: display update done
I (2073230) PowerService: BMS  chg=FastCharge en=1 chg_dis=0 src=UnknownAdapter vbus=4.64V ibus=676mA ibat=+748mA vsys=3792mV vpmid=4589mV tdie=34°C
I (2073240) PowerService: FG   SOC=30% V=3.752V I=+745mA P=+2795mW rem=663/2285mAh T=31.2°C [FC=0 CHG=1 DSG=0 OCV=1 ITPOR=0 CFGUP=0 BATDET=1] src=FG
I (2073250) PowerService: FG-LRN QMAX_UP=1 RES_UP=0 VOK=1 | V=3752mV FLAT(Qmax-invalid)
W (2073260) PowerService: BMS regulation: treg=0 vsys=0 iindpm=0 vindpm=1 safety=0 wd=0
I (2073590) Orchestrator: sensor_data: temp=26.2 hum=51.0 pm25=-1.0 co2=349 tvoc_raw=30991 nox_raw=15733 pres=973.4
I (2073600) Orchestrator: display update done
I (2075430) Orchestrator: sensor_data: temp=26.2 hum=50.5 pm25=-1.0 co2=351 tvoc_raw=30991 nox_raw=15733 pres=973.4
I (2075440) Orchestrator: display update done
I (2076430) Orchestrator: sensor_data: temp=26.2 hum=50.3 pm25=-1.0 co2=353 tvoc_raw=30991 nox_raw=15733 pres=973.4
I (2076440) Orchestrator: display update done
I (2077430) Orchestrator: sensor_data: temp=26.2 hum=50.3 pm25=-1.0 co2=353 tvoc_raw=30991 nox_raw=15733 pres=973.4
I (2077440) Orchestrator: display update done
I (2078430) Orchestrator: sensor_data: temp=26.2 hum=50.2 pm25=-1.0 co2=354 tvoc_raw=30991 nox_raw=15733 pres=973.4
I (2078440) Orchestrator: display update done
I (2079430) Orchestrator: sensor_data: temp=26.2 hum=50.2 pm25=-1.0 co2=354 tvoc_raw=30991 nox_raw=15733 pres=973.4
I (2079440) Orchestrator: display update done
I (2080430) Orchestrator: sensor_data: temp=26.3 hum=50.3 pm25=-1.0 co2=355 tvoc_raw=30991 nox_raw=15733 pres=973.4
I (2080440) Orchestrator: display update done
I (2081430) Orchestrator: sensor_data: temp=26.2 hum=50.2 pm25=-1.0 co2=355 tvoc_raw=30991 nox_raw=15733 pres=973.4
I (2081440) Orchestrator: display update done
I (2082430) Orchestrator: sensor_data: temp=26.2 hum=50.2 pm25=-1.0 co2=357 tvoc_raw=30991 nox_raw=15733 pres=973.4
I (2082440) Orchestrator: display update done
I (2083270) PowerService: BMS  chg=FastCharge en=1 chg_dis=0 src=UnknownAdapter vbus=4.63V ibus=688mA ibat=+748mA vsys=3796mV vpmid=4589mV tdie=34°C
I (2083280) PowerService: FG   SOC=30% V=3.753V I=+745mA P=+2796mW rem=665/2285mAh T=31.2°C [FC=0 CHG=1 DSG=0 OCV=1 ITPOR=0 CFGUP=0 BATDET=1] src=FG
I (2083290) PowerService: FG-LRN QMAX_UP=1 RES_UP=0 VOK=1 | V=3753mV FLAT(Qmax-invalid)
W (2083300) PowerService: BMS regulation: treg=0 vsys=0 iindpm=0 vindpm=1 safety=0 wd=0
I (2083430) Orchestrator: sensor_data: temp=26.3 hum=50.2 pm25=-1.0 co2=357 tvoc_raw=30991 nox_raw=15733 pres=973.4
I (2083440) Orchestrator: display update done
I (2084430) Orchestrator: sensor_data: temp=26.3 hum=50.2 pm25=-1.0 co2=358 tvoc_raw=30991 nox_raw=15733 pres=973.4
I (2084440) Orchestrator: display update done
I (2085430) Orchestrator: sensor_data: temp=26.2 hum=50.2 pm25=-1.0 co2=358 tvoc_raw=30991 nox_raw=15733 pres=973.4
I (2085440) Orchestrator: display update done
I (2086430) Orchestrator: sensor_data: temp=26.2 hum=50.1 pm25=-1.0 co2=360 tvoc_raw=30991 nox_raw=15733 pres=973.4
I (2086440) Orchestrator: display update done
I (2088790) Orchestrator: sensor_data: temp=26.3 hum=50.0 pm25=-1.0 co2=362 tvoc_raw=30991 nox_raw=15733 pres=973.4
I (2088800) Orchestrator: display update done
I (2089790) Orchestrator: sensor_data: temp=26.2 hum=49.9 pm25=-1.0 co2=364 tvoc_raw=30991 nox_raw=15733 pres=973.4
I (2089800) Orchestrator: display update done
I (2090790) Orchestrator: sensor_data: temp=26.3 hum=49.8 pm25=-1.0 co2=364 tvoc_raw=30991 nox_raw=15733 pres=973.4
I (2090800) Orchestrator: display update done
I (2091790) Orchestrator: sensor_data: temp=26.2 hum=49.7 pm25=-1.0 co2=365 tvoc_raw=30991 nox_raw=15733 pres=973.4
I (2091800) Orchestrator: display update done
I (2092790) Orchestrator: sensor_data: temp=26.3 hum=49.7 pm25=-1.0 co2=365 tvoc_raw=30991 nox_raw=15733 pres=973.4
I (2092800) Orchestrator: display update done
I (2093430) PowerService: BMS  chg=FastCharge en=1 chg_dis=0 src=UnknownAdapter vbus=4.63V ibus=676mA ibat=+748mA vsys=3794mV vpmid=4589mV tdie=34°C
I (2093430) PowerService: FG   SOC=30% V=3.756V I=+745mA P=+2798mW rem=667/2286mAh T=31.2°C [FC=0 CHG=1 DSG=0 OCV=1 ITPOR=0 CFGUP=0 BATDET=1] src=FG
I (2093450) PowerService: FG-LRN QMAX_UP=1 RES_UP=0 VOK=1 | V=3756mV FLAT(Qmax-invalid)
W (2093460) PowerService: BMS regulation: treg=0 vsys=0 iindpm=0 vindpm=1 safety=0 wd=0
I (2093790) Orchestrator: sensor_data: temp=26.3 hum=49.6 pm25=-1.0 co2=365 tvoc_raw=30991 nox_raw=15733 pres=973.4
I (2093800) Orchestrator: display update done
I (2094790) Orchestrator: sensor_data: temp=26.3 hum=49.6 pm25=-1.0 co2=365 tvoc_raw=30991 nox_raw=15733 pres=973.4
I (2094800) Orchestrator: display update done
I (2095790) Orchestrator: sensor_data: temp=26.3 hum=49.6 pm25=-1.0 co2=365 tvoc_raw=30991 nox_raw=15733 pres=973.4
I (2095800) Orchestrator: display update done
I (2096790) Orchestrator: sensor_data: temp=26.3 hum=49.8 pm25=-1.0 co2=365 tvoc_raw=30991 nox_raw=15733 pres=973.4
I (2096800) Orchestrator: display update done
I (2097790) Orchestrator: sensor_data: temp=26.3 hum=49.7 pm25=-1.0 co2=365 tvoc_raw=30991 nox_raw=15733 pres=973.4
I (2097800) Orchestrator: display update done
I (2098790) Orchestrator: sensor_data: temp=26.2 hum=49.6 pm25=-1.0 co2=365 tvoc_raw=30991 nox_raw=15733 pres=973.4
I (2098800) Orchestrator: display update done
I (2099790) Orchestrator: sensor_data: temp=26.2 hum=49.5 pm25=-1.0 co2=365 tvoc_raw=30991 nox_raw=15733 pres=973.4
I (2099800) Orchestrator: display update done
I (2100790) Orchestrator: sensor_data: temp=26.2 hum=49.4 pm25=-1.0 co2=366 tvoc_raw=30991 nox_raw=15733 pres=973.4
I (2100800) Orchestrator: display update done
I (2101790) Orchestrator: sensor_data: temp=26.2 hum=49.4 pm25=-1.0 co2=366 tvoc_raw=30991 nox_raw=15733 pres=973.4
I (2101800) Orchestrator: display update done
I (2102790) Orchestrator: sensor_data: temp=26.2 hum=49.3 pm25=-1.0 co2=367 tvoc_raw=30991 nox_raw=15733 pres=973.4
I (2102800) Orchestrator: display update done
I (2103470) PowerService: BMS  chg=FastCharge en=1 chg_dis=0 src=UnknownAdapter vbus=4.63V ibus=676mA ibat=+748mA vsys=3794mV vpmid=4589mV tdie=34°C
I (2103470) PowerService: FG   SOC=30% V=3.756V I=+745mA P=+2798mW rem=669/2286mAh T=31.2°C [FC=0 CHG=1 DSG=0 OCV=1 ITPOR=0 CFGUP=0 BATDET=1] src=FG
I (2103490) PowerService: FG-LRN QMAX_UP=1 RES_UP=0 VOK=1 | V=3756mV FLAT(Qmax-invalid)
W (2103490) PowerService: BMS regulation: treg=0 vsys=0 iindpm=0 vindpm=1 safety=0 wd=0
I (2103790) Orchestrator: sensor_data: temp=26.2 hum=49.2 pm25=-1.0 co2=367 tvoc_raw=30991 nox_raw=15733 pres=973.4
I (2103800) Orchestrator: display update done
I (2104790) Orchestrator: sensor_data: temp=26.1 hum=49.1 pm25=-1.0 co2=367 tvoc_raw=30991 nox_raw=15733 pres=973.4
I (2104800) Orchestrator: display update done
I (2105790) Orchestrator: sensor_data: temp=26.1 hum=49.0 pm25=-1.0 co2=367 tvoc_raw=30991 nox_raw=15733 pres=973.4
I (2105800) Orchestrator: display update done
I (2106790) Orchestrator: sensor_data: temp=26.1 hum=49.1 pm25=-1.0 co2=367 tvoc_raw=30991 nox_raw=15733 pres=973.4
I (2106800) Orchestrator: display update done
I (2107790) Orchestrator: sensor_data: temp=26.1 hum=49.2 pm25=-1.0 co2=367 tvoc_raw=30991 nox_raw=15733 pres=973.4
I (2107800) Orchestrator: display update done
I (2108790) Orchestrator: sensor_data: temp=26.1 hum=49.3 pm25=-1.0 co2=367 tvoc_raw=30991 nox_raw=15733 pres=973.4
I (2108800) Orchestrator: display update done
I (2111150) Orchestrator: sensor_data: temp=26.1 hum=49.3 pm25=-1.0 co2=367 tvoc_raw=30991 nox_raw=15733 pres=973.4
I (2111160) Orchestrator: display update done
I (2112150) Orchestrator: sensor_data: temp=26.0 hum=49.2 pm25=-1.0 co2=367 tvoc_raw=30991 nox_raw=15733 pres=973.4
I (2112160) Orchestrator: display update done
I (2113150) Orchestrator: sensor_data: temp=26.1 hum=49.2 pm25=-1.0 co2=367 tvoc_raw=30991 nox_raw=15733 pres=973.4
I (2113160) Orchestrator: display update done
I (2113790) PowerService: BMS  chg=FastCharge en=1 chg_dis=0 src=UnknownAdapter vbus=4.63V ibus=676mA ibat=+748mA vsys=3796mV vpmid=4589mV tdie=34°C
I (2113790) PowerService: FG   SOC=30% V=3.755V I=+745mA P=+2797mW rem=671/2286mAh T=31.2°C [FC=0 CHG=1 DSG=0 OCV=1 ITPOR=0 CFGUP=0 BATDET=1] src=FG
I (2113810) PowerService: FG-LRN QMAX_UP=1 RES_UP=0 VOK=1 | V=3755mV FLAT(Qmax-invalid)
W (2113820) PowerService: BMS regulation: treg=0 vsys=0 iindpm=0 vindpm=1 safety=0 wd=0
I (2114150) Orchestrator: sensor_data: temp=26.1 hum=49.2 pm25=-1.0 co2=366 tvoc_raw=30991 nox_raw=15733 pres=973.4
I (2114160) Orchestrator: display update done
I (2115150) Orchestrator: sensor_data: temp=26.1 hum=49.2 pm25=-1.0 co2=366 tvoc_raw=30991 nox_raw=15733 pres=973.4
I (2115160) Orchestrator: display update done
I (2116150) Orchestrator: sensor_data: temp=26.1 hum=49.1 pm25=-1.0 co2=366 tvoc_raw=30991 nox_raw=15733 pres=973.4
I (2116160) Orchestrator: display update done
I (2117150) Orchestrator: sensor_data: temp=26.1 hum=49.0 pm25=-1.0 co2=366 tvoc_raw=30991 nox_raw=15733 pres=973.4
I (2117160) Orchestrator: display update done
I (2118150) Orchestrator: sensor_data: temp=26.0 hum=49.0 pm25=-1.0 co2=366 tvoc_raw=30991 nox_raw=15733 pres=973.4
I (2118160) Orchestrator: display update done
I (2119150) Orchestrator: sensor_data: temp=26.0 hum=49.0 pm25=-1.0 co2=366 tvoc_raw=30991 nox_raw=15733 pres=973.4
I (2119160) Orchestrator: display update done
I (2120150) Orchestrator: sensor_data: temp=26.0 hum=48.9 pm25=-1.0 co2=366 tvoc_raw=30991 nox_raw=15733 pres=973.4
I (2120160) Orchestrator: display update done
I (2121150) Orchestrator: sensor_data: temp=26.0 hum=48.9 pm25=-1.0 co2=366 tvoc_raw=30991 nox_raw=15733 pres=973.4
I (2121160) Orchestrator: display update done
I (2122150) Orchestrator: sensor_data: temp=26.0 hum=48.9 pm25=-1.0 co2=365 tvoc_raw=30991 nox_raw=15733 pres=973.4
I (2122160) Orchestrator: display update done
I (2123150) Orchestrator: sensor_data: temp=26.1 hum=48.9 pm25=-1.0 co2=365 tvoc_raw=30991 nox_raw=15733 pres=973.4
I (2123160) Orchestrator: display update done
I (2123830) PowerService: BMS  chg=FastCharge en=1 chg_dis=0 src=UnknownAdapter vbus=4.63V ibus=678mA ibat=+748mA vsys=3796mV vpmid=4589mV tdie=34°C
I (2123830) PowerService: FG   SOC=30% V=3.756V I=+745mA P=+2798mW rem=673/2287mAh T=31.1°C [FC=0 CHG=1 DSG=0 OCV=1 ITPOR=0 CFGUP=0 BATDET=1] src=FG
I (2123850) PowerService: FG-LRN QMAX_UP=1 RES_UP=0 VOK=1 | V=3756mV FLAT(Qmax-invalid)
W (2123850) PowerService: BMS regulation: treg=0 vsys=0 iindpm=0 vindpm=1 safety=0 wd=0
I (2124150) Orchestrator: sensor_data: temp=26.0 hum=49.0 pm25=-1.0 co2=364 tvoc_raw=30991 nox_raw=15733 pres=973.4
I (2124160) Orchestrator: display update done
I (2125150) Orchestrator: sensor_data: temp=26.1 hum=49.0 pm25=-1.0 co2=364 tvoc_raw=30991 nox_raw=15733 pres=973.4
I (2125160) Orchestrator: display update done
I (2126150) Orchestrator: sensor_data: temp=26.0 hum=48.9 pm25=-1.0 co2=363 tvoc_raw=30991 nox_raw=15733 pres=973.4
I (2126160) Orchestrator: display update done
I (2127150) Orchestrator: sensor_data: temp=26.0 hum=48.9 pm25=-1.0 co2=363 tvoc_raw=30991 nox_raw=15733 pres=973.4
I (2127160) Orchestrator: display update done
I (2128150) Orchestrator: sensor_data: temp=26.0 hum=48.9 pm25=-1.0 co2=363 tvoc_raw=30991 nox_raw=15733 pres=973.4
I (2128160) Orchestrator: display update done
I (2129150) Orchestrator: sensor_data: temp=26.0 hum=48.8 pm25=-1.0 co2=363 tvoc_raw=30991 nox_raw=15733 pres=973.4
I (2129160) Orchestrator: display update done
I (2130150) Orchestrator: sensor_data: temp=26.0 hum=48.7 pm25=-1.0 co2=363 tvoc_raw=30991 nox_raw=15733 pres=973.4
I (2130160) Orchestrator: display update done
I (2131150) Orchestrator: sensor_data: temp=25.9 hum=48.7 pm25=-1.0 co2=363 tvoc_raw=30991 nox_raw=15733 pres=973.4
I (2131160) Orchestrator: display update done
I (2133510) Orchestrator: sensor_data: temp=26.0 hum=48.6 pm25=-1.0 co2=362 tvoc_raw=30991 nox_raw=15733 pres=973.4
I (2133520) Orchestrator: display update done
I (2134150) PowerService: BMS  chg=FastCharge en=1 chg_dis=0 src=UnknownAdapter vbus=4.63V ibus=676mA ibat=+748mA vsys=3798mV vpmid=4589mV tdie=34°C
I (2134150) PowerService: FG   SOC=30% V=3.756V I=+741mA P=+2783mW rem=675/2287mAh T=31.1°C [FC=0 CHG=1 DSG=0 OCV=1 ITPOR=0 CFGUP=0 BATDET=1] src=FG
I (2134170) PowerService: FG-LRN QMAX_UP=1 RES_UP=0 VOK=1 | V=3756mV FLAT(Qmax-invalid)
W (2134180) PowerService: BMS regulation: treg=0 vsys=0 iindpm=0 vindpm=1 safety=0 wd=0
I (2134510) Orchestrator: sensor_data: temp=26.0 hum=48.7 pm25=-1.0 co2=362 tvoc_raw=30991 nox_raw=15733 pres=973.4
I (2134520) Orchestrator: display update done
I (2135510) Orchestrator: sensor_data: temp=26.0 hum=48.6 pm25=-1.0 co2=362 tvoc_raw=30991 nox_raw=15733 pres=973.4
I (2135520) Orchestrator: display update done
I (2136510) Orchestrator: sensor_data: temp=25.9 hum=48.7 pm25=-1.0 co2=361 tvoc_raw=30991 nox_raw=15733 pres=973.4
I (2136520) Orchestrator: display update done
I (2137510) Orchestrator: sensor_data: temp=26.0 hum=48.7 pm25=-1.0 co2=361 tvoc_raw=30991 nox_raw=15733 pres=973.4
I (2137520) Orchestrator: display update done
I (2138510) Orchestrator: sensor_data: temp=25.9 hum=48.7 pm25=-1.0 co2=360 tvoc_raw=30991 nox_raw=15733 pres=973.4
I (2138520) Orchestrator: display update done
I (2139510) Orchestrator: sensor_data: temp=25.9 hum=48.8 pm25=-1.0 co2=360 tvoc_raw=30991 nox_raw=15733 pres=973.4
I (2139520) Orchestrator: display update done
I (2140510) Orchestrator: sensor_data: temp=26.0 hum=48.8 pm25=-1.0 co2=360 tvoc_raw=30991 nox_raw=15733 pres=973.4
I (2140520) Orchestrator: display update done
I (2141510) Orchestrator: sensor_data: temp=25.9 hum=48.7 pm25=-1.0 co2=360 tvoc_raw=30991 nox_raw=15733 pres=973.4
I (2141520) Orchestrator: display update done
I (2142510) Orchestrator: sensor_data: temp=25.9 hum=48.7 pm25=-1.0 co2=358 tvoc_raw=30991 nox_raw=15733 pres=973.4
I (2142520) Orchestrator: display update done
I (2143510) Orchestrator: sensor_data: temp=25.9 hum=48.7 pm25=-1.0 co2=358 tvoc_raw=30991 nox_raw=15733 pres=973.4
I (2143520) Orchestrator: display update done
I (2144190) PowerService: BMS  chg=FastCharge en=1 chg_dis=0 src=UnknownAdapter vbus=4.63V ibus=678mA ibat=+756mA vsys=3800mV vpmid=4589mV tdie=34°C
I (2144190) PowerService: FG   SOC=30% V=3.757V I=+745mA P=+2799mW rem=677/2287mAh T=31.0°C [FC=0 CHG=1 DSG=0 OCV=1 ITPOR=0 CFGUP=0 BATDET=1] src=FG
I (2144210) PowerService: FG-LRN QMAX_UP=1 RES_UP=0 VOK=1 | V=3757mV FLAT(Qmax-invalid)
W (2144210) PowerService: BMS regulation: treg=0 vsys=0 iindpm=0 vindpm=1 safety=0 wd=0
I (2144510) Orchestrator: sensor_data: temp=26.0 hum=48.6 pm25=-1.0 co2=357 tvoc_raw=30991 nox_raw=15733 pres=973.4
I (2144520) Orchestrator: display update done
I (2145510) Orchestrator: sensor_data: temp=25.9 hum=48.7 pm25=-1.0 co2=357 tvoc_raw=30991 nox_raw=15733 pres=973.4
I (2145520) Orchestrator: display update done
I (2146510) Orchestrator: sensor_data: temp=25.9 hum=48.8 pm25=-1.0 co2=357 tvoc_raw=30991 nox_raw=15733 pres=973.4
I (2146520) Orchestrator: display update done
I (2147510) Orchestrator: sensor_data: temp=25.9 hum=48.8 pm25=-1.0 co2=357 tvoc_raw=30991 nox_raw=15733 pres=973.4
I (2147520) Orchestrator: display update done
I (2148510) Orchestrator: sensor_data: temp=26.0 hum=48.8 pm25=-1.0 co2=356 tvoc_raw=30991 nox_raw=15733 pres=973.4
I (2148520) Orchestrator: display update done
I (2149510) Orchestrator: sensor_data: temp=26.0 hum=48.7 pm25=-1.0 co2=356 tvoc_raw=30991 nox_raw=15733 pres=973.4
I (2149520) Orchestrator: display update done
I (2150510) Orchestrator: sensor_data: temp=26.0 hum=48.5 pm25=-1.0 co2=356 tvoc_raw=30991 nox_raw=15733 pres=973.4
I (2150520) Orchestrator: display update done
I (2151510) Orchestrator: sensor_data: temp=26.0 hum=48.3 pm25=-1.0 co2=356 tvoc_raw=30991 nox_raw=15733 pres=973.4
I (2151520) Orchestrator: display update done
I (2152510) Orchestrator: sensor_data: temp=26.0 hum=48.2 pm25=-1.0 co2=357 tvoc_raw=30991 nox_raw=15733 pres=973.4
I (2152520) Orchestrator: display update done
I (2153510) Orchestrator: sensor_data: temp=26.0 hum=48.2 pm25=-1.0 co2=357 tvoc_raw=30991 nox_raw=15733 pres=973.4
I (2153520) Orchestrator: display update done
I (2155860) PowerService: BMS  chg=FastCharge en=1 chg_dis=0 src=UnknownAdapter vbus=4.64V ibus=678mA ibat=+748mA vsys=3800mV vpmid=4589mV tdie=33°C
I (2155860) PowerService: FG   SOC=30% V=3.758V I=+740mA P=+2781mW rem=680/2287mAh T=30.2°C [FC=0 CHG=1 DSG=0 OCV=1 ITPOR=0 CFGUP=0 BATDET=1] src=FG
I (2155880) PowerService: FG-LRN QMAX_UP=1 RES_UP=0 VOK=1 | V=3758mV FLAT(Qmax-invalid)
W (2155880) PowerService: BMS regulation: treg=0 vsys=0 iindpm=0 vindpm=1 safety=0 wd=0
I (2155890) Orchestrator: sensor_data: temp=26.0 hum=48.1 pm25=-1.0 co2=356 tvoc_raw=30991 nox_raw=15733 pres=973.4
I (2155910) Orchestrator: display update done
I (2156870) Orchestrator: sensor_data: temp=26.0 hum=48.0 pm25=-1.0 co2=356 tvoc_raw=30991 nox_raw=15733 pres=973.4
I (2156880) Orchestrator: display update done
I (2157870) Orchestrator: sensor_data: temp=26.0 hum=48.0 pm25=-1.0 co2=356 tvoc_raw=30991 nox_raw=15733 pres=973.4
I (2157880) Orchestrator: display update done
I (2158870) Orchestrator: sensor_data: temp=25.9 hum=47.9 pm25=-1.0 co2=356 tvoc_raw=30991 nox_raw=15733 pres=973.4
I (2158880) Orchestrator: display update done
I (2159870) Orchestrator: sensor_data: temp=26.0 hum=47.9 pm25=-1.0 co2=356 tvoc_raw=30991 nox_raw=15733 pres=973.4
I (2159880) Orchestrator: display update done
I (2160870) Orchestrator: sensor_data: temp=26.0 hum=47.9 pm25=-1.0 co2=356 tvoc_raw=30991 nox_raw=15733 pres=973.4
I (2160880) Orchestrator: display update done
I (2161870) Orchestrator: sensor_data: temp=26.0 hum=48.0 pm25=-1.0 co2=356 tvoc_raw=30991 nox_raw=15733 pres=973.4
I (2161880) Orchestrator: display update done
I (2162870) Orchestrator: sensor_data: temp=26.0 hum=48.0 pm25=-1.0 co2=356 tvoc_raw=30991 nox_raw=15733 pres=973.4
I (2162880) Orchestrator: display update done
I (2163870) Orchestrator: sensor_data: temp=26.0 hum=48.0 pm25=-1.0 co2=356 tvoc_raw=30991 nox_raw=15733 pres=973.4
I (2163880) Orchestrator: display update done
I (2164870) Orchestrator: sensor_data: temp=26.0 hum=47.9 pm25=-1.0 co2=356 tvoc_raw=30991 nox_raw=15733 pres=973.4
I (2164880) Orchestrator: display update done
I (2165870) Orchestrator: sensor_data: temp=26.0 hum=47.8 pm25=-1.0 co2=356 tvoc_raw=30991 nox_raw=15733 pres=973.4
I (2165880) Orchestrator: display update done
I (2166510) PowerService: BMS  chg=FastCharge en=1 chg_dis=0 src=UnknownAdapter vbus=4.64V ibus=688mA ibat=+760mA vsys=3802mV vpmid=4589mV tdie=33°C
I (2166510) PowerService: FG   SOC=30% V=3.761V I=+745mA P=+2802mW rem=682/2288mAh T=29.9°C [FC=0 CHG=1 DSG=0 OCV=1 ITPOR=0 CFGUP=0 BATDET=1] src=FG
I (2166520) PowerService: FG-LRN QMAX_UP=1 RES_UP=0 VOK=1 | V=3761mV FLAT(Qmax-invalid)
W (2166530) PowerService: BMS regulation: treg=0 vsys=0 iindpm=0 vindpm=1 safety=0 wd=0
I (2166870) Orchestrator: sensor_data: temp=26.0 hum=47.7 pm25=-1.0 co2=356 tvoc_raw=30991 nox_raw=15733 pres=973.4
I (2166880) Orchestrator: display update done
I (2167870) Orchestrator: sensor_data: temp=26.0 hum=47.6 pm25=-1.0 co2=356 tvoc_raw=30991 nox_raw=15733 pres=973.4
I (2167880) Orchestrator: display update done
I (2168870) Orchestrator: sensor_data: temp=26.0 hum=47.6 pm25=-1.0 co2=355 tvoc_raw=30991 nox_raw=15733 pres=973.4
I (2168880) Orchestrator: display update done
I (2169870) Orchestrator: sensor_data: temp=26.0 hum=47.7 pm25=-1.0 co2=355 tvoc_raw=30991 nox_raw=15733 pres=973.4
I (2169870) Orchestrator: display update done
I (2170870) Orchestrator: sensor_data: temp=26.0 hum=47.7 pm25=-1.0 co2=356 tvoc_raw=30991 nox_raw=15733 pres=-1.0
I (2170870) Orchestrator: display update done
I (2171870) Orchestrator: sensor_data: temp=26.0 hum=47.8 pm25=-1.0 co2=356 tvoc_raw=30991 nox_raw=15733 pres=973.4
I (2171880) Orchestrator: display update done
I (2172870) Orchestrator: sensor_data: temp=26.0 hum=47.9 pm25=-1.0 co2=356 tvoc_raw=30991 nox_raw=15733 pres=973.4
I (2172880) Orchestrator: display update done
I (2173870) Orchestrator: sensor_data: temp=26.0 hum=47.9 pm25=-1.0 co2=356 tvoc_raw=30991 nox_raw=15733 pres=973.4
I (2173880) Orchestrator: display update done
I (2174870) Orchestrator: sensor_data: temp=26.0 hum=47.9 pm25=-1.0 co2=356 tvoc_raw=30991 nox_raw=15733 pres=973.4
I (2174880) Orchestrator: display update done
I (2175870) Orchestrator: sensor_data: temp=26.0 hum=47.9 pm25=-1.0 co2=356 tvoc_raw=30991 nox_raw=15733 pres=973.4
I (2175880) Orchestrator: display update done
I (2178220) PowerService: BMS  chg=FastCharge en=1 chg_dis=0 src=UnknownAdapter vbus=4.64V ibus=676mA ibat=+748mA vsys=3802mV vpmid=4589mV tdie=33°C
I (2178220) PowerService: FG   SOC=30% V=3.760V I=+742mA P=+2790mW rem=684/2288mAh T=29.8°C [FC=0 CHG=1 DSG=0 OCV=1 ITPOR=0 CFGUP=0 BATDET=1] src=FG
I (2178230) PowerService: FG-LRN QMAX_UP=1 RES_UP=0 VOK=1 | V=3760mV FLAT(Qmax-invalid)
W (2178240) PowerService: BMS regulation: treg=0 vsys=0 iindpm=0 vindpm=1 safety=0 wd=0
I (2178270) Orchestrator: sensor_data: temp=26.0 hum=47.8 pm25=-1.0 co2=355 tvoc_raw=30991 nox_raw=15733 pres=973.4
I (2178270) Orchestrator: display update done
I (2179230) Orchestrator: sensor_data: temp=26.0 hum=47.8 pm25=-1.0 co2=355 tvoc_raw=30991 nox_raw=15733 pres=973.4
I (2179240) Orchestrator: display update done
I (2180230) Orchestrator: sensor_data: temp=26.0 hum=47.7 pm25=-1.0 co2=355 tvoc_raw=30991 nox_raw=15733 pres=973.4
I (2180240) Orchestrator: display update done
I (2181230) Orchestrator: sensor_data: temp=26.0 hum=47.7 pm25=-1.0 co2=355 tvoc_raw=30991 nox_raw=15733 pres=973.4
I (2181240) Orchestrator: display update done
I (2182230) Orchestrator: sensor_data: temp=26.0 hum=47.6 pm25=-1.0 co2=355 tvoc_raw=30991 nox_raw=15733 pres=973.4
I (2182240) Orchestrator: display update done
I (2183230) Orchestrator: sensor_data: temp=26.1 hum=47.5 pm25=-1.0 co2=355 tvoc_raw=30991 nox_raw=15733 pres=973.4
I (2183240) Orchestrator: display update done
I (2184230) Orchestrator: sensor_data: temp=26.0 hum=47.3 pm25=-1.0 co2=355 tvoc_raw=30991 nox_raw=15733 pres=973.4
I (2184240) Orchestrator: display update done
I (2185230) Orchestrator: sensor_data: temp=26.0 hum=47.3 pm25=-1.0 co2=355 tvoc_raw=30991 nox_raw=15733 pres=973.4
I (2185230) Orchestrator: display update done
I (2186230) Orchestrator: sensor_data: temp=26.0 hum=47.3 pm25=-1.0 co2=355 tvoc_raw=30991 nox_raw=15733 pres=-1.0
I (2186230) Orchestrator: display update done
I (2187230) Orchestrator: sensor_data: temp=26.0 hum=47.3 pm25=-1.0 co2=355 tvoc_raw=30991 nox_raw=15733 pres=973.4
I (2187240) Orchestrator: display update done
I (2188230) Orchestrator: sensor_data: temp=26.0 hum=47.3 pm25=-1.0 co2=355 tvoc_raw=30991 nox_raw=15733 pres=973.4
I (2188240) Orchestrator: display update done
I (2188870) PowerService: BMS  chg=FastCharge en=1 chg_dis=0 src=UnknownAdapter vbus=4.63V ibus=688mA ibat=+760mA vsys=3806mV vpmid=4589mV tdie=33°C
I (2188870) PowerService: FG   SOC=30% V=3.761V I=+747mA P=+2809mW rem=686/2288mAh T=29.6°C [FC=0 CHG=1 DSG=0 OCV=1 ITPOR=0 CFGUP=0 BATDET=1] src=FG
I (2188880) PowerService: FG-LRN QMAX_UP=1 RES_UP=0 VOK=1 | V=3761mV FLAT(Qmax-invalid)
W (2188890) PowerService: BMS regulation: treg=0 vsys=0 iindpm=0 vindpm=1 safety=0 wd=0
I (2189230) Orchestrator: sensor_data: temp=26.0 hum=47.3 pm25=-1.0 co2=356 tvoc_raw=30991 nox_raw=15733 pres=973.4
I (2189240) Orchestrator: display update done
I (2190230) Orchestrator: sensor_data: temp=26.0 hum=47.4 pm25=-1.0 co2=356 tvoc_raw=30991 nox_raw=15733 pres=973.4
I (2190240) Orchestrator: display update done
I (2191230) Orchestrator: sensor_data: temp=26.0 hum=47.3 pm25=-1.0 co2=356 tvoc_raw=30991 nox_raw=15733 pres=973.4
I (2191240) Orchestrator: display update done
I (2192230) Orchestrator: sensor_data: temp=25.9 hum=47.3 pm25=-1.0 co2=356 tvoc_raw=30991 nox_raw=15733 pres=973.4
I (2192240) Orchestrator: display update done
I (2193230) Orchestrator: sensor_data: temp=25.9 hum=47.3 pm25=-1.0 co2=356 tvoc_raw=30991 nox_raw=15733 pres=973.4
I (2193240) Orchestrator: display update done
I (2194230) Orchestrator: sensor_data: temp=25.9 hum=47.2 pm25=-1.0 co2=356 tvoc_raw=30991 nox_raw=15733 pres=973.4
I (2194240) Orchestrator: display update done
I (2195230) Orchestrator: sensor_data: temp=26.0 hum=47.3 pm25=-1.0 co2=356 tvoc_raw=30991 nox_raw=15733 pres=973.4
I (2195240) Orchestrator: display update done
I (2196230) Orchestrator: sensor_data: temp=26.0 hum=47.3 pm25=-1.0 co2=356 tvoc_raw=30991 nox_raw=15733 pres=973.4
I (2196240) Orchestrator: display update done
I (2197230) Orchestrator: sensor_data: temp=25.9 hum=47.3 pm25=-1.0 co2=355 tvoc_raw=30991 nox_raw=15733 pres=973.4
I (2197240) Orchestrator: display update done
I (2198230) Orchestrator: sensor_data: temp=25.9 hum=47.3 pm25=-1.0 co2=355 tvoc_raw=30991 nox_raw=15733 pres=973.4
I (2198240) Orchestrator: display update done
I (2200580) PowerService: BMS  chg=FastCharge en=1 chg_dis=0 src=UnknownAdapter vbus=4.63V ibus=678mA ibat=+748mA vsys=3802mV vpmid=4589mV tdie=33°C
I (2200580) PowerService: FG   SOC=31% V=3.761V I=+740mA P=+2783mW rem=689/2289mAh T=30.2°C [FC=0 CHG=1 DSG=0 OCV=1 ITPOR=0 CFGUP=0 BATDET=1] src=FG
I (2200600) PowerService: FG-LRN QMAX_UP=1 RES_UP=0 VOK=1 | V=3761mV FLAT(Qmax-invalid)
W (2200600) PowerService: BMS regulation: treg=0 vsys=0 iindpm=0 vindpm=1 safety=0 wd=0
I (2200610) Orchestrator: sensor_data: temp=25.8 hum=47.3 pm25=-1.0 co2=355 tvoc_raw=30991 nox_raw=15733 pres=973.4
I (2200630) Orchestrator: display update done
I (2202460) Orchestrator: sensor_data: temp=25.9 hum=47.4 pm25=-1.0 co2=355 tvoc_raw=30991 nox_raw=15733 pres=973.4
I (2202470) Orchestrator: display update done
I (2203460) Orchestrator: sensor_data: temp=25.9 hum=47.3 pm25=-1.0 co2=355 tvoc_raw=30991 nox_raw=15733 pres=973.4
I (2203470) Orchestrator: display update done
I (2204460) Orchestrator: sensor_data: temp=25.9 hum=47.4 pm25=-1.0 co2=355 tvoc_raw=30991 nox_raw=15733 pres=973.4
I (2204470) Orchestrator: display update done
I (2205460) Orchestrator: sensor_data: temp=25.9 hum=47.5 pm25=-1.0 co2=355 tvoc_raw=30991 nox_raw=15733 pres=973.4
I (2205470) Orchestrator: display update done
I (2206460) Orchestrator: sensor_data: temp=25.9 hum=47.6 pm25=-1.0 co2=355 tvoc_raw=30991 nox_raw=15733 pres=973.4
I (2206470) Orchestrator: display update done
I (2207460) Orchestrator: sensor_data: temp=25.9 hum=47.8 pm25=-1.0 co2=355 tvoc_raw=30991 nox_raw=15733 pres=973.4
I (2207470) Orchestrator: display update done
I (2208460) Orchestrator: sensor_data: temp=25.9 hum=48.1 pm25=-1.0 co2=355 tvoc_raw=30991 nox_raw=15733 pres=973.4
I (2208470) Orchestrator: display update done
I (2209460) Orchestrator: sensor_data: temp=25.9 hum=48.4 pm25=-1.0 co2=355 tvoc_raw=30991 nox_raw=15733 pres=973.4
I (2209470) Orchestrator: display update done
I (2210460) Orchestrator: sensor_data: temp=25.9 hum=48.7 pm25=-1.0 co2=355 tvoc_raw=30991 nox_raw=15733 pres=973.4
I (2210470) Orchestrator: display update done
I (2211100) PowerService: BMS  chg=FastCharge en=1 chg_dis=0 src=UnknownAdapter vbus=4.63V ibus=676mA ibat=+748mA vsys=3802mV vpmid=4589mV tdie=33°C
I (2211100) PowerService: FG   SOC=31% V=3.762V I=+745mA P=+2803mW rem=691/2289mAh T=30.2°C [FC=0 CHG=1 DSG=0 OCV=1 ITPOR=0 CFGUP=0 BATDET=1] src=FG
I (2211120) PowerService: FG-LRN QMAX_UP=1 RES_UP=0 VOK=1 | V=3762mV FLAT(Qmax-invalid)
W (2211130) PowerService: BMS regulation: treg=0 vsys=0 iindpm=0 vindpm=1 safety=0 wd=0
I (2211460) Orchestrator: sensor_data: temp=26.0 hum=48.9 pm25=-1.0 co2=355 tvoc_raw=30991 nox_raw=15733 pres=973.4
I (2211470) Orchestrator: display update done
I (2212460) Orchestrator: sensor_data: temp=26.0 hum=49.1 pm25=-1.0 co2=355 tvoc_raw=30991 nox_raw=15733 pres=973.4
I (2212470) Orchestrator: display update done
I (2213460) Orchestrator: sensor_data: temp=26.0 hum=49.3 pm25=-1.0 co2=355 tvoc_raw=30991 nox_raw=15733 pres=973.4
I (2213470) Orchestrator: display update done
I (2214140) Lis2dh12: MOTION src=0x65  x=+10 mg  y=+20 mg  z=+1019 mg
I (2214460) Orchestrator: sensor_data: temp=26.0 hum=49.5 pm25=-1.0 co2=355 tvoc_raw=30991 nox_raw=15733 pres=973.4
I (2214470) Orchestrator: display update done
I (2215460) Orchestrator: sensor_data: temp=26.0 hum=49.7 pm25=-1.0 co2=355 tvoc_raw=30991 nox_raw=15733 pres=973.4
I (2215470) Orchestrator: display update done
I (2216460) Orchestrator: sensor_data: temp=26.0 hum=49.9 pm25=-1.0 co2=355 tvoc_raw=30991 nox_raw=15733 pres=973.4
I (2216470) Orchestrator: display update done
I (2217460) Orchestrator: sensor_data: temp=26.0 hum=50.1 pm25=-1.0 co2=355 tvoc_raw=30991 nox_raw=15733 pres=973.4
I (2217470) Orchestrator: display update done
I (2218460) Orchestrator: sensor_data: temp=26.1 hum=50.3 pm25=-1.0 co2=355 tvoc_raw=30991 nox_raw=15733 pres=973.4
I (2218470) Orchestrator: display update done
I (2219460) Orchestrator: sensor_data: temp=26.0 hum=50.5 pm25=-1.0 co2=354 tvoc_raw=30991 nox_raw=15733 pres=973.4
I (2219470) Orchestrator: display update done
I (2220460) Orchestrator: sensor_data: temp=26.0 hum=50.6 pm25=-1.0 co2=354 tvoc_raw=30991 nox_raw=15733 pres=973.4
I (2220470) Orchestrator: display update done
I (2221140) PowerService: BMS  chg=FastCharge en=1 chg_dis=0 src=UnknownAdapter vbus=4.64V ibus=676mA ibat=+748mA vsys=3804mV vpmid=4589mV tdie=33°C
I (2221140) PowerService: FG   SOC=31% V=3.762V I=+744mA P=+2799mW rem=693/2289mAh T=30.5°C [FC=0 CHG=1 DSG=0 OCV=1 ITPOR=0 CFGUP=0 BATDET=1] src=FG
I (2221160) PowerService: FG-LRN QMAX_UP=1 RES_UP=0 VOK=1 | V=3762mV FLAT(Qmax-invalid)
W (2221160) PowerService: BMS regulation: treg=0 vsys=0 iindpm=0 vindpm=1 safety=0 wd=0
I (2221460) Orchestrator: sensor_data: temp=26.0 hum=50.8 pm25=-1.0 co2=354 tvoc_raw=30991 nox_raw=15733 pres=973.4
I (2221470) Orchestrator: display update done
I (2223800) Lis2dh12: MOTION src=0x65  x=-42 mg  y=+44 mg  z=+569 mg
I (2223820) Orchestrator: sensor_data: temp=26.1 hum=51.2 pm25=-1.0 co2=354 tvoc_raw=30991 nox_raw=15733 pres=973.4
I (2223830) Orchestrator: display update done
I (2224820) Orchestrator: sensor_data: temp=26.1 hum=51.1 pm25=-1.0 co2=354 tvoc_raw=30991 nox_raw=15733 pres=973.4
I (2224830) Orchestrator: display update done
I (2225820) Orchestrator: sensor_data: temp=26.1 hum=51.3 pm25=-1.0 co2=354 tvoc_raw=30991 nox_raw=15733 pres=973.4
I (2225830) Orchestrator: display update done
I (2226820) Orchestrator: sensor_data: temp=26.1 hum=51.4 pm25=-1.0 co2=354 tvoc_raw=30991 nox_raw=15733 pres=973.4
I (2226830) Orchestrator: display update done
I (2227820) Orchestrator: sensor_data: temp=26.1 hum=51.4 pm25=-1.0 co2=354 tvoc_raw=30991 nox_raw=15733 pres=973.4
I (2227830) Orchestrator: display update done
I (2228820) Orchestrator: sensor_data: temp=26.1 hum=51.5 pm25=-1.0 co2=354 tvoc_raw=30991 nox_raw=15733 pres=973.4
I (2228830) Orchestrator: display update done
I (2229820) Orchestrator: sensor_data: temp=26.1 hum=51.7 pm25=-1.0 co2=354 tvoc_raw=30991 nox_raw=15733 pres=973.4
I (2229830) Orchestrator: display update done
I (2230820) Orchestrator: sensor_data: temp=26.1 hum=51.9 pm25=-1.0 co2=354 tvoc_raw=30991 nox_raw=15733 pres=973.4
I (2230830) Orchestrator: display update done
I (2231460) PowerService: BMS  chg=FastCharge en=1 chg_dis=0 src=UnknownAdapter vbus=4.63V ibus=676mA ibat=+744mA vsys=3806mV vpmid=4589mV tdie=33°C
I (2231460) PowerService: FG   SOC=31% V=3.765V I=+744mA P=+2801mW rem=695/2290mAh T=30.7°C [FC=0 CHG=1 DSG=0 OCV=1 ITPOR=0 CFGUP=0 BATDET=1] src=FG
I (2231480) PowerService: FG-LRN QMAX_UP=1 RES_UP=0 VOK=1 | V=3765mV FLAT(Qmax-invalid)
W (2231490) PowerService: BMS regulation: treg=0 vsys=0 iindpm=0 vindpm=1 safety=0 wd=0
I (2231820) Orchestrator: sensor_data: temp=26.1 hum=52.2 pm25=-1.0 co2=354 tvoc_raw=30991 nox_raw=15733 pres=973.4
I (2231830) Orchestrator: display update done
I (2232820) Orchestrator: sensor_data: temp=26.1 hum=52.2 pm25=-1.0 co2=354 tvoc_raw=30991 nox_raw=15733 pres=973.4
I (2232830) Orchestrator: display update done
I (2233820) Orchestrator: sensor_data: temp=26.2 hum=52.2 pm25=-1.0 co2=354 tvoc_raw=30991 nox_raw=15733 pres=973.4
I (2233830) Orchestrator: display update done
I (2234820) Orchestrator: sensor_data: temp=26.1 hum=52.2 pm25=-1.0 co2=354 tvoc_raw=30991 nox_raw=15733 pres=973.4
I (2234830) Orchestrator: display update done
I (2235820) Orchestrator: sensor_data: temp=26.1 hum=52.3 pm25=-1.0 co2=354 tvoc_raw=30991 nox_raw=15733 pres=973.4
I (2235830) Orchestrator: display update done
I (2236820) Orchestrator: sensor_data: temp=26.2 hum=52.3 pm25=-1.0 co2=354 tvoc_raw=30991 nox_raw=15733 pres=973.4
I (2236830) Orchestrator: display update done
I (2237820) Orchestrator: sensor_data: temp=26.2 hum=52.4 pm25=-1.0 co2=354 tvoc_raw=30991 nox_raw=15733 pres=973.4
I (2237830) Orchestrator: display update done
I (2238820) Orchestrator: sensor_data: temp=26.2 hum=52.4 pm25=-1.0 co2=354 tvoc_raw=30991 nox_raw=15733 pres=973.4
I (2238830) Orchestrator: display update done
I (2239820) Orchestrator: sensor_data: temp=26.2 hum=52.7 pm25=-1.0 co2=354 tvoc_raw=30991 nox_raw=15733 pres=973.4
I (2239830) Orchestrator: display update done
I (2240820) Orchestrator: sensor_data: temp=26.2 hum=52.6 pm25=-1.0 co2=354 tvoc_raw=30991 nox_raw=15733 pres=973.4
I (2240830) Orchestrator: display update done
I (2241500) PowerService: BMS  chg=FastCharge en=1 chg_dis=0 src=UnknownAdapter vbus=4.63V ibus=676mA ibat=+748mA vsys=3806mV vpmid=4589mV tdie=33°C
I (2241500) PowerService: FG   SOC=31% V=3.766V I=+743mA P=+2798mW rem=698/2290mAh T=30.7°C [FC=0 CHG=1 DSG=0 OCV=1 ITPOR=0 CFGUP=0 BATDET=1] src=FG
I (2241520) PowerService: FG-LRN QMAX_UP=1 RES_UP=0 VOK=1 | V=3766mV FLAT(Qmax-invalid)
W (2241520) PowerService: BMS regulation: treg=0 vsys=0 iindpm=0 vindpm=1 safety=0 wd=0
I (2241820) Orchestrator: sensor_data: temp=26.2 hum=52.5 pm25=-1.0 co2=354 tvoc_raw=30991 nox_raw=15733 pres=973.4
I (2241830) Orchestrator: display update done
I (2242820) Orchestrator: sensor_data: temp=26.3 hum=52.4 pm25=-1.0 co2=354 tvoc_raw=30991 nox_raw=15733 pres=973.4
I (2242830) Orchestrator: display update done
I (2243820) Orchestrator: sensor_data: temp=26.3 hum=52.4 pm25=-1.0 co2=354 tvoc_raw=30991 nox_raw=15733 pres=973.4
I (2243830) Orchestrator: display update done
I (2246180) Orchestrator: sensor_data: temp=26.3 hum=52.6 pm25=-1.0 co2=354 tvoc_raw=30991 nox_raw=15733 pres=973.4
I (2246190) Orchestrator: display update done
I (2247180) Orchestrator: sensor_data: temp=26.3 hum=52.8 pm25=-1.0 co2=354 tvoc_raw=30991 nox_raw=15733 pres=973.4
I (2247190) Orchestrator: display update done
I (2248180) Orchestrator: sensor_data: temp=26.3 hum=52.8 pm25=-1.0 co2=354 tvoc_raw=30991 nox_raw=15733 pres=973.4
I (2248190) Orchestrator: display update done
I (2249180) Orchestrator: sensor_data: temp=26.3 hum=52.9 pm25=-1.0 co2=353 tvoc_raw=30991 nox_raw=15733 pres=973.4
I (2249190) Orchestrator: display update done
I (2250180) Orchestrator: sensor_data: temp=26.3 hum=52.9 pm25=-1.0 co2=353 tvoc_raw=30991 nox_raw=15733 pres=973.4
I (2250190) Orchestrator: display update done
I (2251180) Orchestrator: sensor_data: temp=26.3 hum=52.8 pm25=-1.0 co2=354 tvoc_raw=30991 nox_raw=15733 pres=973.4
I (2251190) Orchestrator: display update done
I (2251820) PowerService: BMS  chg=FastCharge en=1 chg_dis=0 src=UnknownAdapter vbus=4.64V ibus=674mA ibat=+744mA vsys=3806mV vpmid=4589mV tdie=33°C
I (2251820) PowerService: FG   SOC=31% V=3.764V I=+743mA P=+2797mW rem=700/2290mAh T=30.8°C [FC=0 CHG=1 DSG=0 OCV=1 ITPOR=0 CFGUP=0 BATDET=1] src=FG
I (2251840) PowerService: FG-LRN QMAX_UP=1 RES_UP=0 VOK=1 | V=3764mV FLAT(Qmax-invalid)
W (2251850) PowerService: BMS regulation: treg=0 vsys=0 iindpm=0 vindpm=1 safety=0 wd=0
I (2252180) Orchestrator: sensor_data: temp=26.3 hum=52.7 pm25=-1.0 co2=354 tvoc_raw=30991 nox_raw=15733 pres=973.4
I (2252190) Orchestrator: display update done
I (2253180) Orchestrator: sensor_data: temp=26.3 hum=52.6 pm25=-1.0 co2=354 tvoc_raw=30991 nox_raw=15733 pres=973.4
I (2253190) Orchestrator: display update done
I (2254180) Orchestrator: sensor_data: temp=26.3 hum=52.6 pm25=-1.0 co2=354 tvoc_raw=30991 nox_raw=15733 pres=973.4
I (2254190) Orchestrator: display update done
I (2255180) Orchestrator: sensor_data: temp=26.3 hum=52.7 pm25=-1.0 co2=354 tvoc_raw=30991 nox_raw=15733 pres=973.4
I (2255190) Orchestrator: display update done
I (2256180) Orchestrator: sensor_data: temp=26.3 hum=52.7 pm25=-1.0 co2=354 tvoc_raw=30991 nox_raw=15733 pres=973.4
I (2256190) Orchestrator: display update done
I (2257180) Orchestrator: sensor_data: temp=26.4 hum=52.7 pm25=-1.0 co2=353 tvoc_raw=30991 nox_raw=15733 pres=973.4
I (2257190) Orchestrator: display update done
I (2258180) Orchestrator: sensor_data: temp=26.3 hum=52.7 pm25=-1.0 co2=353 tvoc_raw=30991 nox_raw=15733 pres=973.4
I (2258190) Orchestrator: display update done
I (2259180) Orchestrator: sensor_data: temp=26.3 hum=52.7 pm25=-1.0 co2=353 tvoc_raw=30991 nox_raw=15733 pres=973.4
I (2259190) Orchestrator: display update done
I (2260180) Orchestrator: sensor_data: temp=26.3 hum=52.8 pm25=-1.0 co2=353 tvoc_raw=30991 nox_raw=15733 pres=973.4
I (2260190) Orchestrator: display update done
I (2261180) Orchestrator: sensor_data: temp=26.3 hum=52.9 pm25=-1.0 co2=353 tvoc_raw=30991 nox_raw=15733 pres=973.4
I (2261190) Orchestrator: display update done
I (2261860) PowerService: BMS  chg=FastCharge en=1 chg_dis=0 src=UnknownAdapter vbus=4.63V ibus=676mA ibat=+748mA vsys=3806mV vpmid=4597mV tdie=33°C
I (2261860) PowerService: FG   SOC=31% V=3.765V I=+742mA P=+2794mW rem=702/2290mAh T=30.8°C [FC=0 CHG=1 DSG=0 OCV=1 ITPOR=0 CFGUP=0 BATDET=1] src=FG
I (2261880) PowerService: FG-LRN QMAX_UP=1 RES_UP=0 VOK=1 | V=3765mV FLAT(Qmax-invalid)
W (2261880) PowerService: BMS regulation: treg=0 vsys=0 iindpm=0 vindpm=1 safety=0 wd=0
I (2262180) Orchestrator: sensor_data: temp=26.3 hum=53.0 pm25=-1.0 co2=353 tvoc_raw=30991 nox_raw=15733 pres=973.4
I (2262190) Orchestrator: display update done
I (2263180) Orchestrator: sensor_data: temp=26.4 hum=53.2 pm25=-1.0 co2=353 tvoc_raw=30991 nox_raw=15733 pres=973.4
I (2263190) Orchestrator: display update done
I (2264180) Orchestrator: sensor_data: temp=26.4 hum=53.3 pm25=-1.0 co2=353 tvoc_raw=30991 nox_raw=15733 pres=973.4
I (2264190) Orchestrator: display update done
I (2265180) Orchestrator: sensor_data: temp=26.4 hum=53.2 pm25=-1.0 co2=353 tvoc_raw=30991 nox_raw=15733 pres=973.4
I (2265190) Orchestrator: display update done
I (2266180) Orchestrator: sensor_data: temp=26.4 hum=53.0 pm25=-1.0 co2=353 tvoc_raw=30991 nox_raw=15733 pres=973.4
I (2266180) Orchestrator: display update done
I (2268530) Orchestrator: sensor_data: temp=26.4 hum=52.9 pm25=-1.0 co2=353 tvoc_raw=30991 nox_raw=15733 pres=973.4
I (2268540) Orchestrator: display update done
I (2269530) Orchestrator: sensor_data: temp=26.5 hum=53.1 pm25=-1.0 co2=353 tvoc_raw=30991 nox_raw=15733 pres=973.4
I (2269540) Orchestrator: display update done
I (2270530) Orchestrator: sensor_data: temp=26.4 hum=53.1 pm25=-1.0 co2=353 tvoc_raw=30991 nox_raw=15733 pres=973.4
I (2270540) Orchestrator: display update done
I (2271530) Orchestrator: sensor_data: temp=26.4 hum=53.1 pm25=-1.0 co2=353 tvoc_raw=30991 nox_raw=15733 pres=973.4
I (2271540) Orchestrator: display update done
I (2272170) PowerService: BMS  chg=FastCharge en=1 chg_dis=0 src=UnknownAdapter vbus=4.64V ibus=674mA ibat=+744mA vsys=3806mV vpmid=4597mV tdie=34°C
I (2272170) PowerService: FG   SOC=31% V=3.767V I=+742mA P=+2795mW rem=704/2291mAh T=30.9°C [FC=0 CHG=1 DSG=0 OCV=1 ITPOR=0 CFGUP=0 BATDET=1] src=FG
I (2272190) PowerService: FG-LRN QMAX_UP=1 RES_UP=0 VOK=1 | V=3767mV FLAT(Qmax-invalid)
W (2272200) PowerService: BMS regulation: treg=0 vsys=0 iindpm=0 vindpm=1 safety=0 wd=0
I (2272530) Orchestrator: sensor_data: temp=26.4 hum=53.0 pm25=-1.0 co2=353 tvoc_raw=30991 nox_raw=15733 pres=973.4
I (2272540) Orchestrator: display update done
I (2273530) Orchestrator: sensor_data: temp=26.5 hum=53.0 pm25=-1.0 co2=353 tvoc_raw=30991 nox_raw=15733 pres=973.4
I (2273540) Orchestrator: display update done
I (2274530) Orchestrator: sensor_data: temp=26.4 hum=53.2 pm25=-1.0 co2=353 tvoc_raw=30991 nox_raw=15733 pres=973.4
I (2274540) Orchestrator: display update done
I (2275530) Orchestrator: sensor_data: temp=26.4 hum=53.3 pm25=-1.0 co2=353 tvoc_raw=30991 nox_raw=15733 pres=973.4
I (2275540) Orchestrator: display update done
I (2276530) Orchestrator: sensor_data: temp=26.4 hum=53.3 pm25=-1.0 co2=353 tvoc_raw=30991 nox_raw=15733 pres=973.4
I (2276540) Orchestrator: display update done
I (2277530) Orchestrator: sensor_data: temp=26.4 hum=53.4 pm25=-1.0 co2=353 tvoc_raw=30991 nox_raw=15733 pres=973.4
I (2277540) Orchestrator: display update done
I (2278530) Orchestrator: sensor_data: temp=26.4 hum=53.5 pm25=-1.0 co2=353 tvoc_raw=30991 nox_raw=15733 pres=973.4
I (2278540) Orchestrator: display update done
I (2279530) Orchestrator: sensor_data: temp=26.5 hum=53.4 pm25=-1.0 co2=353 tvoc_raw=30991 nox_raw=15733 pres=973.4
I (2279540) Orchestrator: display update done
I (2280530) Orchestrator: sensor_data: temp=26.5 hum=53.4 pm25=-1.0 co2=353 tvoc_raw=30991 nox_raw=15733 pres=973.4
I (2280530) Orchestrator: display update done
I (2281530) Orchestrator: sensor_data: temp=26.5 hum=53.5 pm25=-1.0 co2=353 tvoc_raw=30991 nox_raw=15733 pres=-1.0
I (2281530) Orchestrator: display update done
I (2282210) PowerService: BMS  chg=FastCharge en=1 chg_dis=0 src=UnknownAdapter vbus=4.64V ibus=676mA ibat=+744mA vsys=3810mV vpmid=4589mV tdie=34°C
I (2282210) PowerService: FG   SOC=31% V=3.768V I=+742mA P=+2796mW rem=706/2291mAh T=31.0°C [FC=0 CHG=1 DSG=0 OCV=1 ITPOR=0 CFGUP=0 BATDET=1] src=FG
I (2282230) PowerService: FG-LRN QMAX_UP=1 RES_UP=0 VOK=1 | V=3768mV FLAT(Qmax-invalid)
W (2282230) PowerService: BMS regulation: treg=0 vsys=0 iindpm=0 vindpm=1 safety=0 wd=0
I (2282530) Orchestrator: sensor_data: temp=26.4 hum=53.5 pm25=-1.0 co2=353 tvoc_raw=30991 nox_raw=15733 pres=973.4
I (2282540) Orchestrator: display update done
I (2283530) Orchestrator: sensor_data: temp=26.5 hum=53.6 pm25=-1.0 co2=353 tvoc_raw=30991 nox_raw=15733 pres=973.4
I (2283540) Orchestrator: display update done
I (2284530) Orchestrator: sensor_data: temp=26.5 hum=53.6 pm25=-1.0 co2=353 tvoc_raw=30991 nox_raw=15733 pres=973.4
I (2284540) Orchestrator: display update done
I (2285530) Orchestrator: sensor_data: temp=26.5 hum=53.6 pm25=-1.0 co2=353 tvoc_raw=30991 nox_raw=15733 pres=973.4
I (2285540) Orchestrator: display update done
I (2286530) Orchestrator: sensor_data: temp=26.5 hum=53.6 pm25=-1.0 co2=353 tvoc_raw=30991 nox_raw=15733 pres=973.4
I (2286540) Orchestrator: display update done
I (2287530) Orchestrator: sensor_data: temp=26.5 hum=53.6 pm25=-1.0 co2=353 tvoc_raw=30991 nox_raw=15733 pres=973.4
I (2287540) Orchestrator: display update done
I (2288530) Orchestrator: sensor_data: temp=26.5 hum=53.6 pm25=-1.0 co2=353 tvoc_raw=30991 nox_raw=15733 pres=973.4
I (2288540) Orchestrator: display update done
I (2290890) Orchestrator: sensor_data: temp=26.5 hum=53.7 pm25=-1.0 co2=353 tvoc_raw=30991 nox_raw=15733 pres=973.4
I (2290900) Orchestrator: display update done
I (2291890) Orchestrator: sensor_data: temp=26.5 hum=53.7 pm25=-1.0 co2=353 tvoc_raw=30991 nox_raw=15733 pres=973.4
I (2291900) Orchestrator: display update done
I (2292530) PowerService: BMS  chg=FastCharge en=1 chg_dis=0 src=UnknownAdapter vbus=4.64V ibus=674mA ibat=+744mA vsys=3810mV vpmid=4589mV tdie=34°C
I (2292530) PowerService: FG   SOC=31% V=3.766V I=+741mA P=+2791mW rem=708/2291mAh T=31.0°C [FC=0 CHG=1 DSG=0 OCV=1 ITPOR=0 CFGUP=0 BATDET=1] src=FG
I (2292550) PowerService: FG-LRN QMAX_UP=1 RES_UP=0 VOK=1 | V=3766mV FLAT(Qmax-invalid)
W (2292560) PowerService: BMS regulation: treg=0 vsys=0 iindpm=0 vindpm=1 safety=0 wd=0
I (2292890) Orchestrator: sensor_data: temp=26.5 hum=53.7 pm25=-1.0 co2=353 tvoc_raw=30991 nox_raw=15733 pres=973.4
I (2292900) Orchestrator: display update done
I (2293890) Orchestrator: sensor_data: temp=26.4 hum=53.7 pm25=-1.0 co2=353 tvoc_raw=30991 nox_raw=15733 pres=973.4
I (2293900) Orchestrator: display update done
I (2294890) Orchestrator: sensor_data: temp=26.5 hum=53.6 pm25=-1.0 co2=353 tvoc_raw=30991 nox_raw=15733 pres=973.4
I (2294900) Orchestrator: display update done
I (2295890) Orchestrator: sensor_data: temp=26.5 hum=53.6 pm25=-1.0 co2=353 tvoc_raw=30991 nox_raw=15733 pres=973.4
I (2295890) Orchestrator: display update done
I (2296890) Orchestrator: sensor_data: temp=26.5 hum=53.8 pm25=-1.0 co2=353 tvoc_raw=30991 nox_raw=15733 pres=-1.0
I (2296890) Orchestrator: display update done
I (2297890) Orchestrator: sensor_data: temp=26.5 hum=53.9 pm25=-1.0 co2=353 tvoc_raw=30991 nox_raw=15733 pres=973.4
I (2297900) Orchestrator: display update done
I (2298890) Orchestrator: sensor_data: temp=26.5 hum=53.9 pm25=-1.0 co2=353 tvoc_raw=30991 nox_raw=15733 pres=973.4
I (2298900) Orchestrator: display update done
I (2299890) Orchestrator: sensor_data: temp=26.5 hum=54.0 pm25=-1.0 co2=353 tvoc_raw=30991 nox_raw=15733 pres=973.4
I (2299900) Orchestrator: display update done
I (2300890) Orchestrator: sensor_data: temp=26.5 hum=54.0 pm25=-1.0 co2=353 tvoc_raw=30991 nox_raw=15733 pres=973.4
I (2300900) Orchestrator: display update done
I (2301890) Orchestrator: sensor_data: temp=26.6 hum=54.0 pm25=-1.0 co2=353 tvoc_raw=30991 nox_raw=15733 pres=973.4
I (2301900) Orchestrator: display update done
I (2302570) PowerService: BMS  chg=FastCharge en=1 chg_dis=0 src=UnknownAdapter vbus=4.64V ibus=676mA ibat=+744mA vsys=3808mV vpmid=4589mV tdie=34°C
I (2302570) PowerService: FG   SOC=31% V=3.767V I=+741mA P=+2791mW rem=710/2291mAh T=31.0°C [FC=0 CHG=1 DSG=0 OCV=1 ITPOR=0 CFGUP=0 BATDET=1] src=FG
I (2302590) PowerService: FG-LRN QMAX_UP=1 RES_UP=0 VOK=1 | V=3767mV FLAT(Qmax-invalid)
W (2302590) PowerService: BMS regulation: treg=0 vsys=0 iindpm=0 vindpm=1 safety=0 wd=0
I (2302890) Orchestrator: sensor_data: temp=26.6 hum=54.1 pm25=-1.0 co2=353 tvoc_raw=30991 nox_raw=15733 pres=973.4
I (2302900) Orchestrator: display update done
I (2303890) Orchestrator: sensor_data: temp=26.6 hum=54.1 pm25=-1.0 co2=353 tvoc_raw=30991 nox_raw=15733 pres=973.4
I (2303900) Orchestrator: display update done
I (2304890) Orchestrator: sensor_data: temp=26.6 hum=54.1 pm25=-1.0 co2=353 tvoc_raw=30991 nox_raw=15733 pres=973.4
I (2304900) Orchestrator: display update done
I (2305890) Orchestrator: sensor_data: temp=26.6 hum=53.9 pm25=-1.0 co2=353 tvoc_raw=30991 nox_raw=15733 pres=973.4
I (2305900) Orchestrator: display update done
I (2306890) Orchestrator: sensor_data: temp=26.6 hum=53.8 pm25=-1.0 co2=353 tvoc_raw=30991 nox_raw=15733 pres=973.4
I (2306900) Orchestrator: display update done
I (2307890) Orchestrator: sensor_data: temp=26.6 hum=53.7 pm25=-1.0 co2=353 tvoc_raw=30991 nox_raw=15733 pres=973.4
I (2307900) Orchestrator: display update done
I (2308890) Orchestrator: sensor_data: temp=26.6 hum=53.5 pm25=-1.0 co2=353 tvoc_raw=30991 nox_raw=15733 pres=973.4
I (2308900) Orchestrator: display update done
I (2309890) Orchestrator: sensor_data: temp=26.6 hum=53.5 pm25=-1.0 co2=353 tvoc_raw=30991 nox_raw=15733 pres=973.4
I (2309900) Orchestrator: display update done
I (2310890) Orchestrator: sensor_data: temp=26.6 hum=53.5 pm25=-1.0 co2=353 tvoc_raw=30991 nox_raw=15733 pres=973.4
I (2310900) Orchestrator: display update done
I (2313240) PowerService: BMS  chg=FastCharge en=1 chg_dis=0 src=UnknownAdapter vbus=4.64V ibus=672mA ibat=+740mA vsys=3810mV vpmid=4589mV tdie=34°C
I (2313240) PowerService: FG   SOC=32% V=3.767V I=+735mA P=+2769mW rem=712/2292mAh T=31.1°C [FC=0 CHG=1 DSG=0 OCV=1 ITPOR=0 CFGUP=0 BATDET=1] src=FG
I (2313250) PowerService: FG-LRN QMAX_UP=1 RES_UP=0 VOK=1 | V=3767mV FLAT(Qmax-invalid)
W (2313260) PowerService: BMS regulation: treg=0 vsys=0 iindpm=0 vindpm=1 safety=0 wd=0
I (2313270) Orchestrator: sensor_data: temp=26.6 hum=53.5 pm25=-1.0 co2=353 tvoc_raw=30991 nox_raw=15733 pres=973.4
I (2313290) Orchestrator: display update done
I (2315120) Orchestrator: sensor_data: temp=26.6 hum=53.5 pm25=-1.0 co2=353 tvoc_raw=30991 nox_raw=15733 pres=973.4
I (2315130) Orchestrator: display update done
I (2316120) Orchestrator: sensor_data: temp=26.6 hum=53.5 pm25=-1.0 co2=353 tvoc_raw=30991 nox_raw=15733 pres=973.4
I (2316130) Orchestrator: display update done
I (2317120) Orchestrator: sensor_data: temp=26.6 hum=53.5 pm25=-1.0 co2=353 tvoc_raw=30991 nox_raw=15733 pres=973.4
I (2317130) Orchestrator: display update done
I (2318120) Orchestrator: sensor_data: temp=26.6 hum=53.5 pm25=-1.0 co2=353 tvoc_raw=30991 nox_raw=15733 pres=973.5
I (2318130) Orchestrator: display update done
I (2319120) Orchestrator: sensor_data: temp=26.6 hum=53.6 pm25=-1.0 co2=353 tvoc_raw=30991 nox_raw=15733 pres=973.4
I (2319130) Orchestrator: display update done
I (2320120) Orchestrator: sensor_data: temp=26.6 hum=53.5 pm25=-1.0 co2=353 tvoc_raw=30991 nox_raw=15733 pres=973.4
I (2320130) Orchestrator: display update done
I (2321120) Orchestrator: sensor_data: temp=26.6 hum=53.5 pm25=-1.0 co2=353 tvoc_raw=30991 nox_raw=15733 pres=973.4
I (2321130) Orchestrator: display update done
I (2322120) Orchestrator: sensor_data: temp=26.6 hum=53.6 pm25=-1.0 co2=353 tvoc_raw=30991 nox_raw=15733 pres=973.4
I (2322130) Orchestrator: display update done
I (2323120) Orchestrator: sensor_data: temp=26.5 hum=53.7 pm25=-1.0 co2=353 tvoc_raw=30991 nox_raw=15733 pres=973.4
I (2323130) Orchestrator: display update done
I (2323760) PowerService: BMS  chg=FastCharge en=1 chg_dis=0 src=UnknownAdapter vbus=4.64V ibus=674mA ibat=+740mA vsys=3810mV vpmid=4597mV tdie=34°C
I (2323760) PowerService: FG   SOC=32% V=3.768V I=+740mA P=+2788mW rem=714/2292mAh T=31.1°C [FC=0 CHG=1 DSG=0 OCV=1 ITPOR=0 CFGUP=0 BATDET=1] src=FG
I (2323780) PowerService: FG-LRN QMAX_UP=1 RES_UP=0 VOK=1 | V=3768mV FLAT(Qmax-invalid)
W (2323790) PowerService: BMS regulation: treg=0 vsys=0 iindpm=0 vindpm=1 safety=0 wd=0
I (2324120) Orchestrator: sensor_data: temp=26.5 hum=53.7 pm25=-1.0 co2=353 tvoc_raw=30991 nox_raw=15733 pres=973.4
I (2324130) Orchestrator: display update done
I (2325120) Orchestrator: sensor_data: temp=26.5 hum=53.8 pm25=-1.0 co2=353 tvoc_raw=30991 nox_raw=15733 pres=973.4
I (2325130) Orchestrator: display update done
I (2326120) Orchestrator: sensor_data: temp=26.5 hum=53.9 pm25=-1.0 co2=353 tvoc_raw=30991 nox_raw=15733 pres=973.4
I (2326130) Orchestrator: display update done
I (2327120) Orchestrator: sensor_data: temp=26.6 hum=54.0 pm25=-1.0 co2=353 tvoc_raw=30991 nox_raw=15733 pres=973.4
I (2327130) Orchestrator: display update done
I (2328120) Orchestrator: sensor_data: temp=26.6 hum=54.1 pm25=-1.0 co2=353 tvoc_raw=30991 nox_raw=15733 pres=973.4
I (2328130) Orchestrator: display update done
I (2329120) Orchestrator: sensor_data: temp=26.6 hum=54.1 pm25=-1.0 co2=353 tvoc_raw=30991 nox_raw=15733 pres=973.4
I (2329130) Orchestrator: display update done
I (2330120) Orchestrator: sensor_data: temp=26.6 hum=54.1 pm25=-1.0 co2=353 tvoc_raw=30991 nox_raw=15733 pres=973.4
I (2330130) Orchestrator: display update done
I (2331120) Orchestrator: sensor_data: temp=26.6 hum=54.2 pm25=-1.0 co2=353 tvoc_raw=30991 nox_raw=15733 pres=973.4
I (2331130) Orchestrator: display update done
I (2332120) Orchestrator: sensor_data: temp=26.6 hum=54.1 pm25=-1.0 co2=353 tvoc_raw=30991 nox_raw=15733 pres=973.4
I (2332130) Orchestrator: display update done
I (2333120) Orchestrator: sensor_data: temp=26.6 hum=54.0 pm25=-1.0 co2=353 tvoc_raw=30991 nox_raw=15733 pres=973.4
I (2333130) Orchestrator: display update done
I (2333800) PowerService: BMS  chg=FastCharge en=1 chg_dis=0 src=UnknownAdapter vbus=4.64V ibus=674mA ibat=+740mA vsys=3810mV vpmid=4589mV tdie=34°C
I (2333800) PowerService: FG   SOC=32% V=3.768V I=+740mA P=+2788mW rem=716/2292mAh T=31.2°C [FC=0 CHG=1 DSG=0 OCV=1 ITPOR=0 CFGUP=0 BATDET=1] src=FG
I (2333820) PowerService: FG-LRN QMAX_UP=1 RES_UP=0 VOK=1 | V=3768mV FLAT(Qmax-invalid)
W (2333820) PowerService: BMS regulation: treg=0 vsys=0 iindpm=0 vindpm=1 safety=0 wd=0
I (2334120) Orchestrator: sensor_data: temp=26.6 hum=54.0 pm25=-1.0 co2=353 tvoc_raw=30991 nox_raw=15733 pres=973.4
I (2334130) Orchestrator: display update done
I (2336480) Orchestrator: sensor_data: temp=26.6 hum=53.9 pm25=-1.0 co2=353 tvoc_raw=30991 nox_raw=15733 pres=973.4
I (2336490) Orchestrator: display update done
I (2337480) Orchestrator: sensor_data: temp=26.6 hum=53.9 pm25=-1.0 co2=353 tvoc_raw=30991 nox_raw=15733 pres=973.4
I (2337490) Orchestrator: display update done
I (2338480) Orchestrator: sensor_data: temp=26.6 hum=53.9 pm25=-1.0 co2=353 tvoc_raw=30991 nox_raw=15733 pres=973.4
I (2338490) Orchestrator: display update done
I (2339480) Orchestrator: sensor_data: temp=26.6 hum=53.8 pm25=-1.0 co2=353 tvoc_raw=30991 nox_raw=15733 pres=973.4
I (2339490) Orchestrator: display update done
I (2340480) Orchestrator: sensor_data: temp=26.6 hum=53.8 pm25=-1.0 co2=354 tvoc_raw=30991 nox_raw=15733 pres=973.4
I (2340490) Orchestrator: display update done
I (2341480) Orchestrator: sensor_data: temp=26.6 hum=53.8 pm25=-1.0 co2=354 tvoc_raw=30991 nox_raw=15733 pres=973.4
I (2341490) Orchestrator: display update done
I (2342480) Orchestrator: sensor_data: temp=26.6 hum=53.9 pm25=-1.0 co2=354 tvoc_raw=30991 nox_raw=15733 pres=973.4
I (2342490) Orchestrator: display update done
I (2343310) Lis2dh12: MOTION src=0x65  x=+48 mg  y=+52 mg  z=+907 mg
I (2343480) Orchestrator: sensor_data: temp=26.6 hum=53.8 pm25=-1.0 co2=354 tvoc_raw=30991 nox_raw=15733 pres=973.4
I (2343490) Orchestrator: display update done
I (2344120) PowerService: BMS  chg=FastCharge en=1 chg_dis=0 src=UnknownAdapter vbus=4.63V ibus=674mA ibat=+740mA vsys=3810mV vpmid=4597mV tdie=34°C
I (2344120) PowerService: FG   SOC=32% V=3.771V I=+740mA P=+2791mW rem=718/2293mAh T=31.2°C [FC=0 CHG=1 DSG=0 OCV=1 ITPOR=0 CFGUP=0 BATDET=1] src=FG
I (2344140) PowerService: FG-LRN QMAX_UP=1 RES_UP=0 VOK=1 | V=3771mV FLAT(Qmax-invalid)
W (2344150) PowerService: BMS regulation: treg=0 vsys=0 iindpm=0 vindpm=1 safety=0 wd=0
I (2344480) Orchestrator: sensor_data: temp=26.6 hum=53.8 pm25=-1.0 co2=354 tvoc_raw=30991 nox_raw=15733 pres=973.4
I (2344490) Orchestrator: display update done
I (2345480) Orchestrator: sensor_data: temp=26.6 hum=53.8 pm25=-1.0 co2=354 tvoc_raw=30991 nox_raw=15733 pres=973.4
I (2345490) Orchestrator: display update done
I (2346480) Orchestrator: sensor_data: temp=26.6 hum=53.8 pm25=-1.0 co2=354 tvoc_raw=30991 nox_raw=15733 pres=973.4
I (2346490) Orchestrator: display update done
I (2347480) Orchestrator: sensor_data: temp=26.6 hum=53.9 pm25=-1.0 co2=354 tvoc_raw=30991 nox_raw=15733 pres=973.4
I (2347490) Orchestrator: display update done
I (2348480) Orchestrator: sensor_data: temp=26.7 hum=53.9 pm25=-1.0 co2=354 tvoc_raw=30991 nox_raw=15733 pres=973.4
I (2348490) Orchestrator: display update done
I (2349480) Orchestrator: sensor_data: temp=26.7 hum=53.9 pm25=-1.0 co2=354 tvoc_raw=30991 nox_raw=15733 pres=973.4
I (2349490) Orchestrator: display update done
I (2350480) Orchestrator: sensor_data: temp=26.6 hum=53.9 pm25=-1.0 co2=354 tvoc_raw=30991 nox_raw=15733 pres=973.4
I (2350490) Orchestrator: display update done
I (2351480) Orchestrator: sensor_data: temp=26.7 hum=54.1 pm25=-1.0 co2=354 tvoc_raw=30991 nox_raw=15733 pres=973.4
I (2351490) Orchestrator: display update done
I (2352480) Orchestrator: sensor_data: temp=26.6 hum=54.2 pm25=-1.0 co2=354 tvoc_raw=30991 nox_raw=15733 pres=973.4
I (2352490) Orchestrator: display update done
I (2353480) Orchestrator: sensor_data: temp=26.6 hum=54.4 pm25=-1.0 co2=354 tvoc_raw=30991 nox_raw=15733 pres=973.4
I (2353490) Orchestrator: display update done
I (2354160) PowerService: BMS  chg=FastCharge en=1 chg_dis=0 src=UnknownAdapter vbus=4.64V ibus=674mA ibat=+740mA vsys=3814mV vpmid=4589mV tdie=34°C
I (2354160) PowerService: FG   SOC=32% V=3.772V I=+739mA P=+2788mW rem=721/2293mAh T=31.2°C [FC=0 CHG=1 DSG=0 OCV=1 ITPOR=0 CFGUP=0 BATDET=1] src=FG
I (2354180) PowerService: FG-LRN QMAX_UP=1 RES_UP=0 VOK=1 | V=3772mV FLAT(Qmax-invalid)
W (2354180) PowerService: BMS regulation: treg=0 vsys=0 iindpm=0 vindpm=1 safety=0 wd=0
I (2354480) Orchestrator: sensor_data: temp=26.6 hum=54.4 pm25=-1.0 co2=354 tvoc_raw=30991 nox_raw=15733 pres=973.4
I (2354490) Orchestrator: display update done
I (2355480) Orchestrator: sensor_data: temp=26.6 hum=54.5 pm25=-1.0 co2=354 tvoc_raw=30991 nox_raw=15733 pres=973.4
I (2355490) Orchestrator: display update done
I (2356480) Orchestrator: sensor_data: temp=26.6 hum=54.4 pm25=-1.0 co2=354 tvoc_raw=30991 nox_raw=15733 pres=973.4
I (2356490) Orchestrator: display update done
I (2358840) Orchestrator: sensor_data: temp=26.6 hum=54.4 pm25=-1.0 co2=354 tvoc_raw=30991 nox_raw=15733 pres=973.4
I (2358850) Orchestrator: display update done
I (2359840) Orchestrator: sensor_data: temp=26.7 hum=54.3 pm25=-1.0 co2=354 tvoc_raw=30991 nox_raw=15733 pres=973.4
I (2359850) Orchestrator: display update done
I (2360840) Orchestrator: sensor_data: temp=26.7 hum=54.2 pm25=-1.0 co2=354 tvoc_raw=30991 nox_raw=15733 pres=973.4
I (2360850) Orchestrator: display update done
I (2361840) Orchestrator: sensor_data: temp=26.7 hum=54.1 pm25=-1.0 co2=354 tvoc_raw=30991 nox_raw=15733 pres=973.4
I (2361850) Orchestrator: display update done
I (2362840) Orchestrator: sensor_data: temp=26.7 hum=54.0 pm25=-1.0 co2=354 tvoc_raw=30991 nox_raw=15733 pres=973.4
I (2362850) Orchestrator: display update done
I (2363840) Orchestrator: sensor_data: temp=26.7 hum=54.0 pm25=-1.0 co2=354 tvoc_raw=30991 nox_raw=15733 pres=973.4
I (2363850) Orchestrator: display update done
I (2364480) PowerService: BMS  chg=FastCharge en=1 chg_dis=0 src=UnknownAdapter vbus=4.64V ibus=674mA ibat=+740mA vsys=3812mV vpmid=4589mV tdie=34°C
I (2364480) PowerService: FG   SOC=32% V=3.770V I=+739mA P=+2786mW rem=723/2293mAh T=31.2°C [FC=0 CHG=1 DSG=0 OCV=1 ITPOR=0 CFGUP=0 BATDET=1] src=FG
I (2364500) PowerService: FG-LRN QMAX_UP=1 RES_UP=0 VOK=1 | V=3770mV FLAT(Qmax-invalid)
W (2364510) PowerService: BMS regulation: treg=0 vsys=0 iindpm=0 vindpm=1 safety=0 wd=0
I (2364840) Orchestrator: sensor_data: temp=26.7 hum=54.1 pm25=-1.0 co2=354 tvoc_raw=30991 nox_raw=15733 pres=973.4
I (2364850) Orchestrator: display update done
I (2365840) Orchestrator: sensor_data: temp=26.7 hum=54.0 pm25=-1.0 co2=354 tvoc_raw=30991 nox_raw=15733 pres=973.4
I (2365850) Orchestrator: display update done
I (2366840) Orchestrator: sensor_data: temp=26.7 hum=54.1 pm25=-1.0 co2=354 tvoc_raw=30991 nox_raw=15733 pres=973.4
I (2366850) Orchestrator: display update done
I (2367840) Orchestrator: sensor_data: temp=26.7 hum=54.0 pm25=-1.0 co2=354 tvoc_raw=30991 nox_raw=15733 pres=973.4
I (2367850) Orchestrator: display update done
I (2368840) Orchestrator: sensor_data: temp=26.7 hum=54.0 pm25=-1.0 co2=354 tvoc_raw=30991 nox_raw=15733 pres=973.4
I (2368850) Orchestrator: display update done
I (2369840) Orchestrator: sensor_data: temp=26.7 hum=54.0 pm25=-1.0 co2=354 tvoc_raw=30991 nox_raw=15733 pres=973.4
I (2369850) Orchestrator: display update done
I (2370840) Orchestrator: sensor_data: temp=26.7 hum=54.0 pm25=-1.0 co2=354 tvoc_raw=30991 nox_raw=15733 pres=973.4
I (2370850) Orchestrator: display update done
I (2371840) Orchestrator: sensor_data: temp=26.7 hum=54.0 pm25=-1.0 co2=354 tvoc_raw=30991 nox_raw=15733 pres=973.4
I (2371850) Orchestrator: display update done
I (2372840) Orchestrator: sensor_data: temp=26.7 hum=53.9 pm25=-1.0 co2=354 tvoc_raw=30991 nox_raw=15733 pres=973.4
I (2372850) Orchestrator: display update done
I (2373840) Orchestrator: sensor_data: temp=26.7 hum=53.9 pm25=-1.0 co2=354 tvoc_raw=30991 nox_raw=15733 pres=973.4
I (2373850) Orchestrator: display update done
I (2374520) PowerService: BMS  chg=FastCharge en=1 chg_dis=0 src=UnknownAdapter vbus=4.64V ibus=674mA ibat=+740mA vsys=3810mV vpmid=4589mV tdie=34°C
I (2374520) PowerService: FG   SOC=32% V=3.770V I=+739mA P=+2786mW rem=725/2293mAh T=31.2°C [FC=0 CHG=1 DSG=0 OCV=1 ITPOR=0 CFGUP=0 BATDET=1] src=FG
I (2374540) PowerService: FG-LRN QMAX_UP=1 RES_UP=0 VOK=1 | V=3770mV FLAT(Qmax-invalid)
W (2374540) PowerService: BMS regulation: treg=0 vsys=0 iindpm=0 vindpm=1 safety=0 wd=0
I (2374840) Orchestrator: sensor_data: temp=26.7 hum=53.9 pm25=-1.0 co2=354 tvoc_raw=30991 nox_raw=15733 pres=973.4
I (2374850) Orchestrator: display update done
I (2375840) Orchestrator: sensor_data: temp=26.7 hum=53.9 pm25=-1.0 co2=354 tvoc_raw=30991 nox_raw=15733 pres=973.4
I (2375850) Orchestrator: display update done
I (2376840) Orchestrator: sensor_data: temp=26.7 hum=53.8 pm25=-1.0 co2=354 tvoc_raw=30991 nox_raw=15733 pres=973.4
I (2376840) Orchestrator: display update done
I (2377840) Orchestrator: sensor_data: temp=26.7 hum=53.8 pm25=-1.0 co2=355 tvoc_raw=30991 nox_raw=15733 pres=973.4
I (2377850) Orchestrator: display update done
I (2378840) Orchestrator: sensor_data: temp=26.7 hum=53.9 pm25=-1.0 co2=355 tvoc_raw=30991 nox_raw=15733 pres=-1.0
I (2378840) Orchestrator: display update done
I (2381190) Orchestrator: sensor_data: temp=26.7 hum=54.1 pm25=-1.0 co2=355 tvoc_raw=30991 nox_raw=15733 pres=973.4
I (2381200) Orchestrator: display update done
I (2382190) Orchestrator: sensor_data: temp=26.7 hum=54.1 pm25=-1.0 co2=355 tvoc_raw=30991 nox_raw=15733 pres=973.4
I (2382200) Orchestrator: display update done
I (2383190) Orchestrator: sensor_data: temp=26.7 hum=54.2 pm25=-1.0 co2=355 tvoc_raw=30991 nox_raw=15733 pres=973.4
I (2383200) Orchestrator: display update done
I (2384190) Orchestrator: sensor_data: temp=26.6 hum=54.2 pm25=-1.0 co2=355 tvoc_raw=30991 nox_raw=15733 pres=973.4
I (2384200) Orchestrator: display update done
I (2384830) PowerService: BMS  chg=FastCharge en=1 chg_dis=0 src=UnknownAdapter vbus=4.64V ibus=672mA ibat=+740mA vsys=3812mV vpmid=4589mV tdie=34°C
I (2384830) PowerService: FG   SOC=32% V=3.771V I=+738mA P=+2783mW rem=727/2294mAh T=31.2°C [FC=0 CHG=1 DSG=0 OCV=1 ITPOR=0 CFGUP=0 BATDET=1] src=FG
I (2384850) PowerService: FG-LRN QMAX_UP=1 RES_UP=0 VOK=1 | V=3771mV FLAT(Qmax-invalid)
W (2384860) PowerService: BMS regulation: treg=0 vsys=0 iindpm=0 vindpm=1 safety=0 wd=0
I (2385190) Orchestrator: sensor_data: temp=26.7 hum=54.3 pm25=-1.0 co2=355 tvoc_raw=30991 nox_raw=15733 pres=973.4
I (2385200) Orchestrator: display update done
I (2386190) Orchestrator: sensor_data: temp=26.7 hum=54.4 pm25=-1.0 co2=355 tvoc_raw=30991 nox_raw=15733 pres=973.4
I (2386200) Orchestrator: display update done
I (2387190) Orchestrator: sensor_data: temp=26.7 hum=54.5 pm25=-1.0 co2=355 tvoc_raw=30991 nox_raw=15733 pres=973.4
I (2387200) Orchestrator: display update done
I (2388190) Orchestrator: sensor_data: temp=26.7 hum=54.5 pm25=-1.0 co2=355 tvoc_raw=30991 nox_raw=15733 pres=973.4
I (2388200) Orchestrator: display update done
I (2389190) Orchestrator: sensor_data: temp=26.7 hum=54.5 pm25=-1.0 co2=355 tvoc_raw=30991 nox_raw=15733 pres=973.4
I (2389200) Orchestrator: display update done
I (2390190) Orchestrator: sensor_data: temp=26.7 hum=54.5 pm25=-1.0 co2=355 tvoc_raw=30991 nox_raw=15733 pres=973.4
I (2390200) Orchestrator: display update done
I (2391190) Orchestrator: sensor_data: temp=26.7 hum=54.6 pm25=-1.0 co2=355 tvoc_raw=30991 nox_raw=15733 pres=973.4
I (2391200) Orchestrator: display update done
I (2392190) Orchestrator: sensor_data: temp=26.7 hum=54.6 pm25=-1.0 co2=355 tvoc_raw=30991 nox_raw=15733 pres=973.4
I (2392190) Orchestrator: display update done
I (2393190) Orchestrator: sensor_data: temp=26.7 hum=54.6 pm25=-1.0 co2=355 tvoc_raw=30991 nox_raw=15733 pres=-1.0
I (2393190) Orchestrator: display update done
I (2394190) Orchestrator: sensor_data: temp=26.7 hum=54.7 pm25=-1.0 co2=355 tvoc_raw=30991 nox_raw=15733 pres=973.4
I (2394200) Orchestrator: display update done
I (2394870) PowerService: BMS  chg=FastCharge en=1 chg_dis=0 src=UnknownAdapter vbus=4.64V ibus=674mA ibat=+752mA vsys=3812mV vpmid=4589mV tdie=34°C
I (2394870) PowerService: FG   SOC=32% V=3.771V I=+738mA P=+2783mW rem=729/2294mAh T=31.2°C [FC=0 CHG=1 DSG=0 OCV=1 ITPOR=0 CFGUP=0 BATDET=1] src=FG
I (2394890) PowerService: FG-LRN QMAX_UP=1 RES_UP=0 VOK=1 | V=3771mV FLAT(Qmax-invalid)
W (2394890) PowerService: BMS regulation: treg=0 vsys=0 iindpm=0 vindpm=1 safety=0 wd=0
I (2395190) Orchestrator: sensor_data: temp=26.7 hum=54.7 pm25=-1.0 co2=355 tvoc_raw=30991 nox_raw=15733 pres=973.4
I (2395200) Orchestrator: display update done
I (2396190) Orchestrator: sensor_data: temp=26.7 hum=54.6 pm25=-1.0 co2=355 tvoc_raw=30991 nox_raw=15733 pres=973.4
I (2396200) Orchestrator: display update done
I (2397190) Orchestrator: sensor_data: temp=26.7 hum=54.6 pm25=-1.0 co2=355 tvoc_raw=30991 nox_raw=15733 pres=973.4
I (2397200) Orchestrator: display update done
I (2398190) Orchestrator: sensor_data: temp=26.7 hum=54.7 pm25=-1.0 co2=356 tvoc_raw=30991 nox_raw=15733 pres=973.4
I (2398200) Orchestrator: display update done
I (2399190) Orchestrator: sensor_data: temp=26.7 hum=54.7 pm25=-1.0 co2=356 tvoc_raw=30991 nox_raw=15733 pres=973.4
I (2399200) Orchestrator: display update done
I (2400190) Orchestrator: sensor_data: temp=26.7 hum=54.8 pm25=-1.0 co2=356 tvoc_raw=30991 nox_raw=15733 pres=973.4
I (2400200) Orchestrator: display update done
I (2401190) Orchestrator: sensor_data: temp=26.7 hum=54.8 pm25=-1.0 co2=356 tvoc_raw=30991 nox_raw=15733 pres=973.4
I (2401200) Orchestrator: display update done
I (2403550) Orchestrator: sensor_data: temp=26.7 hum=54.7 pm25=-1.0 co2=356 tvoc_raw=30991 nox_raw=15733 pres=973.4
I (2403560) Orchestrator: display update done
I (2404550) Orchestrator: sensor_data: temp=26.7 hum=54.8 pm25=-1.0 co2=356 tvoc_raw=30991 nox_raw=15733 pres=973.4
I (2404560) Orchestrator: display update done
I (2405190) PowerService: BMS  chg=FastCharge en=1 chg_dis=0 src=UnknownAdapter vbus=4.64V ibus=674mA ibat=+740mA vsys=3812mV vpmid=4597mV tdie=34°C
I (2405190) PowerService: FG   SOC=32% V=3.774V I=+738mA P=+2785mW rem=731/2294mAh T=31.4°C [FC=0 CHG=1 DSG=0 OCV=1 ITPOR=0 CFGUP=0 BATDET=1] src=FG
I (2405210) PowerService: FG-LRN QMAX_UP=1 RES_UP=0 VOK=1 | V=3774mV FLAT(Qmax-invalid)
W (2405220) PowerService: BMS regulation: treg=0 vsys=0 iindpm=0 vindpm=1 safety=0 wd=0
I (2405550) Orchestrator: sensor_data: temp=26.7 hum=54.9 pm25=-1.0 co2=356 tvoc_raw=30991 nox_raw=15733 pres=973.4
I (2405560) Orchestrator: display update done
I (2406550) Orchestrator: sensor_data: temp=26.7 hum=54.9 pm25=-1.0 co2=356 tvoc_raw=30991 nox_raw=15733 pres=973.4
I (2406550) Orchestrator: display update done
I (2407550) Orchestrator: sensor_data: temp=26.7 hum=54.8 pm25=-1.0 co2=356 tvoc_raw=30991 nox_raw=15733 pres=-1.0
I (2407550) Orchestrator: display update done
I (2408550) Orchestrator: sensor_data: temp=26.7 hum=55.0 pm25=-1.0 co2=356 tvoc_raw=30991 nox_raw=15733 pres=973.4
I (2408560) Orchestrator: display update done
I (2409550) Orchestrator: sensor_data: temp=26.6 hum=55.0 pm25=-1.0 co2=356 tvoc_raw=30991 nox_raw=15733 pres=973.4
I (2409560) Orchestrator: display update done
I (2410550) Orchestrator: sensor_data: temp=26.7 hum=55.1 pm25=-1.0 co2=356 tvoc_raw=30991 nox_raw=15733 pres=973.4
I (2410560) Orchestrator: display update done
I (2411550) Orchestrator: sensor_data: temp=26.7 hum=55.1 pm25=-1.0 co2=356 tvoc_raw=30991 nox_raw=15733 pres=973.4
I (2411560) Orchestrator: display update done
I (2412550) Orchestrator: sensor_data: temp=26.7 hum=55.1 pm25=-1.0 co2=356 tvoc_raw=30991 nox_raw=15733 pres=973.4
I (2412560) Orchestrator: display update done
I (2413550) Orchestrator: sensor_data: temp=26.7 hum=55.0 pm25=-1.0 co2=356 tvoc_raw=30991 nox_raw=15733 pres=973.4
I (2413560) Orchestrator: display update done
I (2414550) Orchestrator: sensor_data: temp=26.7 hum=54.9 pm25=-1.0 co2=356 tvoc_raw=30991 nox_raw=15733 pres=973.4
I (2414560) Orchestrator: display update done
I (2415230) PowerService: BMS  chg=FastCharge en=1 chg_dis=0 src=UnknownAdapter vbus=4.64V ibus=676mA ibat=+740mA vsys=3812mV vpmid=4597mV tdie=34°C
I (2415230) PowerService: FG   SOC=32% V=3.774V I=+739mA P=+2789mW rem=733/2294mAh T=31.4°C [FC=0 CHG=1 DSG=0 OCV=1 ITPOR=0 CFGUP=0 BATDET=1] src=FG
I (2415250) PowerService: FG-LRN QMAX_UP=1 RES_UP=0 VOK=1 | V=3774mV FLAT(Qmax-invalid)
W (2415250) PowerService: BMS regulation: treg=0 vsys=0 iindpm=0 vindpm=1 safety=0 wd=0
I (2415550) Orchestrator: sensor_data: temp=26.7 hum=54.9 pm25=-1.0 co2=356 tvoc_raw=30991 nox_raw=15733 pres=973.4
I (2415560) Orchestrator: display update done
I (2416550) Orchestrator: sensor_data: temp=26.8 hum=54.9 pm25=-1.0 co2=356 tvoc_raw=30991 nox_raw=15733 pres=973.4
I (2416560) Orchestrator: display update done
I (2417550) Orchestrator: sensor_data: temp=26.7 hum=54.8 pm25=-1.0 co2=356 tvoc_raw=30991 nox_raw=15733 pres=973.4
I (2417560) Orchestrator: display update done
I (2418550) Orchestrator: sensor_data: temp=26.7 hum=54.7 pm25=-1.0 co2=357 tvoc_raw=30991 nox_raw=15733 pres=973.4
I (2418560) Orchestrator: display update done
I (2419550) Orchestrator: sensor_data: temp=26.7 hum=54.7 pm25=-1.0 co2=357 tvoc_raw=30991 nox_raw=15733 pres=973.4
I (2419560) Orchestrator: display update done
I (2420550) Orchestrator: sensor_data: temp=26.7 hum=54.7 pm25=-1.0 co2=356 tvoc_raw=30991 nox_raw=15733 pres=973.4
I (2420560) Orchestrator: display update done
I (2421550) Orchestrator: sensor_data: temp=26.7 hum=54.7 pm25=-1.0 co2=356 tvoc_raw=30991 nox_raw=15733 pres=973.4
I (2421560) Orchestrator: display update done
I (2422550) Orchestrator: sensor_data: temp=26.7 hum=54.8 pm25=-1.0 co2=357 tvoc_raw=30991 nox_raw=15733 pres=973.4
I (2422560) Orchestrator: display update done
I (2423550) Orchestrator: sensor_data: temp=26.7 hum=54.8 pm25=-1.0 co2=357 tvoc_raw=30991 nox_raw=15733 pres=973.4
I (2423560) Orchestrator: display update done
I (2425900) PowerService: BMS  chg=FastCharge en=1 chg_dis=0 src=UnknownAdapter vbus=4.64V ibus=672mA ibat=+740mA vsys=3814mV vpmid=4597mV tdie=34°C
I (2425900) PowerService: FG   SOC=33% V=3.772V I=+733mA P=+2765mW rem=735/2295mAh T=31.2°C [FC=0 CHG=1 DSG=0 OCV=1 ITPOR=0 CFGUP=0 BATDET=1] src=FG
I (2425920) PowerService: FG-LRN QMAX_UP=1 RES_UP=0 VOK=1 | V=3772mV FLAT(Qmax-invalid)
W (2425920) PowerService: BMS regulation: treg=0 vsys=0 iindpm=0 vindpm=1 safety=0 wd=0
I (2425930) Orchestrator: sensor_data: temp=26.7 hum=55.0 pm25=-1.0 co2=357 tvoc_raw=30991 nox_raw=15733 pres=973.4
I (2425950) Orchestrator: display update done
I (2427780) Orchestrator: sensor_data: temp=26.7 hum=55.2 pm25=-1.0 co2=357 tvoc_raw=30991 nox_raw=15733 pres=973.4
I (2427790) Orchestrator: display update done
I (2428780) Orchestrator: sensor_data: temp=26.7 hum=55.2 pm25=-1.0 co2=357 tvoc_raw=30991 nox_raw=15733 pres=973.4
I (2428790) Orchestrator: display update done
I (2429780) Orchestrator: sensor_data: temp=26.7 hum=55.2 pm25=-1.0 co2=357 tvoc_raw=30991 nox_raw=15733 pres=973.4
I (2429790) Orchestrator: display update done
I (2430780) Orchestrator: sensor_data: temp=26.7 hum=55.2 pm25=-1.0 co2=357 tvoc_raw=30991 nox_raw=15733 pres=973.4
I (2430790) Orchestrator: display update done
I (2431780) Orchestrator: sensor_data: temp=26.7 hum=55.1 pm25=-1.0 co2=357 tvoc_raw=30991 nox_raw=15733 pres=973.4
I (2431790) Orchestrator: display update done
I (2432780) Orchestrator: sensor_data: temp=26.7 hum=55.1 pm25=-1.0 co2=357 tvoc_raw=30991 nox_raw=15733 pres=973.4
I (2432790) Orchestrator: display update done
I (2433780) Orchestrator: sensor_data: temp=26.7 hum=55.1 pm25=-1.0 co2=357 tvoc_raw=30991 nox_raw=15733 pres=973.4
I (2433790) Orchestrator: display update done
I (2434780) Orchestrator: sensor_data: temp=26.7 hum=55.0 pm25=-1.0 co2=357 tvoc_raw=30991 nox_raw=15733 pres=973.4
I (2434790) Orchestrator: display update done
I (2435780) Orchestrator: sensor_data: temp=26.7 hum=55.0 pm25=-1.0 co2=357 tvoc_raw=30991 nox_raw=15733 pres=973.4
I (2435790) Orchestrator: display update done
I (2436420) PowerService: BMS  chg=FastCharge en=1 chg_dis=0 src=UnknownAdapter vbus=4.64V ibus=674mA ibat=+744mA vsys=3816mV vpmid=4589mV tdie=34°C
I (2436420) PowerService: FG   SOC=33% V=3.773V I=+739mA P=+2788mW rem=738/2295mAh T=31.4°C [FC=0 CHG=1 DSG=0 OCV=1 ITPOR=0 CFGUP=0 BATDET=1] src=FG
I (2436440) PowerService: FG-LRN QMAX_UP=1 RES_UP=0 VOK=1 | V=3773mV FLAT(Qmax-invalid)
W (2436450) PowerService: BMS regulation: treg=0 vsys=0 iindpm=0 vindpm=1 safety=0 wd=0
I (2436780) Orchestrator: sensor_data: temp=26.7 hum=55.1 pm25=-1.0 co2=357 tvoc_raw=30991 nox_raw=15733 pres=973.4
I (2436790) Orchestrator: display update done
I (2437780) Orchestrator: sensor_data: temp=26.7 hum=55.1 pm25=-1.0 co2=357 tvoc_raw=30991 nox_raw=15733 pres=973.4
I (2437790) Orchestrator: display update done
I (2438780) Orchestrator: sensor_data: temp=26.7 hum=55.1 pm25=-1.0 co2=357 tvoc_raw=30991 nox_raw=15733 pres=973.4
I (2438790) Orchestrator: display update done
I (2439780) Orchestrator: sensor_data: temp=26.7 hum=55.1 pm25=-1.0 co2=357 tvoc_raw=30991 nox_raw=15733 pres=973.4
I (2439790) Orchestrator: display update done
I (2440780) Orchestrator: sensor_data: temp=26.7 hum=55.1 pm25=-1.0 co2=357 tvoc_raw=30991 nox_raw=15733 pres=973.4
I (2440790) Orchestrator: display update done
I (2441780) Orchestrator: sensor_data: temp=26.7 hum=55.2 pm25=-1.0 co2=357 tvoc_raw=30991 nox_raw=15733 pres=973.4
I (2441790) Orchestrator: display update done
I (2442780) Orchestrator: sensor_data: temp=26.7 hum=55.1 pm25=-1.0 co2=357 tvoc_raw=30991 nox_raw=15733 pres=973.4
I (2442790) Orchestrator: display update done
I (2443780) Orchestrator: sensor_data: temp=26.7 hum=55.1 pm25=-1.0 co2=357 tvoc_raw=30991 nox_raw=15733 pres=973.4
I (2443790) Orchestrator: display update done
I (2444780) Orchestrator: sensor_data: temp=26.7 hum=55.0 pm25=-1.0 co2=357 tvoc_raw=30991 nox_raw=15733 pres=973.4
I (2444790) Orchestrator: display update done
I (2445780) Orchestrator: sensor_data: temp=26.7 hum=55.0 pm25=-1.0 co2=357 tvoc_raw=30991 nox_raw=15733 pres=973.4
I (2445790) Orchestrator: display update done
I (2446460) PowerService: BMS  chg=FastCharge en=1 chg_dis=0 src=UnknownAdapter vbus=4.64V ibus=674mA ibat=+740mA vsys=3816mV vpmid=4597mV tdie=34°C
I (2446460) PowerService: FG   SOC=33% V=3.773V I=+738mA P=+2784mW rem=740/2295mAh T=31.4°C [FC=0 CHG=1 DSG=0 OCV=1 ITPOR=0 CFGUP=0 BATDET=1] src=FG
I (2446480) PowerService: FG-LRN QMAX_UP=1 RES_UP=0 VOK=1 | V=3773mV FLAT(Qmax-invalid)
W (2446480) PowerService: BMS regulation: treg=0 vsys=0 iindpm=0 vindpm=1 safety=0 wd=0
I (2446780) Orchestrator: sensor_data: temp=26.8 hum=55.0 pm25=-1.0 co2=357 tvoc_raw=30991 nox_raw=15733 pres=973.4
I (2446790) Orchestrator: display update done
I (2449140) Orchestrator: sensor_data: temp=26.8 hum=55.0 pm25=-1.0 co2=357 tvoc_raw=30991 nox_raw=15733 pres=973.4
I (2449150) Orchestrator: display update done
I (2450140) Orchestrator: sensor_data: temp=26.8 hum=55.0 pm25=-1.0 co2=357 tvoc_raw=30991 nox_raw=15733 pres=973.4
I (2450150) Orchestrator: display update done
I (2451140) Orchestrator: sensor_data: temp=26.8 hum=55.0 pm25=-1.0 co2=357 tvoc_raw=30991 nox_raw=15733 pres=973.4
I (2451150) Orchestrator: display update done
I (2452140) Orchestrator: sensor_data: temp=26.8 hum=55.0 pm25=-1.0 co2=357 tvoc_raw=30991 nox_raw=15733 pres=973.4
I (2452150) Orchestrator: display update done
I (2453140) Orchestrator: sensor_data: temp=26.8 hum=55.0 pm25=-1.0 co2=358 tvoc_raw=30991 nox_raw=15733 pres=973.4
I (2453150) Orchestrator: display update done
I (2454140) Orchestrator: sensor_data: temp=26.7 hum=54.9 pm25=-1.0 co2=358 tvoc_raw=30991 nox_raw=15733 pres=973.4
I (2454150) Orchestrator: display update done
I (2455140) Orchestrator: sensor_data: temp=26.7 hum=55.7 pm25=-1.0 co2=358 tvoc_raw=30991 nox_raw=15733 pres=973.4
I (2455150) Orchestrator: display update done
I (2456140) Orchestrator: sensor_data: temp=26.7 hum=56.2 pm25=-1.0 co2=358 tvoc_raw=30991 nox_raw=15733 pres=973.4
I (2456150) Orchestrator: display update done
I (2456780) PowerService: BMS  chg=FastCharge en=1 chg_dis=0 src=UnknownAdapter vbus=4.64V ibus=672mA ibat=+740mA vsys=3816mV vpmid=4589mV tdie=34°C
I (2456780) PowerService: FG   SOC=33% V=3.774V I=+737mA P=+2781mW rem=742/2296mAh T=31.5°C [FC=0 CHG=1 DSG=0 OCV=1 ITPOR=0 CFGUP=0 BATDET=1] src=FG
I (2456800) PowerService: FG-LRN QMAX_UP=1 RES_UP=0 VOK=1 | V=3774mV FLAT(Qmax-invalid)
W (2456810) PowerService: BMS regulation: treg=0 vsys=0 iindpm=0 vindpm=1 safety=0 wd=0
I (2457140) Orchestrator: sensor_data: temp=26.7 hum=56.1 pm25=-1.0 co2=360 tvoc_raw=30991 nox_raw=15733 pres=973.4
I (2457150) Orchestrator: display update done
I (2458140) Orchestrator: sensor_data: temp=26.7 hum=55.8 pm25=-1.0 co2=360 tvoc_raw=30991 nox_raw=15733 pres=973.4
I (2458150) Orchestrator: display update done
I (2459140) Orchestrator: sensor_data: temp=26.8 hum=55.4 pm25=-1.0 co2=365 tvoc_raw=30991 nox_raw=15733 pres=973.4
I (2459150) Orchestrator: display update done
I (2460140) Orchestrator: sensor_data: temp=26.7 hum=55.2 pm25=-1.0 co2=365 tvoc_raw=30991 nox_raw=15733 pres=973.4
I (2460150) Orchestrator: display update done
I (2461140) Orchestrator: sensor_data: temp=26.8 hum=55.0 pm25=-1.0 co2=376 tvoc_raw=30991 nox_raw=15733 pres=973.4
I (2461150) Orchestrator: display update done
I (2462140) Orchestrator: sensor_data: temp=26.8 hum=54.8 pm25=-1.0 co2=376 tvoc_raw=30991 nox_raw=15733 pres=973.4
I (2462150) Orchestrator: display update done
I (2463140) Orchestrator: sensor_data: temp=26.8 hum=54.7 pm25=-1.0 co2=384 tvoc_raw=30991 nox_raw=15733 pres=973.4
I (2463150) Orchestrator: display update done
I (2464140) Orchestrator: sensor_data: temp=26.8 hum=54.6 pm25=-1.0 co2=384 tvoc_raw=30991 nox_raw=15733 pres=973.4
I (2464150) Orchestrator: display update done
I (2465140) Orchestrator: sensor_data: temp=26.8 hum=54.6 pm25=-1.0 co2=390 tvoc_raw=30991 nox_raw=15733 pres=973.4
I (2465150) Orchestrator: display update done
I (2466140) Orchestrator: sensor_data: temp=26.8 hum=54.6 pm25=-1.0 co2=390 tvoc_raw=30991 nox_raw=15733 pres=973.4
I (2466150) Orchestrator: display update done
I (2466820) PowerService: BMS  chg=FastCharge en=1 chg_dis=0 src=UnknownAdapter vbus=4.64V ibus=676mA ibat=+744mA vsys=3816mV vpmid=4589mV tdie=35°C
I (2466820) PowerService: FG   SOC=33% V=3.775V I=+738mA P=+2786mW rem=744/2296mAh T=31.5°C [FC=0 CHG=1 DSG=0 OCV=1 ITPOR=0 CFGUP=0 BATDET=1] src=FG
I (2466840) PowerService: FG-LRN QMAX_UP=1 RES_UP=0 VOK=1 | V=3775mV FLAT(Qmax-invalid)
W (2466840) PowerService: BMS regulation: treg=0 vsys=0 iindpm=0 vindpm=1 safety=0 wd=0
I (2467140) Orchestrator: sensor_data: temp=26.8 hum=54.5 pm25=-1.0 co2=396 tvoc_raw=30991 nox_raw=15733 pres=973.4
I (2467150) Orchestrator: display update done
I (2468140) Orchestrator: sensor_data: temp=26.8 hum=54.5 pm25=-1.0 co2=396 tvoc_raw=30991 nox_raw=15733 pres=973.4
I (2468150) Orchestrator: display update done
I (2469140) Orchestrator: sensor_data: temp=26.8 hum=54.5 pm25=-1.0 co2=401 tvoc_raw=30991 nox_raw=15733 pres=973.4
I (2469150) Orchestrator: display update done
I (2471500) Orchestrator: sensor_data: temp=26.9 hum=54.6 pm25=-1.0 co2=406 tvoc_raw=30991 nox_raw=15733 pres=973.4
I (2471510) Orchestrator: display update done
I (2472500) Orchestrator: sensor_data: temp=26.9 hum=54.5 pm25=-1.0 co2=409 tvoc_raw=30991 nox_raw=15733 pres=973.4
I (2472510) Orchestrator: display update done
I (2473500) Orchestrator: sensor_data: temp=26.9 hum=54.5 pm25=-1.0 co2=409 tvoc_raw=30991 nox_raw=15733 pres=973.4
I (2473510) Orchestrator: display update done
I (2474500) Orchestrator: sensor_data: temp=26.9 hum=54.5 pm25=-1.0 co2=410 tvoc_raw=30991 nox_raw=15733 pres=973.4
I (2474510) Orchestrator: display update done
I (2475500) Orchestrator: sensor_data: temp=26.9 hum=54.6 pm25=-1.0 co2=410 tvoc_raw=30991 nox_raw=15733 pres=973.4
I (2475510) Orchestrator: display update done
I (2476500) Orchestrator: sensor_data: temp=26.9 hum=54.6 pm25=-1.0 co2=411 tvoc_raw=30991 nox_raw=15733 pres=973.4
I (2476510) Orchestrator: display update done
I (2477140) PowerService: BMS  chg=FastCharge en=1 chg_dis=0 src=UnknownAdapter vbus=4.64V ibus=674mA ibat=+744mA vsys=3816mV vpmid=4597mV tdie=35°C
I (2477140) PowerService: FG   SOC=33% V=3.778V I=+738mA P=+2788mW rem=746/2296mAh T=31.6°C [FC=0 CHG=1 DSG=0 OCV=1 ITPOR=0 CFGUP=0 BATDET=1] src=FG
I (2477160) PowerService: FG-LRN QMAX_UP=1 RES_UP=0 VOK=1 | V=3778mV FLAT(Qmax-invalid)
W (2477170) PowerService: BMS regulation: treg=0 vsys=0 iindpm=0 vindpm=1 safety=0 wd=0
I (2477500) Orchestrator: sensor_data: temp=26.8 hum=54.7 pm25=-1.0 co2=411 tvoc_raw=30991 nox_raw=15733 pres=973.4
I (2477510) Orchestrator: display update done
I (2478500) Orchestrator: sensor_data: temp=26.8 hum=54.8 pm25=-1.0 co2=413 tvoc_raw=30991 nox_raw=15733 pres=973.4
I (2478510) Orchestrator: display update done
I (2480190) Orchestrator: sensor_data: temp=26.8 hum=54.8 pm25=-1.0 co2=413 tvoc_raw=30991 nox_raw=15733 pres=973.4
I (2480200) Orchestrator: display update done
I (2481190) Orchestrator: sensor_data: temp=26.8 hum=54.7 pm25=-1.0 co2=414 tvoc_raw=30991 nox_raw=15733 pres=973.4
I (2481200) Orchestrator: display update done
I (2482190) Orchestrator: sensor_data: temp=26.8 hum=54.7 pm25=-1.0 co2=414 tvoc_raw=30991 nox_raw=15733 pres=973.4
I (2482200) Orchestrator: display update done
I (2483190) Orchestrator: sensor_data: temp=26.8 hum=54.8 pm25=-1.0 co2=415 tvoc_raw=30991 nox_raw=15733 pres=973.4
I (2483200) Orchestrator: display update done
I (2484190) Orchestrator: sensor_data: temp=26.8 hum=54.7 pm25=-1.0 co2=415 tvoc_raw=30991 nox_raw=15733 pres=973.4
I (2484200) Orchestrator: display update done
I (2485190) Orchestrator: sensor_data: temp=26.8 hum=54.7 pm25=-1.0 co2=415 tvoc_raw=30991 nox_raw=15733 pres=973.4
I (2485200) Orchestrator: display update done
I (2486190) Orchestrator: sensor_data: temp=26.8 hum=54.7 pm25=-1.0 co2=415 tvoc_raw=30991 nox_raw=15733 pres=973.4
I (2486200) Orchestrator: display update done
I (2487180) PowerService: BMS  chg=FastCharge en=1 chg_dis=0 src=UnknownAdapter vbus=4.64V ibus=682mA ibat=+752mA vsys=3820mV vpmid=4589mV tdie=35°C
I (2487180) PowerService: FG   SOC=33% V=3.777V I=+737mA P=+2784mW rem=748/2296mAh T=31.5°C [FC=0 CHG=1 DSG=0 OCV=1 ITPOR=0 CFGUP=0 BATDET=1] src=FG
I (2487200) PowerService: FG-LRN QMAX_UP=1 RES_UP=0 VOK=1 | V=3777mV FLAT(Qmax-invalid)
W (2487200) PowerService: BMS regulation: treg=0 vsys=0 iindpm=0 vindpm=1 safety=0 wd=0
I (2487210) Orchestrator: sensor_data: temp=26.8 hum=54.6 pm25=-1.0 co2=415 tvoc_raw=30991 nox_raw=15733 pres=973.4
I (2487230) Orchestrator: display update done
I (2488190) Orchestrator: sensor_data: temp=26.8 hum=54.6 pm25=-1.0 co2=415 tvoc_raw=30991 nox_raw=15733 pres=973.4
I (2488200) Orchestrator: display update done
I (2489190) Orchestrator: sensor_data: temp=26.8 hum=54.7 pm25=-1.0 co2=415 tvoc_raw=30991 nox_raw=15733 pres=973.4
I (2489200) Orchestrator: display update done
I (2490190) Orchestrator: sensor_data: temp=26.8 hum=54.6 pm25=-1.0 co2=415 tvoc_raw=30991 nox_raw=15733 pres=973.4
I (2490200) Orchestrator: display update done
I (2491190) Orchestrator: sensor_data: temp=26.8 hum=54.7 pm25=-1.0 co2=414 tvoc_raw=30991 nox_raw=15733 pres=973.4
I (2491200) Orchestrator: display update done
I (2492190) Orchestrator: sensor_data: temp=26.8 hum=54.7 pm25=-1.0 co2=414 tvoc_raw=30991 nox_raw=15733 pres=973.4
I (2492200) Orchestrator: display update done
I (2494550) Orchestrator: sensor_data: temp=26.9 hum=54.7 pm25=-1.0 co2=413 tvoc_raw=30991 nox_raw=15733 pres=973.4
I (2494560) Orchestrator: display update done
I (2495550) Orchestrator: sensor_data: temp=26.9 hum=54.8 pm25=-1.0 co2=412 tvoc_raw=30991 nox_raw=15733 pres=973.4
I (2495560) Orchestrator: display update done
I (2496550) Orchestrator: sensor_data: temp=26.9 hum=54.8 pm25=-1.0 co2=412 tvoc_raw=30991 nox_raw=15733 pres=973.4
I (2496560) Orchestrator: display update done
I (2497220) PowerService: BMS  chg=FastCharge en=1 chg_dis=0 src=UnknownAdapter vbus=4.64V ibus=674mA ibat=+740mA vsys=3818mV vpmid=4597mV tdie=35°C
I (2497220) PowerService: FG   SOC=33% V=3.776V I=+737mA P=+2783mW rem=750/2297mAh T=31.6°C [FC=0 CHG=1 DSG=0 OCV=1 ITPOR=0 CFGUP=0 BATDET=1] src=FG
I (2497230) PowerService: FG-LRN QMAX_UP=1 RES_UP=0 VOK=1 | V=3776mV FLAT(Qmax-invalid)
W (2497240) PowerService: BMS regulation: treg=0 vsys=0 iindpm=0 vindpm=1 safety=0 wd=0
I (2497550) Orchestrator: sensor_data: temp=26.9 hum=54.9 pm25=-1.0 co2=409 tvoc_raw=30991 nox_raw=15733 pres=973.4
I (2497560) Orchestrator: display update done
I (2498550) Orchestrator: sensor_data: temp=26.9 hum=54.9 pm25=-1.0 co2=409 tvoc_raw=30991 nox_raw=15733 pres=973.4
I (2498560) Orchestrator: display update done
I (2499550) Orchestrator: sensor_data: temp=26.9 hum=54.9 pm25=-1.0 co2=407 tvoc_raw=30991 nox_raw=15733 pres=973.4
I (2499560) Orchestrator: display update done
I (2500550) Orchestrator: sensor_data: temp=26.9 hum=54.9 pm25=-1.0 co2=407 tvoc_raw=30991 nox_raw=15733 pres=973.4
I (2500560) Orchestrator: display update done
I (2501550) Orchestrator: sensor_data: temp=27.0 hum=54.8 pm25=-1.0 co2=405 tvoc_raw=30991 nox_raw=15733 pres=973.4
I (2501560) Orchestrator: display update done
I (2502550) Orchestrator: sensor_data: temp=27.0 hum=54.8 pm25=-1.0 co2=405 tvoc_raw=30991 nox_raw=15733 pres=973.4
I (2502560) Orchestrator: display update done
I (2503550) Orchestrator: sensor_data: temp=27.0 hum=54.8 pm25=-1.0 co2=404 tvoc_raw=30991 nox_raw=15733 pres=973.4
I (2503560) Orchestrator: display update done
I (2504550) Orchestrator: sensor_data: temp=27.0 hum=54.7 pm25=-1.0 co2=404 tvoc_raw=30991 nox_raw=15733 pres=973.4
I (2504560) Orchestrator: display update done
I (2505550) Orchestrator: sensor_data: temp=27.0 hum=54.7 pm25=-1.0 co2=403 tvoc_raw=30991 nox_raw=15733 pres=973.4
I (2505560) Orchestrator: display update done
I (2506550) Orchestrator: sensor_data: temp=27.0 hum=54.6 pm25=-1.0 co2=403 tvoc_raw=30991 nox_raw=15733 pres=973.4
I (2506560) Orchestrator: display update done
I (2507260) PowerService: BMS  chg=FastCharge en=1 chg_dis=0 src=UnknownAdapter vbus=4.64V ibus=672mA ibat=+740mA vsys=3818mV vpmid=4597mV tdie=35°C
I (2507260) PowerService: FG   SOC=33% V=3.777V I=+737mA P=+2784mW rem=752/2297mAh T=31.5°C [FC=0 CHG=1 DSG=0 OCV=1 ITPOR=0 CFGUP=0 BATDET=1] src=FG
I (2507270) PowerService: FG-LRN QMAX_UP=1 RES_UP=0 VOK=1 | V=3777mV FLAT(Qmax-invalid)
W (2507280) PowerService: BMS regulation: treg=0 vsys=0 iindpm=0 vindpm=1 safety=0 wd=0
I (2507550) Orchestrator: sensor_data: temp=27.0 hum=54.6 pm25=-1.0 co2=401 tvoc_raw=30991 nox_raw=15733 pres=973.4
I (2507560) Orchestrator: display update done
I (2508550) Orchestrator: sensor_data: temp=26.9 hum=54.5 pm25=-1.0 co2=401 tvoc_raw=30991 nox_raw=15733 pres=973.4
I (2508560) Orchestrator: display update done
I (2509550) Orchestrator: sensor_data: temp=26.9 hum=54.5 pm25=-1.0 co2=400 tvoc_raw=30991 nox_raw=15733 pres=973.4
I (2509560) Orchestrator: display update done
I (2510550) Orchestrator: sensor_data: temp=26.9 hum=54.5 pm25=-1.0 co2=400 tvoc_raw=30991 nox_raw=15733 pres=973.4
I (2510560) Orchestrator: display update done
I (2511550) Orchestrator: sensor_data: temp=26.9 hum=54.4 pm25=-1.0 co2=398 tvoc_raw=30991 nox_raw=15733 pres=973.4
I (2511560) Orchestrator: display update done
I (2512550) Orchestrator: sensor_data: temp=26.9 hum=54.4 pm25=-1.0 co2=398 tvoc_raw=30991 nox_raw=15733 pres=973.4
I (2512560) Orchestrator: display update done
I (2513550) Orchestrator: sensor_data: temp=26.9 hum=54.3 pm25=-1.0 co2=397 tvoc_raw=30991 nox_raw=15733 pres=973.4
I (2513560) Orchestrator: display update done
I (2514550) Orchestrator: sensor_data: temp=26.9 hum=54.2 pm25=-1.0 co2=397 tvoc_raw=30991 nox_raw=15733 pres=973.4
I (2514560) Orchestrator: display update done
I (2516910) Orchestrator: sensor_data: temp=26.9 hum=53.8 pm25=-1.0 co2=394 tvoc_raw=30991 nox_raw=15733 pres=973.4
I (2516920) Orchestrator: display update done
I (2517550) PowerService: BMS  chg=FastCharge en=1 chg_dis=0 src=UnknownAdapter vbus=4.64V ibus=674mA ibat=+740mA vsys=3818mV vpmid=4597mV tdie=35°C
I (2517550) PowerService: FG   SOC=33% V=3.777V I=+733mA P=+2769mW rem=754/2297mAh T=31.5°C [FC=0 CHG=1 DSG=0 OCV=1 ITPOR=0 CFGUP=0 BATDET=1] src=FG
I (2517570) PowerService: FG-LRN QMAX_UP=1 RES_UP=0 VOK=1 | V=3777mV FLAT(Qmax-invalid)
W (2517580) PowerService: BMS regulation: treg=0 vsys=0 iindpm=0 vindpm=1 safety=0 wd=0
I (2517910) Orchestrator: sensor_data: temp=26.9 hum=53.7 pm25=-1.0 co2=394 tvoc_raw=30991 nox_raw=15733 pres=973.4
I (2517920) Orchestrator: display update done
I (2518910) Orchestrator: sensor_data: temp=26.9 hum=53.5 pm25=-1.0 co2=392 tvoc_raw=30991 nox_raw=15733 pres=973.4
I (2518920) Orchestrator: display update done
I (2519910) Orchestrator: sensor_data: temp=26.9 hum=53.3 pm25=-1.0 co2=392 tvoc_raw=30991 nox_raw=15733 pres=973.4
I (2519920) Orchestrator: display update done
I (2520910) Orchestrator: sensor_data: temp=26.9 hum=53.0 pm25=-1.0 co2=391 tvoc_raw=30991 nox_raw=15733 pres=973.4
I (2520920) Orchestrator: display update done
I (2521910) Orchestrator: sensor_data: temp=26.8 hum=52.6 pm25=-1.0 co2=391 tvoc_raw=30991 nox_raw=15733 pres=973.4
I (2521920) Orchestrator: display update done
I (2522910) Orchestrator: sensor_data: temp=26.8 hum=52.4 pm25=-1.0 co2=391 tvoc_raw=30991 nox_raw=15733 pres=973.4
I (2522920) Orchestrator: display update done
I (2523910) Orchestrator: sensor_data: temp=26.8 hum=52.2 pm25=-1.0 co2=391 tvoc_raw=30991 nox_raw=15733 pres=973.4
I (2523920) Orchestrator: display update done
I (2524910) Orchestrator: sensor_data: temp=26.7 hum=52.4 pm25=-1.0 co2=389 tvoc_raw=30991 nox_raw=15733 pres=973.4
I (2524920) Orchestrator: display update done
I (2525910) Orchestrator: sensor_data: temp=26.7 hum=52.6 pm25=-1.0 co2=389 tvoc_raw=30991 nox_raw=15733 pres=973.4
I (2525920) Orchestrator: display update done
I (2526910) Orchestrator: sensor_data: temp=26.7 hum=52.9 pm25=-1.0 co2=388 tvoc_raw=30991 nox_raw=15733 pres=973.4
I (2526920) Orchestrator: display update done
I (2527590) PowerService: BMS  chg=FastCharge en=1 chg_dis=0 src=UnknownAdapter vbus=4.64V ibus=672mA ibat=+740mA vsys=3818mV vpmid=4589mV tdie=35°C
I (2527590) PowerService: FG   SOC=33% V=3.777V I=+736mA P=+2780mW rem=756/2298mAh T=31.5°C [FC=0 CHG=1 DSG=0 OCV=1 ITPOR=0 CFGUP=0 BATDET=1] src=FG
I (2527610) PowerService: FG-LRN QMAX_UP=1 RES_UP=0 VOK=1 | V=3777mV FLAT(Qmax-invalid)
W (2527610) PowerService: BMS regulation: treg=0 vsys=0 iindpm=0 vindpm=1 safety=0 wd=0
I (2527910) Orchestrator: sensor_data: temp=26.7 hum=53.1 pm25=-1.0 co2=388 tvoc_raw=30991 nox_raw=15733 pres=973.4
I (2527920) Orchestrator: display update done
I (2528910) Orchestrator: sensor_data: temp=26.7 hum=53.1 pm25=-1.0 co2=388 tvoc_raw=30991 nox_raw=15733 pres=973.4
I (2528920) Orchestrator: display update done
I (2529910) Orchestrator: sensor_data: temp=26.7 hum=53.0 pm25=-1.0 co2=388 tvoc_raw=30991 nox_raw=15733 pres=973.4
I (2529920) Orchestrator: display update done
I (2530910) Orchestrator: sensor_data: temp=26.8 hum=52.8 pm25=-1.0 co2=386 tvoc_raw=30991 nox_raw=15733 pres=973.4
I (2530920) Orchestrator: display update done
I (2531910) Orchestrator: sensor_data: temp=26.8 hum=52.7 pm25=-1.0 co2=386 tvoc_raw=30991 nox_raw=15733 pres=973.4
I (2531920) Orchestrator: display update done
I (2532910) Orchestrator: sensor_data: temp=26.8 hum=52.6 pm25=-1.0 co2=385 tvoc_raw=30991 nox_raw=15733 pres=973.4
I (2532920) Orchestrator: display update done
I (2533910) Orchestrator: sensor_data: temp=26.8 hum=52.5 pm25=-1.0 co2=385 tvoc_raw=30991 nox_raw=15733 pres=973.4
I (2533920) Orchestrator: display update done
I (2534910) Orchestrator: sensor_data: temp=26.8 hum=52.4 pm25=-1.0 co2=384 tvoc_raw=30991 nox_raw=15733 pres=973.4
I (2534920) Orchestrator: display update done
I (2535550) Lis2dh12: MOTION src=0x65  x=+19 mg  y=+27 mg  z=+1034 mg
I (2535910) Orchestrator: sensor_data: temp=26.8 hum=52.4 pm25=-1.0 co2=384 tvoc_raw=30991 nox_raw=15733 pres=973.4
I (2535920) Orchestrator: display update done
I (2536910) Orchestrator: sensor_data: temp=26.7 hum=52.4 pm25=-1.0 co2=382 tvoc_raw=30991 nox_raw=15733 pres=973.4
I (2536920) Orchestrator: display update done
I (2539260) PowerService: BMS  chg=FastCharge en=1 chg_dis=0 src=UnknownAdapter vbus=4.64V ibus=672mA ibat=+740mA vsys=3818mV vpmid=4597mV tdie=35°C
I (2539260) PowerService: FG   SOC=34% V=3.778V I=+732mA P=+2765mW rem=759/2298mAh T=31.5°C [FC=0 CHG=1 DSG=0 OCV=1 ITPOR=0 CFGUP=0 BATDET=1] src=FG
I (2539280) PowerService: FG-LRN QMAX_UP=1 RES_UP=0 VOK=1 | V=3778mV FLAT(Qmax-invalid)
W (2539280) PowerService: BMS regulation: treg=0 vsys=0 iindpm=0 vindpm=1 safety=0 wd=0
I (2539290) Orchestrator: sensor_data: temp=26.7 hum=52.2 pm25=-1.0 co2=382 tvoc_raw=30991 nox_raw=15733 pres=973.4
I (2539310) Orchestrator: display update done
I (2541140) Orchestrator: sensor_data: temp=26.7 hum=52.2 pm25=-1.0 co2=382 tvoc_raw=30991 nox_raw=15733 pres=973.4
I (2541150) Orchestrator: display update done
I (2542140) Orchestrator: sensor_data: temp=26.7 hum=52.2 pm25=-1.0 co2=382 tvoc_raw=30991 nox_raw=15733 pres=973.4
I (2542150) Orchestrator: display update done
I (2543140) Orchestrator: sensor_data: temp=26.7 hum=52.1 pm25=-1.0 co2=382 tvoc_raw=30991 nox_raw=15733 pres=973.4
I (2543150) Orchestrator: display update done
I (2544140) Orchestrator: sensor_data: temp=26.7 hum=52.0 pm25=-1.0 co2=382 tvoc_raw=30991 nox_raw=15733 pres=973.4
I (2544150) Orchestrator: display update done
I (2545140) Orchestrator: sensor_data: temp=26.7 hum=52.1 pm25=-1.0 co2=382 tvoc_raw=30991 nox_raw=15733 pres=973.4
I (2545150) Orchestrator: display update done
I (2546140) Orchestrator: sensor_data: temp=26.6 hum=52.0 pm25=-1.0 co2=382 tvoc_raw=30991 nox_raw=15733 pres=973.4
I (2546150) Orchestrator: display update done
I (2547140) Orchestrator: sensor_data: temp=26.6 hum=52.0 pm25=-1.0 co2=381 tvoc_raw=30991 nox_raw=15733 pres=973.4
I (2547150) Orchestrator: display update done
I (2548140) Orchestrator: sensor_data: temp=26.6 hum=52.0 pm25=-1.0 co2=381 tvoc_raw=30991 nox_raw=15733 pres=973.4
I (2548150) Orchestrator: display update done
I (2549140) Orchestrator: sensor_data: temp=26.6 hum=51.9 pm25=-1.0 co2=381 tvoc_raw=30991 nox_raw=15733 pres=973.4
I (2549150) Orchestrator: display update done
I (2549780) PowerService: BMS  chg=FastCharge en=1 chg_dis=0 src=UnknownAdapter vbus=4.64V ibus=672mA ibat=+740mA vsys=3820mV vpmid=4589mV tdie=34°C
I (2549780) PowerService: FG   SOC=34% V=3.780V I=+737mA P=+2786mW rem=761/2298mAh T=31.4°C [FC=0 CHG=1 DSG=0 OCV=1 ITPOR=0 CFGUP=0 BATDET=1] src=FG
I (2549800) PowerService: FG-LRN QMAX_UP=1 RES_UP=0 VOK=1 | V=3780mV FLAT(Qmax-invalid)
W (2549810) PowerService: BMS regulation: treg=0 vsys=0 iindpm=0 vindpm=1 safety=0 wd=0
I (2550140) Orchestrator: sensor_data: temp=26.6 hum=51.9 pm25=-1.0 co2=381 tvoc_raw=30991 nox_raw=15733 pres=973.4
I (2550150) Orchestrator: display update done
I (2551140) Orchestrator: sensor_data: temp=26.7 hum=51.8 pm25=-1.0 co2=381 tvoc_raw=30991 nox_raw=15733 pres=973.4
I (2551150) Orchestrator: display update done
I (2552140) Orchestrator: sensor_data: temp=26.6 hum=51.8 pm25=-1.0 co2=381 tvoc_raw=30991 nox_raw=15733 pres=973.4
I (2552150) Orchestrator: display update done
I (2553140) Orchestrator: sensor_data: temp=26.6 hum=51.8 pm25=-1.0 co2=381 tvoc_raw=30991 nox_raw=15733 pres=973.4
I (2553150) Orchestrator: display update done
I (2554140) Orchestrator: sensor_data: temp=26.6 hum=51.7 pm25=-1.0 co2=381 tvoc_raw=30991 nox_raw=15733 pres=973.4
I (2554150) Orchestrator: display update done
I (2555140) Orchestrator: sensor_data: temp=26.6 hum=51.5 pm25=-1.0 co2=381 tvoc_raw=30991 nox_raw=15733 pres=973.4
I (2555150) Orchestrator: display update done
I (2556140) Orchestrator: sensor_data: temp=26.6 hum=51.5 pm25=-1.0 co2=381 tvoc_raw=30991 nox_raw=15733 pres=973.4
I (2556140) Orchestrator: display update done
I (2557140) Orchestrator: sensor_data: temp=26.6 hum=51.6 pm25=-1.0 co2=380 tvoc_raw=30991 nox_raw=15733 pres=-1.0
I (2557140) Orchestrator: display update done
I (2558140) Orchestrator: sensor_data: temp=26.6 hum=51.7 pm25=-1.0 co2=380 tvoc_raw=30991 nox_raw=15733 pres=973.4
I (2558150) Orchestrator: display update done
I (2559140) Orchestrator: sensor_data: temp=26.6 hum=51.8 pm25=-1.0 co2=380 tvoc_raw=30991 nox_raw=15733 pres=973.4
I (2559150) Orchestrator: display update done
I (2559820) PowerService: BMS  chg=FastCharge en=1 chg_dis=0 src=UnknownAdapter vbus=4.63V ibus=674mA ibat=+752mA vsys=3820mV vpmid=4589mV tdie=34°C
I (2559820) PowerService: FG   SOC=34% V=3.781V I=+737mA P=+2787mW rem=763/2298mAh T=31.4°C [FC=0 CHG=1 DSG=0 OCV=1 ITPOR=0 CFGUP=0 BATDET=1] src=FG
I (2559840) PowerService: FG-LRN QMAX_UP=1 RES_UP=0 VOK=1 | V=3781mV FLAT(Qmax-invalid)
W (2559840) PowerService: BMS regulation: treg=0 vsys=0 iindpm=0 vindpm=1 safety=0 wd=0
I (2560140) Orchestrator: sensor_data: temp=26.6 hum=51.9 pm25=-1.0 co2=380 tvoc_raw=30991 nox_raw=15733 pres=973.4
I (2560150) Orchestrator: display update done
I (2562500) Orchestrator: sensor_data: temp=26.5 hum=51.8 pm25=-1.0 co2=380 tvoc_raw=30991 nox_raw=15733 pres=973.4
I (2562510) Orchestrator: display update done
I (2563500) Orchestrator: sensor_data: temp=26.5 hum=51.8 pm25=-1.0 co2=378 tvoc_raw=30991 nox_raw=15733 pres=973.4
I (2563510) Orchestrator: display update done
I (2564500) Orchestrator: sensor_data: temp=26.6 hum=52.0 pm25=-1.0 co2=378 tvoc_raw=30991 nox_raw=15733 pres=973.4
I (2564510) Orchestrator: display update done
I (2565500) Orchestrator: sensor_data: temp=26.6 hum=51.8 pm25=-1.0 co2=376 tvoc_raw=30991 nox_raw=15733 pres=973.4
I (2565510) Orchestrator: display update done
I (2566500) Orchestrator: sensor_data: temp=26.6 hum=51.8 pm25=-1.0 co2=376 tvoc_raw=30991 nox_raw=15733 pres=973.4
I (2566510) Orchestrator: display update done
I (2567500) Orchestrator: sensor_data: temp=26.6 hum=51.7 pm25=-1.0 co2=376 tvoc_raw=30991 nox_raw=15733 pres=973.4
I (2567510) Orchestrator: display update done
I (2568500) Orchestrator: sensor_data: temp=26.6 hum=51.6 pm25=-1.0 co2=376 tvoc_raw=30991 nox_raw=15733 pres=973.4
I (2568510) Orchestrator: display update done
I (2569500) Orchestrator: sensor_data: temp=26.6 hum=51.5 pm25=-1.0 co2=376 tvoc_raw=30991 nox_raw=15733 pres=973.4
I (2569510) Orchestrator: display update done
I (2570140) PowerService: BMS  chg=FastCharge en=1 chg_dis=0 src=UnknownAdapter vbus=4.64V ibus=674mA ibat=+740mA vsys=3820mV vpmid=4597mV tdie=34°C
I (2570140) PowerService: FG   SOC=34% V=3.779V I=+737mA P=+2785mW rem=765/2299mAh T=31.4°C [FC=0 CHG=1 DSG=0 OCV=1 ITPOR=0 CFGUP=0 BATDET=1] src=FG
I (2570160) PowerService: FG-LRN QMAX_UP=1 RES_UP=0 VOK=1 | V=3779mV FLAT(Qmax-invalid)
W (2570170) PowerService: BMS regulation: treg=0 vsys=0 iindpm=0 vindpm=1 safety=0 wd=0
I (2570500) Orchestrator: sensor_data: temp=26.5 hum=51.4 pm25=-1.0 co2=376 tvoc_raw=30991 nox_raw=15733 pres=973.4
I (2570510) Orchestrator: display update done
I (2571500) Orchestrator: sensor_data: temp=26.6 hum=51.4 pm25=-1.0 co2=375 tvoc_raw=30991 nox_raw=15733 pres=973.4
I (2571500) Orchestrator: display update done
I (2572500) Orchestrator: sensor_data: temp=26.6 hum=51.4 pm25=-1.0 co2=375 tvoc_raw=30991 nox_raw=15733 pres=-1.0
I (2572500) Orchestrator: display update done
I (2573500) Orchestrator: sensor_data: temp=26.6 hum=51.4 pm25=-1.0 co2=374 tvoc_raw=30991 nox_raw=15733 pres=973.4
I (2573510) Orchestrator: display update done
I (2574500) Orchestrator: sensor_data: temp=26.6 hum=51.3 pm25=-1.0 co2=374 tvoc_raw=30991 nox_raw=15733 pres=973.4
I (2574510) Orchestrator: display update done
I (2575500) Orchestrator: sensor_data: temp=26.6 hum=51.2 pm25=-1.0 co2=375 tvoc_raw=30991 nox_raw=15733 pres=973.4
I (2575510) Orchestrator: display update done
I (2576500) Orchestrator: sensor_data: temp=26.6 hum=51.2 pm25=-1.0 co2=375 tvoc_raw=30991 nox_raw=15733 pres=973.4
I (2576510) Orchestrator: display update done
I (2577500) Orchestrator: sensor_data: temp=26.6 hum=51.1 pm25=-1.0 co2=375 tvoc_raw=30991 nox_raw=15733 pres=973.4
I (2577510) Orchestrator: display update done
I (2578500) Orchestrator: sensor_data: temp=26.6 hum=51.1 pm25=-1.0 co2=375 tvoc_raw=30991 nox_raw=15733 pres=973.4
I (2578510) Orchestrator: display update done
I (2579500) Orchestrator: sensor_data: temp=26.6 hum=51.1 pm25=-1.0 co2=375 tvoc_raw=30991 nox_raw=15733 pres=973.4
I (2579510) Orchestrator: display update done
I (2580180) PowerService: BMS  chg=FastCharge en=1 chg_dis=0 src=UnknownAdapter vbus=4.64V ibus=674mA ibat=+736mA vsys=3822mV vpmid=4597mV tdie=34°C
I (2580180) PowerService: FG   SOC=34% V=3.780V I=+737mA P=+2786mW rem=767/2299mAh T=31.4°C [FC=0 CHG=1 DSG=0 OCV=1 ITPOR=0 CFGUP=0 BATDET=1] src=FG
I (2580200) PowerService: FG-LRN QMAX_UP=1 RES_UP=0 VOK=1 | V=3780mV FLAT(Qmax-invalid)
W (2580200) PowerService: BMS regulation: treg=0 vsys=0 iindpm=0 vindpm=1 safety=0 wd=0
I (2580500) Orchestrator: sensor_data: temp=26.6 hum=51.0 pm25=-1.0 co2=375 tvoc_raw=30991 nox_raw=15733 pres=973.4
I (2580510) Orchestrator: display update done
I (2581500) Orchestrator: sensor_data: temp=26.6 hum=51.0 pm25=-1.0 co2=375 tvoc_raw=30991 nox_raw=15733 pres=973.4
I (2581510) Orchestrator: display update done
I (2582500) Orchestrator: sensor_data: temp=26.6 hum=51.0 pm25=-1.0 co2=375 tvoc_raw=30991 nox_raw=15733 pres=973.4
I (2582510) Orchestrator: display update done
I (2584860) Orchestrator: sensor_data: temp=26.6 hum=50.9 pm25=-1.0 co2=374 tvoc_raw=30991 nox_raw=15733 pres=973.4
I (2584870) Orchestrator: display update done
I (2585860) Orchestrator: sensor_data: temp=26.6 hum=50.9 pm25=-1.0 co2=374 tvoc_raw=30991 nox_raw=15733 pres=973.4
I (2585860) Orchestrator: display update done
I (2586860) Orchestrator: sensor_data: temp=26.6 hum=50.8 pm25=-1.0 co2=374 tvoc_raw=30991 nox_raw=15733 pres=-1.0
I (2586860) Orchestrator: display update done
I (2587860) Orchestrator: sensor_data: temp=26.6 hum=50.6 pm25=-1.0 co2=374 tvoc_raw=30991 nox_raw=15733 pres=973.4
I (2587870) Orchestrator: display update done
I (2588860) Orchestrator: sensor_data: temp=26.6 hum=50.5 pm25=-1.0 co2=374 tvoc_raw=30991 nox_raw=15733 pres=973.4
I (2588870) Orchestrator: display update done
I (2589860) Orchestrator: sensor_data: temp=26.6 hum=50.5 pm25=-1.0 co2=374 tvoc_raw=30991 nox_raw=15733 pres=973.4
I (2589870) Orchestrator: display update done
I (2590500) PowerService: BMS  chg=FastCharge en=1 chg_dis=0 src=UnknownAdapter vbus=4.64V ibus=674mA ibat=+740mA vsys=3820mV vpmid=4597mV tdie=34°C
I (2590500) PowerService: FG   SOC=34% V=3.780V I=+737mA P=+2786mW rem=769/2299mAh T=31.4°C [FC=0 CHG=1 DSG=0 OCV=1 ITPOR=0 CFGUP=0 BATDET=1] src=FG
I (2590520) PowerService: FG-LRN QMAX_UP=1 RES_UP=0 VOK=1 | V=3780mV FLAT(Qmax-invalid)
W (2590530) PowerService: BMS regulation: treg=0 vsys=0 iindpm=0 vindpm=1 safety=0 wd=0
I (2590860) Orchestrator: sensor_data: temp=26.6 hum=50.4 pm25=-1.0 co2=374 tvoc_raw=30991 nox_raw=15733 pres=973.4
I (2590870) Orchestrator: display update done
I (2591860) Orchestrator: sensor_data: temp=26.7 hum=50.3 pm25=-1.0 co2=373 tvoc_raw=30991 nox_raw=15733 pres=973.4
I (2591870) Orchestrator: display update done
I (2592860) Orchestrator: sensor_data: temp=26.6 hum=50.2 pm25=-1.0 co2=373 tvoc_raw=30991 nox_raw=15733 pres=973.4
I (2592870) Orchestrator: display update done
I (2593860) Orchestrator: sensor_data: temp=26.7 hum=50.2 pm25=-1.0 co2=373 tvoc_raw=30991 nox_raw=15733 pres=973.4
I (2593870) Orchestrator: display update done
I (2594860) Orchestrator: sensor_data: temp=26.7 hum=50.2 pm25=-1.0 co2=373 tvoc_raw=30991 nox_raw=15733 pres=973.4
I (2594870) Orchestrator: display update done
I (2595860) Orchestrator: sensor_data: temp=26.7 hum=50.1 pm25=-1.0 co2=373 tvoc_raw=30991 nox_raw=15733 pres=973.4
I (2595870) Orchestrator: display update done
I (2596860) Orchestrator: sensor_data: temp=26.6 hum=50.1 pm25=-1.0 co2=373 tvoc_raw=30991 nox_raw=15733 pres=973.4
I (2596870) Orchestrator: display update done
I (2597860) Orchestrator: sensor_data: temp=26.6 hum=50.1 pm25=-1.0 co2=373 tvoc_raw=30991 nox_raw=15733 pres=973.4
I (2597870) Orchestrator: display update done
I (2598860) Orchestrator: sensor_data: temp=26.7 hum=50.1 pm25=-1.0 co2=373 tvoc_raw=30991 nox_raw=15733 pres=973.4
I (2598870) Orchestrator: display update done
I (2599860) Orchestrator: sensor_data: temp=26.7 hum=50.1 pm25=-1.0 co2=373 tvoc_raw=30991 nox_raw=15733 pres=973.4
I (2599870) Orchestrator: display update done
I (2600540) PowerService: BMS  chg=FastCharge en=1 chg_dis=0 src=UnknownAdapter vbus=4.64V ibus=682mA ibat=+740mA vsys=3820mV vpmid=4597mV tdie=34°C
I (2600540) PowerService: FG   SOC=34% V=3.780V I=+736mA P=+2782mW rem=771/2299mAh T=31.4°C [FC=0 CHG=1 DSG=0 OCV=1 ITPOR=0 CFGUP=0 BATDET=1] src=FG
I (2600560) PowerService: FG-LRN QMAX_UP=1 RES_UP=0 VOK=1 | V=3780mV FLAT(Qmax-invalid)
W (2600560) PowerService: BMS regulation: treg=0 vsys=0 iindpm=0 vindpm=1 safety=0 wd=0
I (2600860) Orchestrator: sensor_data: temp=26.6 hum=50.1 pm25=-1.0 co2=373 tvoc_raw=30991 nox_raw=15733 pres=973.4
I (2600870) Orchestrator: display update done
I (2601860) Orchestrator: sensor_data: temp=26.6 hum=50.1 pm25=-1.0 co2=373 tvoc_raw=30991 nox_raw=15733 pres=973.4
I (2601870) Orchestrator: display update done
I (2602860) Orchestrator: sensor_data: temp=26.6 hum=50.0 pm25=-1.0 co2=373 tvoc_raw=30991 nox_raw=15733 pres=973.4
I (2602870) Orchestrator: display update done
I (2603860) Orchestrator: sensor_data: temp=26.6 hum=49.8 pm25=-1.0 co2=373 tvoc_raw=30991 nox_raw=15733 pres=973.4
I (2603870) Orchestrator: display update done
I (2604860) Orchestrator: sensor_data: temp=26.6 hum=49.8 pm25=-1.0 co2=373 tvoc_raw=30991 nox_raw=15733 pres=973.4
I (2604870) Orchestrator: display update done
I (2607220) Orchestrator: sensor_data: temp=26.5 hum=49.5 pm25=-1.0 co2=373 tvoc_raw=30991 nox_raw=15733 pres=973.4
I (2607230) Orchestrator: display update done
I (2608220) Orchestrator: sensor_data: temp=26.5 hum=49.4 pm25=-1.0 co2=372 tvoc_raw=30991 nox_raw=15733 pres=973.4
I (2608230) Orchestrator: display update done
I (2609220) Orchestrator: sensor_data: temp=26.5 hum=49.4 pm25=-1.0 co2=372 tvoc_raw=30991 nox_raw=15733 pres=973.4
I (2609230) Orchestrator: display update done
I (2610220) Orchestrator: sensor_data: temp=26.5 hum=49.3 pm25=-1.0 co2=372 tvoc_raw=30991 nox_raw=15733 pres=973.4
I (2610230) Orchestrator: display update done
I (2610860) PowerService: BMS  chg=FastCharge en=1 chg_dis=0 src=UnknownAdapter vbus=4.64V ibus=674mA ibat=+740mA vsys=3820mV vpmid=4597mV tdie=34°C
I (2610860) PowerService: FG   SOC=34% V=3.783V I=+737mA P=+2788mW rem=773/2300mAh T=31.2°C [FC=0 CHG=1 DSG=0 OCV=1 ITPOR=0 CFGUP=0 BATDET=1] src=FG
I (2610880) PowerService: FG-LRN QMAX_UP=1 RES_UP=0 VOK=1 | V=3783mV FLAT(Qmax-invalid)
W (2610890) PowerService: BMS regulation: treg=0 vsys=0 iindpm=0 vindpm=1 safety=0 wd=0
I (2611220) Orchestrator: sensor_data: temp=26.5 hum=49.3 pm25=-1.0 co2=372 tvoc_raw=30991 nox_raw=15733 pres=973.4
I (2611230) Orchestrator: display update done
I (2612220) Orchestrator: sensor_data: temp=26.4 hum=49.3 pm25=-1.0 co2=373 tvoc_raw=30991 nox_raw=15733 pres=973.4
I (2612230) Orchestrator: display update done
I (2613220) Orchestrator: sensor_data: temp=26.5 hum=49.2 pm25=-1.0 co2=373 tvoc_raw=30991 nox_raw=15733 pres=973.4
I (2613230) Orchestrator: display update done
I (2614220) Orchestrator: sensor_data: temp=26.5 hum=49.0 pm25=-1.0 co2=373 tvoc_raw=30991 nox_raw=15733 pres=973.4
I (2614230) Orchestrator: display update done
I (2615220) Orchestrator: sensor_data: temp=26.5 hum=49.0 pm25=-1.0 co2=373 tvoc_raw=30991 nox_raw=15733 pres=973.4
I (2615230) Orchestrator: display update done
I (2616220) Orchestrator: sensor_data: temp=26.5 hum=49.0 pm25=-1.0 co2=373 tvoc_raw=30991 nox_raw=15733 pres=973.4
I (2616230) Orchestrator: display update done
I (2617220) Orchestrator: sensor_data: temp=26.5 hum=48.9 pm25=-1.0 co2=373 tvoc_raw=30991 nox_raw=15733 pres=973.4
I (2617230) Orchestrator: display update done
I (2618220) Orchestrator: sensor_data: temp=26.5 hum=49.0 pm25=-1.0 co2=372 tvoc_raw=30991 nox_raw=15733 pres=973.4
I (2618230) Orchestrator: display update done
I (2619220) Orchestrator: sensor_data: temp=26.5 hum=49.1 pm25=-1.0 co2=372 tvoc_raw=30991 nox_raw=15733 pres=973.4
I (2619230) Orchestrator: display update done
I (2620220) Orchestrator: sensor_data: temp=26.5 hum=49.2 pm25=-1.0 co2=372 tvoc_raw=30991 nox_raw=15733 pres=973.4
I (2620230) Orchestrator: display update done
I (2620900) PowerService: BMS  chg=FastCharge en=1 chg_dis=0 src=UnknownAdapter vbus=4.64V ibus=672mA ibat=+740mA vsys=3822mV vpmid=4597mV tdie=34°C
I (2620900) PowerService: FG   SOC=34% V=3.783V I=+737mA P=+2788mW rem=775/2300mAh T=31.2°C [FC=0 CHG=1 DSG=0 OCV=1 ITPOR=0 CFGUP=0 BATDET=1] src=FG
I (2620920) PowerService: FG-LRN QMAX_UP=1 RES_UP=0 VOK=1 | V=3783mV FLAT(Qmax-invalid)
W (2620920) PowerService: BMS regulation: treg=0 vsys=0 iindpm=0 vindpm=1 safety=0 wd=0
I (2621220) Orchestrator: sensor_data: temp=26.5 hum=49.1 pm25=-1.0 co2=372 tvoc_raw=30991 nox_raw=15733 pres=973.4
I (2621230) Orchestrator: display update done
I (2622220) Orchestrator: sensor_data: temp=26.5 hum=49.0 pm25=-1.0 co2=372 tvoc_raw=30991 nox_raw=15733 pres=973.4
I (2622230) Orchestrator: display update done
I (2623220) Orchestrator: sensor_data: temp=26.5 hum=48.8 pm25=-1.0 co2=372 tvoc_raw=30991 nox_raw=15733 pres=973.4
I (2623230) Orchestrator: display update done
I (2624220) Orchestrator: sensor_data: temp=26.5 hum=48.8 pm25=-1.0 co2=372 tvoc_raw=30991 nox_raw=15733 pres=973.4
I (2624230) Orchestrator: display update done
I (2625220) Orchestrator: sensor_data: temp=26.5 hum=48.7 pm25=-1.0 co2=372 tvoc_raw=30991 nox_raw=15733 pres=973.4
I (2625230) Orchestrator: display update done
I (2626220) Orchestrator: sensor_data: temp=26.5 hum=48.7 pm25=-1.0 co2=372 tvoc_raw=30991 nox_raw=15733 pres=973.4
I (2626230) Orchestrator: display update done
I (2627220) Orchestrator: sensor_data: temp=26.5 hum=48.7 pm25=-1.0 co2=372 tvoc_raw=30991 nox_raw=15733 pres=973.4
I (2627230) Orchestrator: display update done
I (2629580) Orchestrator: sensor_data: temp=26.4 hum=48.5 pm25=-1.0 co2=372 tvoc_raw=30991 nox_raw=15733 pres=973.4
I (2629590) Orchestrator: display update done
I (2630580) Orchestrator: sensor_data: temp=26.5 hum=48.3 pm25=-1.0 co2=372 tvoc_raw=30991 nox_raw=15733 pres=973.4
I (2630590) Orchestrator: display update done
I (2631220) PowerService: BMS  chg=FastCharge en=1 chg_dis=0 src=UnknownAdapter vbus=4.64V ibus=674mA ibat=+736mA vsys=3822mV vpmid=4597mV tdie=34°C
I (2631220) PowerService: FG   SOC=34% V=3.781V I=+737mA P=+2787mW rem=777/2300mAh T=31.2°C [FC=0 CHG=1 DSG=0 OCV=1 ITPOR=0 CFGUP=0 BATDET=1] src=FG
I (2631240) PowerService: FG-LRN QMAX_UP=1 RES_UP=0 VOK=1 | V=3781mV FLAT(Qmax-invalid)
W 
